run_id,task_id,label,outer_fold,combo,p_base,p_full,p_chaos
20241029_OpenHands-CodeAct-2.1-sonnet-20241022/django__django-10097,django__django-10097,1,0,"('step', 'norm', 30, 4)",0.42124768375540456,0.40119030552289087,0.40119030552289087
20241029_OpenHands-CodeAct-2.1-sonnet-20241022/django__django-12262,django__django-12262,1,0,"('step', 'norm', 30, 4)",0.42124768375540456,0.42814009593565844,0.42814009593565844
20241029_OpenHands-CodeAct-2.1-sonnet-20241022/django__django-12406,django__django-12406,1,0,"('step', 'norm', 30, 4)",0.42124768375540456,0.41715417474938293,0.41715417474938293
20241029_OpenHands-CodeAct-2.1-sonnet-20241022/django__django-15503,django__django-15503,1,0,"('step', 'norm', 30, 4)",0.42124768375540456,0.4245275934747996,0.4245275934747996
20241029_OpenHands-CodeAct-2.1-sonnet-20241022/django__django-15732,django__django-15732,1,0,"('step', 'norm', 30, 4)",0.42124768375540456,0.4269737661946409,0.4269737661946409
20241029_OpenHands-CodeAct-2.1-sonnet-20241022/django__django-15957,django__django-15957,1,0,"('step', 'norm', 30, 4)",0.42124768375540456,0.4210754527986182,0.4210754527986182
20241029_OpenHands-CodeAct-2.1-sonnet-20241022/pydata__xarray-6599,pydata__xarray-6599,1,0,"('step', 'norm', 30, 4)",0.42124768375540456,0.4274606563457029,0.4274606563457029
20241029_OpenHands-CodeAct-2.1-sonnet-20241022/pydata__xarray-7229,pydata__xarray-7229,1,0,"('step', 'norm', 30, 4)",0.42124768375540456,0.43056549950679895,0.43056549950679895
20241029_OpenHands-CodeAct-2.1-sonnet-20241022/pylint-dev__pylint-4604,pylint-dev__pylint-4604,1,0,"('step', 'norm', 30, 4)",0.42124768375540456,0.42075578505402883,0.42075578505402883
20241029_OpenHands-CodeAct-2.1-sonnet-20241022/pytest-dev__pytest-7236,pytest-dev__pytest-7236,1,0,"('step', 'norm', 30, 4)",0.42124768375540456,0.4263221052424619,0.4263221052424619
20241029_OpenHands-CodeAct-2.1-sonnet-20241022/sphinx-doc__sphinx-10323,sphinx-doc__sphinx-10323,1,0,"('step', 'norm', 30, 4)",0.42124768375540456,0.42075578505402883,0.42075578505402883
20241029_OpenHands-CodeAct-2.1-sonnet-20241022/sphinx-doc__sphinx-8638,sphinx-doc__sphinx-8638,1,0,"('step', 'norm', 30, 4)",0.42124768375540456,0.42075578505402883,0.42075578505402883
20241029_OpenHands-CodeAct-2.1-sonnet-20241022/sympy__sympy-16597,sympy__sympy-16597,1,0,"('step', 'norm', 30, 4)",0.42124768375540456,0.4250590546340759,0.4250590546340759
20241029_OpenHands-CodeAct-2.1-sonnet-20241022/sympy__sympy-20428,sympy__sympy-20428,1,0,"('step', 'norm', 30, 4)",0.42124768375540456,0.4285872358237291,0.4285872358237291
20241029_OpenHands-CodeAct-2.1-sonnet-20241022/sympy__sympy-22080,sympy__sympy-22080,1,0,"('step', 'norm', 30, 4)",0.42124768375540456,0.42384097938361603,0.42384097938361603
20241029_OpenHands-CodeAct-2.1-sonnet-20241022/sympy__sympy-23413,sympy__sympy-23413,1,0,"('step', 'norm', 30, 4)",0.42124768375540456,0.4285872358237291,0.4285872358237291
20241029_OpenHands-CodeAct-2.1-sonnet-20241022/django__django-11095,django__django-11095,0,0,"('step', 'norm', 30, 4)",0.42124768375540456,0.4245275934747996,0.4245275934747996
20241029_OpenHands-CodeAct-2.1-sonnet-20241022/django__django-12304,django__django-12304,0,0,"('step', 'norm', 30, 4)",0.42124768375540456,0.4238409793836163,0.4238409793836163
20241029_OpenHands-CodeAct-2.1-sonnet-20241022/django__django-12663,django__django-12663,0,0,"('step', 'norm', 30, 4)",0.42124768375540456,0.42298992943316566,0.42298992943316566
20241029_OpenHands-CodeAct-2.1-sonnet-20241022/django__django-12713,django__django-12713,0,0,"('step', 'norm', 30, 4)",0.42124768375540456,0.42075578505402883,0.42075578505402883
20241029_OpenHands-CodeAct-2.1-sonnet-20241022/django__django-12858,django__django-12858,0,0,"('step', 'norm', 30, 4)",0.42124768375540456,0.42291421515079775,0.42291421515079775
20241029_OpenHands-CodeAct-2.1-sonnet-20241022/django__django-13158,django__django-13158,0,0,"('step', 'norm', 30, 4)",0.42124768375540456,0.4212525721005006,0.4212525721005006
20241029_OpenHands-CodeAct-2.1-sonnet-20241022/django__django-15128,django__django-15128,0,0,"('step', 'norm', 30, 4)",0.42124768375540456,0.4217087110852184,0.4217087110852184
20241029_OpenHands-CodeAct-2.1-sonnet-20241022/django__django-16661,django__django-16661,0,0,"('step', 'norm', 30, 4)",0.42124768375540456,0.4193803545402867,0.4193803545402867
20241029_OpenHands-CodeAct-2.1-sonnet-20241022/psf__requests-1142,psf__requests-1142,0,0,"('step', 'norm', 30, 4)",0.42124768375540456,0.4212525721005006,0.4212525721005006
20250415_openhands/django__django-11206,django__django-11206,1,0,"('step', 'norm', 30, 4)",0.42124768375540456,0.4212525721005006,0.4212525721005006
20250415_openhands/django__django-12406,django__django-12406,1,0,"('step', 'norm', 30, 4)",0.42124768375540456,0.425763190317272,0.425763190317272
20250415_openhands/django__django-12663,django__django-12663,1,0,"('step', 'norm', 30, 4)",0.42124768375540456,0.41715417474938293,0.41715417474938293
20250415_openhands/django__django-13158,django__django-13158,1,0,"('step', 'norm', 30, 4)",0.42124768375540456,0.4315451319187224,0.4315451319187224
20250415_openhands/django__django-15503,django__django-15503,1,0,"('step', 'norm', 30, 4)",0.42124768375540456,0.4245275934747996,0.4245275934747996
20250415_openhands/django__django-15732,django__django-15732,1,0,"('step', 'norm', 30, 4)",0.42124768375540456,0.4212525721005006,0.4212525721005006
20250415_openhands/django__django-15957,django__django-15957,1,0,"('step', 'norm', 30, 4)",0.42124768375540456,0.4066141577259091,0.4066141577259091
20250415_openhands/matplotlib__matplotlib-25775,matplotlib__matplotlib-25775,1,0,"('step', 'norm', 30, 4)",0.42124768375540456,0.4230317413512451,0.4230317413512451
20250415_openhands/pydata__xarray-6599,pydata__xarray-6599,1,0,"('step', 'norm', 30, 4)",0.42124768375540456,0.4168466512752079,0.4168466512752079
20250415_openhands/pydata__xarray-7229,pydata__xarray-7229,1,0,"('step', 'norm', 30, 4)",0.42124768375540456,0.4217797964798204,0.4217797964798204
20250415_openhands/pylint-dev__pylint-4604,pylint-dev__pylint-4604,1,0,"('step', 'norm', 30, 4)",0.42124768375540456,0.42521065628050053,0.42521065628050053
20250415_openhands/pylint-dev__pylint-4970,pylint-dev__pylint-4970,1,0,"('step', 'norm', 30, 4)",0.42124768375540456,0.4212525721005006,0.4212525721005006
20250415_openhands/pylint-dev__pylint-6386,pylint-dev__pylint-6386,1,0,"('step', 'norm', 30, 4)",0.42124768375540456,0.4307762944846791,0.4307762944846791
20250415_openhands/scikit-learn__scikit-learn-14983,scikit-learn__scikit-learn-14983,1,0,"('step', 'norm', 30, 4)",0.42124768375540456,0.4221644507334294,0.4221644507334294
20250415_openhands/sphinx-doc__sphinx-11510,sphinx-doc__sphinx-11510,1,0,"('step', 'norm', 30, 4)",0.42124768375540456,0.42746065634570285,0.42746065634570285
20250415_openhands/sphinx-doc__sphinx-7462,sphinx-doc__sphinx-7462,1,0,"('step', 'norm', 30, 4)",0.42124768375540456,0.42075578505402883,0.42075578505402883
20250415_openhands/sphinx-doc__sphinx-8551,sphinx-doc__sphinx-8551,1,0,"('step', 'norm', 30, 4)",0.42124768375540456,0.4168466512752079,0.4168466512752079
20250415_openhands/sphinx-doc__sphinx-8638,sphinx-doc__sphinx-8638,1,0,"('step', 'norm', 30, 4)",0.42124768375540456,0.4168466512752079,0.4168466512752079
20250415_openhands/sympy__sympy-16597,sympy__sympy-16597,1,0,"('step', 'norm', 30, 4)",0.42124768375540456,0.42609707050598844,0.42609707050598844
20250415_openhands/sympy__sympy-17630,sympy__sympy-17630,1,0,"('step', 'norm', 30, 4)",0.42124768375540456,0.42681705610170195,0.42681705610170195
20250415_openhands/sympy__sympy-20428,sympy__sympy-20428,1,0,"('step', 'norm', 30, 4)",0.42124768375540456,0.42746065634570285,0.42746065634570285
20250415_openhands/sympy__sympy-22080,sympy__sympy-22080,1,0,"('step', 'norm', 30, 4)",0.42124768375540456,0.4212525721005006,0.4212525721005006
20250415_openhands/sympy__sympy-23413,sympy__sympy-23413,1,0,"('step', 'norm', 30, 4)",0.42124768375540456,0.42075578505402883,0.42075578505402883
20250415_openhands/astropy__astropy-12907,astropy__astropy-12907,0,0,"('step', 'norm', 30, 4)",0.42124768375540456,0.419940445435939,0.419940445435939
20250415_openhands/django__django-10097,django__django-10097,0,0,"('step', 'norm', 30, 4)",0.42124768375540456,0.42444759357282985,0.42444759357282985
20250415_openhands/django__django-11095,django__django-11095,0,0,"('step', 'norm', 30, 4)",0.42124768375540456,0.42384097938361603,0.42384097938361603
20250415_openhands/django__django-11999,django__django-11999,0,0,"('step', 'norm', 30, 4)",0.42124768375540456,0.42505905463407584,0.42505905463407584
20250415_openhands/django__django-12209,django__django-12209,0,0,"('step', 'norm', 30, 4)",0.42124768375540456,0.4187797419061409,0.4187797419061409
20250415_openhands/django__django-12262,django__django-12262,0,0,"('step', 'norm', 30, 4)",0.42124768375540456,0.4305996393299478,0.4305996393299478
20250415_openhands/django__django-12273,django__django-12273,0,0,"('step', 'norm', 30, 4)",0.42124768375540456,0.4293669783200536,0.4293669783200536
20250415_openhands/django__django-12276,django__django-12276,0,0,"('step', 'norm', 30, 4)",0.42124768375540456,0.42384097938361603,0.42384097938361603
20250415_openhands/django__django-12304,django__django-12304,0,0,"('step', 'norm', 30, 4)",0.42124768375540456,0.42746065634570335,0.42746065634570335
20250415_openhands/django__django-12858,django__django-12858,0,0,"('step', 'norm', 30, 4)",0.42124768375540456,0.4153604529245413,0.4153604529245413
20250415_openhands/django__django-13023,django__django-13023,0,0,"('step', 'norm', 30, 4)",0.42124768375540456,0.4252827805972947,0.4252827805972947
20250415_openhands/django__django-14311,django__django-14311,0,0,"('step', 'norm', 30, 4)",0.42124768375540456,0.4212525721005006,0.4212525721005006
20250415_openhands/django__django-14404,django__django-14404,0,0,"('step', 'norm', 30, 4)",0.42124768375540456,0.4251736026740208,0.4251736026740208
20250415_openhands/django__django-14434,django__django-14434,0,0,"('step', 'norm', 30, 4)",0.42124768375540456,0.42291421515079775,0.42291421515079775
20250415_openhands/django__django-14999,django__django-14999,0,0,"('step', 'norm', 30, 4)",0.42124768375540456,0.4263715300467874,0.4263715300467874
20250415_openhands/django__django-15128,django__django-15128,0,0,"('step', 'norm', 30, 4)",0.42124768375540456,0.42075578505402883,0.42075578505402883
20250415_openhands/django__django-15278,django__django-15278,0,0,"('step', 'norm', 30, 4)",0.42124768375540456,0.4245275934747996,0.4245275934747996
20250415_openhands/django__django-15499,django__django-15499,0,0,"('step', 'norm', 30, 4)",0.42124768375540456,0.41715417474938293,0.41715417474938293
20250415_openhands/django__django-15916,django__django-15916,0,0,"('step', 'norm', 30, 4)",0.42124768375540456,0.4168466512752079,0.4168466512752079
20250415_openhands/django__django-16661,django__django-16661,0,0,"('step', 'norm', 30, 4)",0.42124768375540456,0.4202183903102493,0.4202183903102493
20250415_openhands/matplotlib__matplotlib-22871,matplotlib__matplotlib-22871,0,0,"('step', 'norm', 30, 4)",0.42124768375540456,0.42609707050598866,0.42609707050598866
20250415_openhands/pytest-dev__pytest-7236,pytest-dev__pytest-7236,0,0,"('step', 'norm', 30, 4)",0.42124768375540456,0.4212525721005006,0.4212525721005006
20250415_openhands/scikit-learn__scikit-learn-11310,scikit-learn__scikit-learn-11310,0,0,"('step', 'norm', 30, 4)",0.42124768375540456,0.4245275934747996,0.4245275934747996
20250415_openhands/scikit-learn__scikit-learn-12973,scikit-learn__scikit-learn-12973,0,0,"('step', 'norm', 30, 4)",0.42124768375540456,0.4168466512752079,0.4168466512752079
20250415_openhands/sphinx-doc__sphinx-7757,sphinx-doc__sphinx-7757,0,0,"('step', 'norm', 30, 4)",0.42124768375540456,0.42075578505402883,0.42075578505402883
20250415_openhands/sphinx-doc__sphinx-8595,sphinx-doc__sphinx-8595,0,0,"('step', 'norm', 30, 4)",0.42124768375540456,0.4293655695191767,0.4293655695191767
20250415_openhands/sphinx-doc__sphinx-8621,sphinx-doc__sphinx-8621,0,0,"('step', 'norm', 30, 4)",0.42124768375540456,0.4282984585248201,0.4282984585248201
20250415_openhands/sphinx-doc__sphinx-9258,sphinx-doc__sphinx-9258,0,0,"('step', 'norm', 30, 4)",0.42124768375540456,0.4317581630378412,0.4317581630378412
20250415_openhands/sympy__sympy-13091,sympy__sympy-13091,0,0,"('step', 'norm', 30, 4)",0.42124768375540456,0.4209399063587577,0.4209399063587577
20250415_openhands/sympy__sympy-15599,sympy__sympy-15599,0,0,"('step', 'norm', 30, 4)",0.42124768375540456,0.4212525721005006,0.4212525721005006
20250415_openhands/sympy__sympy-18211,sympy__sympy-18211,0,0,"('step', 'norm', 30, 4)",0.42124768375540456,0.42637153004678807,0.42637153004678807
20250415_openhands/sympy__sympy-19783,sympy__sympy-19783,0,0,"('step', 'norm', 30, 4)",0.42124768375540456,0.4252106562805004,0.4252106562805004
20250415_openhands/sympy__sympy-20590,sympy__sympy-20590,0,0,"('step', 'norm', 30, 4)",0.42124768375540456,0.41705422656541263,0.41705422656541263
20250520_openhands_devstral_small/astropy__astropy-12907,astropy__astropy-12907,1,0,"('step', 'norm', 30, 4)",0.42124768375540456,0.41649852596417786,0.41649852596417786
20250520_openhands_devstral_small/astropy__astropy-13236,astropy__astropy-13236,1,0,"('step', 'norm', 30, 4)",0.42124768375540456,0.41649852596417786,0.41649852596417786
20250520_openhands_devstral_small/astropy__astropy-14369,astropy__astropy-14369,1,0,"('step', 'norm', 30, 4)",0.42124768375540456,0.4250590546340761,0.4250590546340761
20250520_openhands_devstral_small/django__django-10097,django__django-10097,1,0,"('step', 'norm', 30, 4)",0.42124768375540456,0.42576319031727167,0.42576319031727167
20250520_openhands_devstral_small/django__django-11333,django__django-11333,1,0,"('step', 'norm', 30, 4)",0.42124768375540456,0.4202183903102493,0.4202183903102493
20250520_openhands_devstral_small/django__django-11848,django__django-11848,1,0,"('step', 'norm', 30, 4)",0.42124768375540456,0.42422085906332546,0.42422085906332546
20250520_openhands_devstral_small/django__django-12039,django__django-12039,1,0,"('step', 'norm', 30, 4)",0.42124768375540456,0.4212525721005006,0.4212525721005006
20250520_openhands_devstral_small/django__django-12262,django__django-12262,1,0,"('step', 'norm', 30, 4)",0.42124768375540456,0.42075578505402883,0.42075578505402883
20250520_openhands_devstral_small/django__django-12273,django__django-12273,1,0,"('step', 'norm', 30, 4)",0.42124768375540456,0.4274606563457027,0.4274606563457027
20250520_openhands_devstral_small/django__django-12406,django__django-12406,1,0,"('step', 'norm', 30, 4)",0.42124768375540456,0.42075578505402883,0.42075578505402883
20250520_openhands_devstral_small/django__django-12663,django__django-12663,1,0,"('step', 'norm', 30, 4)",0.42124768375540456,0.4066141577259091,0.4066141577259091
20250520_openhands_devstral_small/django__django-12858,django__django-12858,1,0,"('step', 'norm', 30, 4)",0.42124768375540456,0.4230317413512451,0.4230317413512451
20250520_openhands_devstral_small/django__django-13158,django__django-13158,1,0,"('step', 'norm', 30, 4)",0.42124768375540456,0.4212525721005006,0.4212525721005006
20250520_openhands_devstral_small/django__django-13279,django__django-13279,1,0,"('step', 'norm', 30, 4)",0.42124768375540456,0.4168466512752079,0.4168466512752079
20250520_openhands_devstral_small/django__django-15252,django__django-15252,1,0,"('step', 'norm', 30, 4)",0.42124768375540456,0.42384097938361603,0.42384097938361603
20250520_openhands_devstral_small/django__django-15503,django__django-15503,1,0,"('step', 'norm', 30, 4)",0.42124768375540456,0.4157718760445746,0.4157718760445746
20250520_openhands_devstral_small/django__django-15732,django__django-15732,1,0,"('step', 'norm', 30, 4)",0.42124768375540456,0.4245275934747996,0.4245275934747996
20250520_openhands_devstral_small/django__django-15916,django__django-15916,1,0,"('step', 'norm', 30, 4)",0.42124768375540456,0.4320795019944402,0.4320795019944402
20250520_openhands_devstral_small/django__django-15957,django__django-15957,1,0,"('step', 'norm', 30, 4)",0.42124768375540456,0.4171505758527849,0.4171505758527849
20250520_openhands_devstral_small/django__django-16661,django__django-16661,1,0,"('step', 'norm', 30, 4)",0.42124768375540456,0.42411945631722053,0.42411945631722053
20250520_openhands_devstral_small/matplotlib__matplotlib-22871,matplotlib__matplotlib-22871,1,0,"('step', 'norm', 30, 4)",0.42124768375540456,0.42075578505402883,0.42075578505402883
20250520_openhands_devstral_small/matplotlib__matplotlib-25311,matplotlib__matplotlib-25311,1,0,"('step', 'norm', 30, 4)",0.42124768375540456,0.4197466323822376,0.4197466323822376
20250520_openhands_devstral_small/matplotlib__matplotlib-25332,matplotlib__matplotlib-25332,1,0,"('step', 'norm', 30, 4)",0.42124768375540456,0.4202183903102493,0.4202183903102493
20250520_openhands_devstral_small/matplotlib__matplotlib-25775,matplotlib__matplotlib-25775,1,0,"('step', 'norm', 30, 4)",0.42124768375540456,0.4251736026740208,0.4251736026740208
20250520_openhands_devstral_small/pydata__xarray-6599,pydata__xarray-6599,1,0,"('step', 'norm', 30, 4)",0.42124768375540456,0.427809959796137,0.427809959796137
20250520_openhands_devstral_small/pydata__xarray-7229,pydata__xarray-7229,1,0,"('step', 'norm', 30, 4)",0.42124768375540456,0.4153604529245413,0.4153604529245413
20250520_openhands_devstral_small/pylint-dev__pylint-4604,pylint-dev__pylint-4604,1,0,"('step', 'norm', 30, 4)",0.42124768375540456,0.416498525964178,0.416498525964178
20250520_openhands_devstral_small/pylint-dev__pylint-4970,pylint-dev__pylint-4970,1,0,"('step', 'norm', 30, 4)",0.42124768375540456,0.41112252446161945,0.41112252446161945
20250520_openhands_devstral_small/pytest-dev__pytest-7236,pytest-dev__pytest-7236,1,0,"('step', 'norm', 30, 4)",0.42124768375540456,0.4285872358237291,0.4285872358237291
20250520_openhands_devstral_small/scikit-learn__scikit-learn-25973,scikit-learn__scikit-learn-25973,1,0,"('step', 'norm', 30, 4)",0.42124768375540456,0.42384097938361603,0.42384097938361603
20250520_openhands_devstral_small/sphinx-doc__sphinx-11510,sphinx-doc__sphinx-11510,1,0,"('step', 'norm', 30, 4)",0.42124768375540456,0.4278099597961372,0.4278099597961372
20250520_openhands_devstral_small/sphinx-doc__sphinx-7757,sphinx-doc__sphinx-7757,1,0,"('step', 'norm', 30, 4)",0.42124768375540456,0.4066141577259091,0.4066141577259091
20250520_openhands_devstral_small/sphinx-doc__sphinx-8551,sphinx-doc__sphinx-8551,1,0,"('step', 'norm', 30, 4)",0.42124768375540456,0.41845626695309945,0.41845626695309945
20250520_openhands_devstral_small/sphinx-doc__sphinx-8621,sphinx-doc__sphinx-8621,1,0,"('step', 'norm', 30, 4)",0.42124768375540456,0.4004053559766986,0.4004053559766986
20250520_openhands_devstral_small/sphinx-doc__sphinx-8638,sphinx-doc__sphinx-8638,1,0,"('step', 'norm', 30, 4)",0.42124768375540456,0.42505905463407584,0.42505905463407584
20250520_openhands_devstral_small/sphinx-doc__sphinx-9258,sphinx-doc__sphinx-9258,1,0,"('step', 'norm', 30, 4)",0.42124768375540456,0.42814009593565844,0.42814009593565844
20250520_openhands_devstral_small/sympy__sympy-13091,sympy__sympy-13091,1,0,"('step', 'norm', 30, 4)",0.42124768375540456,0.41377361129510815,0.41377361129510815
20250520_openhands_devstral_small/sympy__sympy-13798,sympy__sympy-13798,1,0,"('step', 'norm', 30, 4)",0.42124768375540456,0.4245275934747996,0.4245275934747996
20250520_openhands_devstral_small/sympy__sympy-13877,sympy__sympy-13877,1,0,"('step', 'norm', 30, 4)",0.42124768375540456,0.4119608718026374,0.4119608718026374
20250520_openhands_devstral_small/sympy__sympy-17630,sympy__sympy-17630,1,0,"('step', 'norm', 30, 4)",0.42124768375540456,0.41715417474938293,0.41715417474938293
20250520_openhands_devstral_small/sympy__sympy-18211,sympy__sympy-18211,1,0,"('step', 'norm', 30, 4)",0.42124768375540456,0.42362347775726245,0.42362347775726245
20250520_openhands_devstral_small/sympy__sympy-19783,sympy__sympy-19783,1,0,"('step', 'norm', 30, 4)",0.42124768375540456,0.41769269009822924,0.41769269009822924
20250520_openhands_devstral_small/sympy__sympy-20428,sympy__sympy-20428,1,0,"('step', 'norm', 30, 4)",0.42124768375540456,0.4221644507334297,0.4221644507334297
20250520_openhands_devstral_small/sympy__sympy-22080,sympy__sympy-22080,1,0,"('step', 'norm', 30, 4)",0.42124768375540456,0.4221644507334296,0.4221644507334296
20250520_openhands_devstral_small/sympy__sympy-23413,sympy__sympy-23413,1,0,"('step', 'norm', 30, 4)",0.42124768375540456,0.42609707050598866,0.42609707050598866
20250520_openhands_devstral_small/sympy__sympy-24066,sympy__sympy-24066,1,0,"('step', 'norm', 30, 4)",0.42124768375540456,0.4168466512752079,0.4168466512752079
20250520_openhands_devstral_small/django__django-11095,django__django-11095,0,0,"('step', 'norm', 30, 4)",0.42124768375540456,0.4245275934747996,0.4245275934747996
20250520_openhands_devstral_small/django__django-11603,django__django-11603,0,0,"('step', 'norm', 30, 4)",0.42124768375540456,0.4230469704733601,0.4230469704733601
20250520_openhands_devstral_small/django__django-11999,django__django-11999,0,0,"('step', 'norm', 30, 4)",0.42124768375540456,0.4269737661946409,0.4269737661946409
20250520_openhands_devstral_small/django__django-12050,django__django-12050,0,0,"('step', 'norm', 30, 4)",0.42124768375540456,0.42697376619464056,0.42697376619464056
20250520_openhands_devstral_small/django__django-12143,django__django-12143,0,0,"('step', 'norm', 30, 4)",0.42124768375540456,0.42075578505402883,0.42075578505402883
20250520_openhands_devstral_small/django__django-12209,django__django-12209,0,0,"('step', 'norm', 30, 4)",0.42124768375540456,0.4251736026740208,0.4251736026740208
20250520_openhands_devstral_small/django__django-12276,django__django-12276,0,0,"('step', 'norm', 30, 4)",0.42124768375540456,0.4007749406973326,0.4007749406973326
20250520_openhands_devstral_small/django__django-12304,django__django-12304,0,0,"('step', 'norm', 30, 4)",0.42124768375540456,0.4250590546340759,0.4250590546340759
20250520_openhands_devstral_small/django__django-12713,django__django-12713,0,0,"('step', 'norm', 30, 4)",0.42124768375540456,0.41905667123737134,0.41905667123737134
20250520_openhands_devstral_small/django__django-13023,django__django-13023,0,0,"('step', 'norm', 30, 4)",0.42124768375540456,0.4212525721005006,0.4212525721005006
20250520_openhands_devstral_small/django__django-14404,django__django-14404,0,0,"('step', 'norm', 30, 4)",0.42124768375540456,0.42120297819455477,0.42120297819455477
20250520_openhands_devstral_small/django__django-14915,django__django-14915,0,0,"('step', 'norm', 30, 4)",0.42124768375540456,0.41610982827423226,0.41610982827423226
20250520_openhands_devstral_small/django__django-14999,django__django-14999,0,0,"('step', 'norm', 30, 4)",0.42124768375540456,0.4168466512752079,0.4168466512752079
20250520_openhands_devstral_small/django__django-15128,django__django-15128,0,0,"('step', 'norm', 30, 4)",0.42124768375540456,0.430581974003197,0.430581974003197
20250520_openhands_devstral_small/django__django-15278,django__django-15278,0,0,"('step', 'norm', 30, 4)",0.42124768375540456,0.4066141577259091,0.4066141577259091
20250520_openhands_devstral_small/django__django-15499,django__django-15499,0,0,"('step', 'norm', 30, 4)",0.42124768375540456,0.4245275934747996,0.4245275934747996
20250520_openhands_devstral_small/pytest-dev__pytest-7982,pytest-dev__pytest-7982,0,0,"('step', 'norm', 30, 4)",0.42124768375540456,0.42384097938361603,0.42384097938361603
20250520_openhands_devstral_small/scikit-learn__scikit-learn-11310,scikit-learn__scikit-learn-11310,0,0,"('step', 'norm', 30, 4)",0.42124768375540456,0.42415638172737635,0.42415638172737635
20250520_openhands_devstral_small/scikit-learn__scikit-learn-25232,scikit-learn__scikit-learn-25232,0,0,"('step', 'norm', 30, 4)",0.42124768375540456,0.4168466512752079,0.4168466512752079
20250520_openhands_devstral_small/sphinx-doc__sphinx-8595,sphinx-doc__sphinx-8595,0,0,"('step', 'norm', 30, 4)",0.42124768375540456,0.41715417474938293,0.41715417474938293
20250520_openhands_devstral_small/sphinx-doc__sphinx-9281,sphinx-doc__sphinx-9281,0,0,"('step', 'norm', 30, 4)",0.42124768375540456,0.42384097938361603,0.42384097938361603
20250520_openhands_devstral_small/sympy__sympy-20590,sympy__sympy-20590,0,0,"('step', 'norm', 30, 4)",0.42124768375540456,0.4259582788779704,0.4259582788779704
20250520_openhands_devstral_small/sympy__sympy-23534,sympy__sympy-23534,0,0,"('step', 'norm', 30, 4)",0.42124768375540456,0.4245275934747996,0.4245275934747996
20250520_openhands_devstral_small/sympy__sympy-24213,sympy__sympy-24213,0,0,"('step', 'norm', 30, 4)",0.42124768375540456,0.42291421515079775,0.42291421515079775
20250524_openhands_claude_4_sonnet/astropy__astropy-13236,astropy__astropy-13236,1,0,"('step', 'norm', 30, 4)",0.42124768375540456,0.4245275934747996,0.4245275934747996
20250524_openhands_claude_4_sonnet/astropy__astropy-7606,astropy__astropy-7606,1,0,"('step', 'norm', 30, 4)",0.42124768375540456,0.4269737661946409,0.4269737661946409
20250524_openhands_claude_4_sonnet/django__django-11848,django__django-11848,1,0,"('step', 'norm', 30, 4)",0.42124768375540456,0.42384097938361603,0.42384097938361603
20250524_openhands_claude_4_sonnet/django__django-12406,django__django-12406,1,0,"('step', 'norm', 30, 4)",0.42124768375540456,0.4285095083167085,0.4285095083167085
20250524_openhands_claude_4_sonnet/django__django-12663,django__django-12663,1,0,"('step', 'norm', 30, 4)",0.42124768375540456,0.4181386580242775,0.4181386580242775
20250524_openhands_claude_4_sonnet/django__django-14404,django__django-14404,1,0,"('step', 'norm', 30, 4)",0.42124768375540456,0.42291421515079775,0.42291421515079775
20250524_openhands_claude_4_sonnet/django__django-14434,django__django-14434,1,0,"('step', 'norm', 30, 4)",0.42124768375540456,0.4269737661946409,0.4269737661946409
20250524_openhands_claude_4_sonnet/django__django-15252,django__django-15252,1,0,"('step', 'norm', 30, 4)",0.42124768375540456,0.41649852596417786,0.41649852596417786
20250524_openhands_claude_4_sonnet/django__django-15732,django__django-15732,1,0,"('step', 'norm', 30, 4)",0.42124768375540456,0.4212525721005006,0.4212525721005006
20250524_openhands_claude_4_sonnet/django__django-15957,django__django-15957,1,0,"('step', 'norm', 30, 4)",0.42124768375540456,0.4193803545402867,0.4193803545402867
20250524_openhands_claude_4_sonnet/matplotlib__matplotlib-25332,matplotlib__matplotlib-25332,1,0,"('step', 'norm', 30, 4)",0.42124768375540456,0.4212525721005006,0.4212525721005006
20250524_openhands_claude_4_sonnet/matplotlib__matplotlib-25775,matplotlib__matplotlib-25775,1,0,"('step', 'norm', 30, 4)",0.42124768375540456,0.4168466512752079,0.4168466512752079
20250524_openhands_claude_4_sonnet/psf__requests-1142,psf__requests-1142,1,0,"('step', 'norm', 30, 4)",0.42124768375540456,0.4153604529245413,0.4153604529245413
20250524_openhands_claude_4_sonnet/pydata__xarray-6599,pydata__xarray-6599,1,0,"('step', 'norm', 30, 4)",0.42124768375540456,0.41753652152081194,0.41753652152081194
20250524_openhands_claude_4_sonnet/pydata__xarray-6992,pydata__xarray-6992,1,0,"('step', 'norm', 30, 4)",0.42124768375540456,0.4202879589213513,0.4202879589213513
20250524_openhands_claude_4_sonnet/pydata__xarray-7229,pydata__xarray-7229,1,0,"('step', 'norm', 30, 4)",0.42124768375540456,0.4006423188497673,0.4006423188497673
20250524_openhands_claude_4_sonnet/pylint-dev__pylint-4604,pylint-dev__pylint-4604,1,0,"('step', 'norm', 30, 4)",0.42124768375540456,0.4263221052424619,0.4263221052424619
20250524_openhands_claude_4_sonnet/pylint-dev__pylint-4970,pylint-dev__pylint-4970,1,0,"('step', 'norm', 30, 4)",0.42124768375540456,0.4212525721005006,0.4212525721005006
20250524_openhands_claude_4_sonnet/sphinx-doc__sphinx-11510,sphinx-doc__sphinx-11510,1,0,"('step', 'norm', 30, 4)",0.42124768375540456,0.4121205745127104,0.4121205745127104
20250524_openhands_claude_4_sonnet/sphinx-doc__sphinx-7462,sphinx-doc__sphinx-7462,1,0,"('step', 'norm', 30, 4)",0.42124768375540456,0.4250590546340759,0.4250590546340759
20250524_openhands_claude_4_sonnet/sphinx-doc__sphinx-8595,sphinx-doc__sphinx-8595,1,0,"('step', 'norm', 30, 4)",0.42124768375540456,0.4285095083167085,0.4285095083167085
20250524_openhands_claude_4_sonnet/sphinx-doc__sphinx-8621,sphinx-doc__sphinx-8621,1,0,"('step', 'norm', 30, 4)",0.42124768375540456,0.4212525721005006,0.4212525721005006
20250524_openhands_claude_4_sonnet/sphinx-doc__sphinx-8638,sphinx-doc__sphinx-8638,1,0,"('step', 'norm', 30, 4)",0.42124768375540456,0.4121205745127104,0.4121205745127104
20250524_openhands_claude_4_sonnet/sympy__sympy-13877,sympy__sympy-13877,1,0,"('step', 'norm', 30, 4)",0.42124768375540456,0.4245275934747996,0.4245275934747996
20250524_openhands_claude_4_sonnet/sympy__sympy-15599,sympy__sympy-15599,1,0,"('step', 'norm', 30, 4)",0.42124768375540456,0.42362347775726245,0.42362347775726245
20250524_openhands_claude_4_sonnet/sympy__sympy-16597,sympy__sympy-16597,1,0,"('step', 'norm', 30, 4)",0.42124768375540456,0.4217873140592882,0.4217873140592882
20250524_openhands_claude_4_sonnet/sympy__sympy-17630,sympy__sympy-17630,1,0,"('step', 'norm', 30, 4)",0.42124768375540456,0.42075578505402883,0.42075578505402883
20250524_openhands_claude_4_sonnet/sympy__sympy-20428,sympy__sympy-20428,1,0,"('step', 'norm', 30, 4)",0.42124768375540456,0.41649852596417786,0.41649852596417786
20250524_openhands_claude_4_sonnet/sympy__sympy-22080,sympy__sympy-22080,1,0,"('step', 'norm', 30, 4)",0.42124768375540456,0.41649852596417786,0.41649852596417786
20250524_openhands_claude_4_sonnet/sympy__sympy-23413,sympy__sympy-23413,1,0,"('step', 'norm', 30, 4)",0.42124768375540456,0.4202183903102496,0.4202183903102496
20250524_openhands_claude_4_sonnet/astropy__astropy-12907,astropy__astropy-12907,0,0,"('step', 'norm', 30, 4)",0.42124768375540456,0.4212525721005006,0.4212525721005006
20250524_openhands_claude_4_sonnet/astropy__astropy-14309,astropy__astropy-14309,0,0,"('step', 'norm', 30, 4)",0.42124768375540456,0.41649852596417786,0.41649852596417786
20250524_openhands_claude_4_sonnet/astropy__astropy-14369,astropy__astropy-14369,0,0,"('step', 'norm', 30, 4)",0.42124768375540456,0.4212525721005006,0.4212525721005006
20250524_openhands_claude_4_sonnet/astropy__astropy-14995,astropy__astropy-14995,0,0,"('step', 'norm', 30, 4)",0.42124768375540456,0.4168466512752079,0.4168466512752079
20250524_openhands_claude_4_sonnet/django__django-10097,django__django-10097,0,0,"('step', 'norm', 30, 4)",0.42124768375540456,0.4260970705059888,0.4260970705059888
20250524_openhands_claude_4_sonnet/django__django-11095,django__django-11095,0,0,"('step', 'norm', 30, 4)",0.42124768375540456,0.4231138152029187,0.4231138152029187
20250524_openhands_claude_4_sonnet/django__django-11133,django__django-11133,0,0,"('step', 'norm', 30, 4)",0.42124768375540456,0.4245275934747996,0.4245275934747996
20250524_openhands_claude_4_sonnet/django__django-11206,django__django-11206,0,0,"('step', 'norm', 30, 4)",0.42124768375540456,0.4328940425653759,0.4328940425653759
20250524_openhands_claude_4_sonnet/django__django-11333,django__django-11333,0,0,"('step', 'norm', 30, 4)",0.42124768375540456,0.4285872358237291,0.4285872358237291
20250524_openhands_claude_4_sonnet/django__django-11603,django__django-11603,0,0,"('step', 'norm', 30, 4)",0.42124768375540456,0.4202183903102493,0.4202183903102493
20250524_openhands_claude_4_sonnet/django__django-11999,django__django-11999,0,0,"('step', 'norm', 30, 4)",0.42124768375540456,0.4168466512752079,0.4168466512752079
20250524_openhands_claude_4_sonnet/django__django-12039,django__django-12039,0,0,"('step', 'norm', 30, 4)",0.42124768375540456,0.41946012281566303,0.41946012281566303
20250524_openhands_claude_4_sonnet/django__django-12050,django__django-12050,0,0,"('step', 'norm', 30, 4)",0.42124768375540456,0.4212525721005006,0.4212525721005006
20250524_openhands_claude_4_sonnet/django__django-12143,django__django-12143,0,0,"('step', 'norm', 30, 4)",0.42124768375540456,0.41715417474938293,0.41715417474938293
20250524_openhands_claude_4_sonnet/django__django-12155,django__django-12155,0,0,"('step', 'norm', 30, 4)",0.42124768375540456,0.4259582788779703,0.4259582788779703
20250524_openhands_claude_4_sonnet/django__django-12209,django__django-12209,0,0,"('step', 'norm', 30, 4)",0.42124768375540456,0.42384097938361603,0.42384097938361603
20250524_openhands_claude_4_sonnet/django__django-12262,django__django-12262,0,0,"('step', 'norm', 30, 4)",0.42124768375540456,0.4168466512752079,0.4168466512752079
20250524_openhands_claude_4_sonnet/django__django-12273,django__django-12273,0,0,"('step', 'norm', 30, 4)",0.42124768375540456,0.42075578505402883,0.42075578505402883
20250524_openhands_claude_4_sonnet/django__django-12276,django__django-12276,0,0,"('step', 'norm', 30, 4)",0.42124768375540456,0.42291421515079775,0.42291421515079775
20250524_openhands_claude_4_sonnet/django__django-12304,django__django-12304,0,0,"('step', 'norm', 30, 4)",0.42124768375540456,0.4193803545402867,0.4193803545402867
20250524_openhands_claude_4_sonnet/django__django-12713,django__django-12713,0,0,"('step', 'norm', 30, 4)",0.42124768375540456,0.42746065634570285,0.42746065634570285
20250524_openhands_claude_4_sonnet/django__django-12858,django__django-12858,0,0,"('step', 'norm', 30, 4)",0.42124768375540456,0.4260970705059888,0.4260970705059888
20250524_openhands_claude_4_sonnet/django__django-13023,django__django-13023,0,0,"('step', 'norm', 30, 4)",0.42124768375540456,0.42384097938361603,0.42384097938361603
20250524_openhands_claude_4_sonnet/django__django-13158,django__django-13158,0,0,"('step', 'norm', 30, 4)",0.42124768375540456,0.42291421515079775,0.42291421515079775
20250524_openhands_claude_4_sonnet/django__django-13279,django__django-13279,0,0,"('step', 'norm', 30, 4)",0.42124768375540456,0.4221644507334294,0.4221644507334294
20250524_openhands_claude_4_sonnet/django__django-13670,django__django-13670,0,0,"('step', 'norm', 30, 4)",0.42124768375540456,0.42415638172737635,0.42415638172737635
20250524_openhands_claude_4_sonnet/django__django-13820,django__django-13820,0,0,"('step', 'norm', 30, 4)",0.42124768375540456,0.42291421515079775,0.42291421515079775
20250524_openhands_claude_4_sonnet/django__django-14311,django__django-14311,0,0,"('step', 'norm', 30, 4)",0.42124768375540456,0.4221644507334294,0.4221644507334294
20250524_openhands_claude_4_sonnet/django__django-14915,django__django-14915,0,0,"('step', 'norm', 30, 4)",0.42124768375540456,0.4210754527986182,0.4210754527986182
20250524_openhands_claude_4_sonnet/django__django-14999,django__django-14999,0,0,"('step', 'norm', 30, 4)",0.42124768375540456,0.4212525721005006,0.4212525721005006
20250524_openhands_claude_4_sonnet/django__django-15128,django__django-15128,0,0,"('step', 'norm', 30, 4)",0.42124768375540456,0.42961364839259464,0.42961364839259464
20250524_openhands_claude_4_sonnet/django__django-15278,django__django-15278,0,0,"('step', 'norm', 30, 4)",0.42124768375540456,0.4212525721005006,0.4212525721005006
20250524_openhands_claude_4_sonnet/django__django-15499,django__django-15499,0,0,"('step', 'norm', 30, 4)",0.42124768375540456,0.4251736026740208,0.4251736026740208
20250524_openhands_claude_4_sonnet/django__django-15503,django__django-15503,0,0,"('step', 'norm', 30, 4)",0.42124768375540456,0.4153604529245413,0.4153604529245413
20250524_openhands_claude_4_sonnet/django__django-15916,django__django-15916,0,0,"('step', 'norm', 30, 4)",0.42124768375540456,0.4250590546340759,0.4250590546340759
20250524_openhands_claude_4_sonnet/django__django-16661,django__django-16661,0,0,"('step', 'norm', 30, 4)",0.42124768375540456,0.4221644507334294,0.4221644507334294
20250524_openhands_claude_4_sonnet/matplotlib__matplotlib-22871,matplotlib__matplotlib-22871,0,0,"('step', 'norm', 30, 4)",0.42124768375540456,0.4202879589213513,0.4202879589213513
20250524_openhands_claude_4_sonnet/matplotlib__matplotlib-24149,matplotlib__matplotlib-24149,0,0,"('step', 'norm', 30, 4)",0.42124768375540456,0.4202183903102493,0.4202183903102493
20250524_openhands_claude_4_sonnet/matplotlib__matplotlib-25311,matplotlib__matplotlib-25311,0,0,"('step', 'norm', 30, 4)",0.42124768375540456,0.42075578505402883,0.42075578505402883
20250524_openhands_claude_4_sonnet/pydata__xarray-4075,pydata__xarray-4075,0,0,"('step', 'norm', 30, 4)",0.42124768375540456,0.42384097938361603,0.42384097938361603
20250524_openhands_claude_4_sonnet/pylint-dev__pylint-6386,pylint-dev__pylint-6386,0,0,"('step', 'norm', 30, 4)",0.42124768375540456,0.42687923276779133,0.42687923276779133
20250524_openhands_claude_4_sonnet/pytest-dev__pytest-5262,pytest-dev__pytest-5262,0,0,"('step', 'norm', 30, 4)",0.42124768375540456,0.41536045292454116,0.41536045292454116
20250524_openhands_claude_4_sonnet/pytest-dev__pytest-5631,pytest-dev__pytest-5631,0,0,"('step', 'norm', 30, 4)",0.42124768375540456,0.41610982827423226,0.41610982827423226
20250524_openhands_claude_4_sonnet/pytest-dev__pytest-5809,pytest-dev__pytest-5809,0,0,"('step', 'norm', 30, 4)",0.42124768375540456,0.42304697047336004,0.42304697047336004
20250524_openhands_claude_4_sonnet/pytest-dev__pytest-7236,pytest-dev__pytest-7236,0,0,"('step', 'norm', 30, 4)",0.42124768375540456,0.4168466512752079,0.4168466512752079
20250524_openhands_claude_4_sonnet/pytest-dev__pytest-7982,pytest-dev__pytest-7982,0,0,"('step', 'norm', 30, 4)",0.42124768375540456,0.4230317413512451,0.4230317413512451
20250524_openhands_claude_4_sonnet/scikit-learn__scikit-learn-11310,scikit-learn__scikit-learn-11310,0,0,"('step', 'norm', 30, 4)",0.42124768375540456,0.4238409793836163,0.4238409793836163
20250524_openhands_claude_4_sonnet/scikit-learn__scikit-learn-12973,scikit-learn__scikit-learn-12973,0,0,"('step', 'norm', 30, 4)",0.42124768375540456,0.42291421515079775,0.42291421515079775
20250524_openhands_claude_4_sonnet/scikit-learn__scikit-learn-13439,scikit-learn__scikit-learn-13439,0,0,"('step', 'norm', 30, 4)",0.42124768375540456,0.41946012281566303,0.41946012281566303
20250524_openhands_claude_4_sonnet/scikit-learn__scikit-learn-13496,scikit-learn__scikit-learn-13496,0,0,"('step', 'norm', 30, 4)",0.42124768375540456,0.42075578505402883,0.42075578505402883
20250524_openhands_claude_4_sonnet/scikit-learn__scikit-learn-14983,scikit-learn__scikit-learn-14983,0,0,"('step', 'norm', 30, 4)",0.42124768375540456,0.430581974003197,0.430581974003197
20250524_openhands_claude_4_sonnet/scikit-learn__scikit-learn-25232,scikit-learn__scikit-learn-25232,0,0,"('step', 'norm', 30, 4)",0.42124768375540456,0.41964043198719636,0.41964043198719636
20250524_openhands_claude_4_sonnet/scikit-learn__scikit-learn-25973,scikit-learn__scikit-learn-25973,0,0,"('step', 'norm', 30, 4)",0.42124768375540456,0.42505905463407606,0.42505905463407606
20250524_openhands_claude_4_sonnet/sphinx-doc__sphinx-10323,sphinx-doc__sphinx-10323,0,0,"('step', 'norm', 30, 4)",0.42124768375540456,0.4187797419061409,0.4187797419061409
20250524_openhands_claude_4_sonnet/sphinx-doc__sphinx-10466,sphinx-doc__sphinx-10466,0,0,"('step', 'norm', 30, 4)",0.42124768375540456,0.419940445435939,0.419940445435939
20250524_openhands_claude_4_sonnet/sphinx-doc__sphinx-7757,sphinx-doc__sphinx-7757,0,0,"('step', 'norm', 30, 4)",0.42124768375540456,0.42609707050598866,0.42609707050598866
20250524_openhands_claude_4_sonnet/sphinx-doc__sphinx-8551,sphinx-doc__sphinx-8551,0,0,"('step', 'norm', 30, 4)",0.42124768375540456,0.41649852596417786,0.41649852596417786
20250524_openhands_claude_4_sonnet/sphinx-doc__sphinx-9258,sphinx-doc__sphinx-9258,0,0,"('step', 'norm', 30, 4)",0.42124768375540456,0.42780995979613734,0.42780995979613734
20250524_openhands_claude_4_sonnet/sphinx-doc__sphinx-9281,sphinx-doc__sphinx-9281,0,0,"('step', 'norm', 30, 4)",0.42124768375540456,0.4066141577259091,0.4066141577259091
20250524_openhands_claude_4_sonnet/sympy__sympy-13091,sympy__sympy-13091,0,0,"('step', 'norm', 30, 4)",0.42124768375540456,0.4168466512752079,0.4168466512752079
20250524_openhands_claude_4_sonnet/sympy__sympy-13798,sympy__sympy-13798,0,0,"('step', 'norm', 30, 4)",0.42124768375540456,0.41715417474938293,0.41715417474938293
20250524_openhands_claude_4_sonnet/sympy__sympy-15809,sympy__sympy-15809,0,0,"('step', 'norm', 30, 4)",0.42124768375540456,0.4119608718026374,0.4119608718026374
20250524_openhands_claude_4_sonnet/sympy__sympy-18211,sympy__sympy-18211,0,0,"('step', 'norm', 30, 4)",0.42124768375540456,0.4119608718026374,0.4119608718026374
20250524_openhands_claude_4_sonnet/sympy__sympy-19783,sympy__sympy-19783,0,0,"('step', 'norm', 30, 4)",0.42124768375540456,0.4251736026740208,0.4251736026740208
20250524_openhands_claude_4_sonnet/sympy__sympy-20590,sympy__sympy-20590,0,0,"('step', 'norm', 30, 4)",0.42124768375540456,0.42303174135124516,0.42303174135124516
20250524_openhands_claude_4_sonnet/sympy__sympy-21847,sympy__sympy-21847,0,0,"('step', 'norm', 30, 4)",0.42124768375540456,0.4251736026740208,0.4251736026740208
20250524_openhands_claude_4_sonnet/sympy__sympy-23534,sympy__sympy-23534,0,0,"('step', 'norm', 30, 4)",0.42124768375540456,0.42362347775726245,0.42362347775726245
20250524_openhands_claude_4_sonnet/sympy__sympy-24066,sympy__sympy-24066,0,0,"('step', 'norm', 30, 4)",0.42124768375540456,0.4305996393299477,0.4305996393299477
20250524_openhands_claude_4_sonnet/sympy__sympy-24213,sympy__sympy-24213,0,0,"('step', 'norm', 30, 4)",0.42124768375540456,0.4231138152029187,0.4231138152029187
20250524_openhands_claude_4_sonnet/sympy__sympy-24539,sympy__sympy-24539,0,0,"('step', 'norm', 30, 4)",0.42124768375540456,0.42687923276779116,0.42687923276779116
20250716_openhands_kimi_k2/astropy__astropy-13236,astropy__astropy-13236,1,0,"('step', 'norm', 30, 4)",0.42124768375540456,0.41715417474938293,0.41715417474938293
20250716_openhands_kimi_k2/astropy__astropy-14369,astropy__astropy-14369,1,0,"('step', 'norm', 30, 4)",0.42124768375540456,0.42304697047336004,0.42304697047336004
20250716_openhands_kimi_k2/astropy__astropy-7606,astropy__astropy-7606,1,0,"('step', 'norm', 30, 4)",0.42124768375540456,0.42384097938361603,0.42384097938361603
20250716_openhands_kimi_k2/django__django-11848,django__django-11848,1,0,"('step', 'norm', 30, 4)",0.42124768375540456,0.41715417474938293,0.41715417474938293
20250716_openhands_kimi_k2/django__django-12039,django__django-12039,1,0,"('step', 'norm', 30, 4)",0.42124768375540456,0.4259582788779703,0.4259582788779703
20250716_openhands_kimi_k2/django__django-12273,django__django-12273,1,0,"('step', 'norm', 30, 4)",0.42124768375540456,0.4245275934747996,0.4245275934747996
20250716_openhands_kimi_k2/django__django-12406,django__django-12406,1,0,"('step', 'norm', 30, 4)",0.42124768375540456,0.41769269009822924,0.41769269009822924
20250716_openhands_kimi_k2/django__django-12663,django__django-12663,1,0,"('step', 'norm', 30, 4)",0.42124768375540456,0.4119608718026374,0.4119608718026374
20250716_openhands_kimi_k2/django__django-15252,django__django-15252,1,0,"('step', 'norm', 30, 4)",0.42124768375540456,0.42411945631722053,0.42411945631722053
20250716_openhands_kimi_k2/django__django-15503,django__django-15503,1,0,"('step', 'norm', 30, 4)",0.42124768375540456,0.4251736026740208,0.4251736026740208
20250716_openhands_kimi_k2/django__django-15732,django__django-15732,1,0,"('step', 'norm', 30, 4)",0.42124768375540456,0.4269737661946409,0.4269737661946409
20250716_openhands_kimi_k2/django__django-15916,django__django-15916,1,0,"('step', 'norm', 30, 4)",0.42124768375540456,0.4251736026740208,0.4251736026740208
20250716_openhands_kimi_k2/django__django-15957,django__django-15957,1,0,"('step', 'norm', 30, 4)",0.42124768375540456,0.41649852596417786,0.41649852596417786
20250716_openhands_kimi_k2/matplotlib__matplotlib-22871,matplotlib__matplotlib-22871,1,0,"('step', 'norm', 30, 4)",0.42124768375540456,0.4157718760445746,0.4157718760445746
20250716_openhands_kimi_k2/matplotlib__matplotlib-25311,matplotlib__matplotlib-25311,1,0,"('step', 'norm', 30, 4)",0.42124768375540456,0.427809959796137,0.427809959796137
20250716_openhands_kimi_k2/matplotlib__matplotlib-25332,matplotlib__matplotlib-25332,1,0,"('step', 'norm', 30, 4)",0.42124768375540456,0.4296136483925947,0.4296136483925947
20250716_openhands_kimi_k2/matplotlib__matplotlib-25775,matplotlib__matplotlib-25775,1,0,"('step', 'norm', 30, 4)",0.42124768375540456,0.42930762486934226,0.42930762486934226
20250716_openhands_kimi_k2/psf__requests-1142,psf__requests-1142,1,0,"('step', 'norm', 30, 4)",0.42124768375540456,0.42093795168568465,0.42093795168568465
20250716_openhands_kimi_k2/pydata__xarray-6599,pydata__xarray-6599,1,0,"('step', 'norm', 30, 4)",0.42124768375540456,0.4202183903102493,0.4202183903102493
20250716_openhands_kimi_k2/pydata__xarray-6992,pydata__xarray-6992,1,0,"('step', 'norm', 30, 4)",0.42124768375540456,0.42075578505402883,0.42075578505402883
20250716_openhands_kimi_k2/pydata__xarray-7229,pydata__xarray-7229,1,0,"('step', 'norm', 30, 4)",0.42124768375540456,0.4212525721005006,0.4212525721005006
20250716_openhands_kimi_k2/pylint-dev__pylint-4604,pylint-dev__pylint-4604,1,0,"('step', 'norm', 30, 4)",0.42124768375540456,0.4006423188497673,0.4006423188497673
20250716_openhands_kimi_k2/pylint-dev__pylint-4970,pylint-dev__pylint-4970,1,0,"('step', 'norm', 30, 4)",0.42124768375540456,0.4245275934747996,0.4245275934747996
20250716_openhands_kimi_k2/pylint-dev__pylint-6386,pylint-dev__pylint-6386,1,0,"('step', 'norm', 30, 4)",0.42124768375540456,0.4245275934747996,0.4245275934747996
20250716_openhands_kimi_k2/scikit-learn__scikit-learn-14983,scikit-learn__scikit-learn-14983,1,0,"('step', 'norm', 30, 4)",0.42124768375540456,0.4217797964798206,0.4217797964798206
20250716_openhands_kimi_k2/sphinx-doc__sphinx-11510,sphinx-doc__sphinx-11510,1,0,"('step', 'norm', 30, 4)",0.42124768375540456,0.41685931910259405,0.41685931910259405
20250716_openhands_kimi_k2/sphinx-doc__sphinx-7462,sphinx-doc__sphinx-7462,1,0,"('step', 'norm', 30, 4)",0.42124768375540456,0.4250590546340761,0.4250590546340761
20250716_openhands_kimi_k2/sphinx-doc__sphinx-8621,sphinx-doc__sphinx-8621,1,0,"('step', 'norm', 30, 4)",0.42124768375540456,0.41649852596417786,0.41649852596417786
20250716_openhands_kimi_k2/sphinx-doc__sphinx-8638,sphinx-doc__sphinx-8638,1,0,"('step', 'norm', 30, 4)",0.42124768375540456,0.4245275934747996,0.4245275934747996
20250716_openhands_kimi_k2/sphinx-doc__sphinx-9258,sphinx-doc__sphinx-9258,1,0,"('step', 'norm', 30, 4)",0.42124768375540456,0.4255784127684952,0.4255784127684952
20250716_openhands_kimi_k2/sympy__sympy-13798,sympy__sympy-13798,1,0,"('step', 'norm', 30, 4)",0.42124768375540456,0.427809959796137,0.427809959796137
20250716_openhands_kimi_k2/sympy__sympy-15599,sympy__sympy-15599,1,0,"('step', 'norm', 30, 4)",0.42124768375540456,0.4269737661946409,0.4269737661946409
20250716_openhands_kimi_k2/sympy__sympy-16597,sympy__sympy-16597,1,0,"('step', 'norm', 30, 4)",0.42124768375540456,0.4251736026740208,0.4251736026740208
20250716_openhands_kimi_k2/sympy__sympy-17630,sympy__sympy-17630,1,0,"('step', 'norm', 30, 4)",0.42124768375540456,0.42075578505402883,0.42075578505402883
20250716_openhands_kimi_k2/sympy__sympy-20428,sympy__sympy-20428,1,0,"('step', 'norm', 30, 4)",0.42124768375540456,0.41610982827423226,0.41610982827423226
20250716_openhands_kimi_k2/sympy__sympy-22080,sympy__sympy-22080,1,0,"('step', 'norm', 30, 4)",0.42124768375540456,0.41715417474938293,0.41715417474938293
20250716_openhands_kimi_k2/sympy__sympy-23413,sympy__sympy-23413,1,0,"('step', 'norm', 30, 4)",0.42124768375540456,0.4263715300467874,0.4263715300467874
20250716_openhands_kimi_k2/astropy__astropy-12907,astropy__astropy-12907,0,0,"('step', 'norm', 30, 4)",0.42124768375540456,0.42637153004678796,0.42637153004678796
20250716_openhands_kimi_k2/astropy__astropy-14309,astropy__astropy-14309,0,0,"('step', 'norm', 30, 4)",0.42124768375540456,0.4293669783200536,0.4293669783200536
20250716_openhands_kimi_k2/django__django-10097,django__django-10097,0,0,"('step', 'norm', 30, 4)",0.42124768375540456,0.41666004538384904,0.41666004538384904
20250716_openhands_kimi_k2/django__django-11095,django__django-11095,0,0,"('step', 'norm', 30, 4)",0.42124768375540456,0.42746065634570285,0.42746065634570285
20250716_openhands_kimi_k2/django__django-11133,django__django-11133,0,0,"('step', 'norm', 30, 4)",0.42124768375540456,0.4260970705059888,0.4260970705059888
20250716_openhands_kimi_k2/django__django-11206,django__django-11206,0,0,"('step', 'norm', 30, 4)",0.42124768375540456,0.4251736026740208,0.4251736026740208
20250716_openhands_kimi_k2/django__django-11333,django__django-11333,0,0,"('step', 'norm', 30, 4)",0.42124768375540456,0.42075578505402883,0.42075578505402883
20250716_openhands_kimi_k2/django__django-11603,django__django-11603,0,0,"('step', 'norm', 30, 4)",0.42124768375540456,0.4259582788779704,0.4259582788779704
20250716_openhands_kimi_k2/django__django-11999,django__django-11999,0,0,"('step', 'norm', 30, 4)",0.42124768375540456,0.42075578505402883,0.42075578505402883
20250716_openhands_kimi_k2/django__django-12050,django__django-12050,0,0,"('step', 'norm', 30, 4)",0.42124768375540456,0.42637153004678796,0.42637153004678796
20250716_openhands_kimi_k2/django__django-12143,django__django-12143,0,0,"('step', 'norm', 30, 4)",0.42124768375540456,0.4274606563457029,0.4274606563457029
20250716_openhands_kimi_k2/django__django-12155,django__django-12155,0,0,"('step', 'norm', 30, 4)",0.42124768375540456,0.42075578505402883,0.42075578505402883
20250716_openhands_kimi_k2/django__django-12209,django__django-12209,0,0,"('step', 'norm', 30, 4)",0.42124768375540456,0.4121205745127104,0.4121205745127104
20250716_openhands_kimi_k2/django__django-12262,django__django-12262,0,0,"('step', 'norm', 30, 4)",0.42124768375540456,0.4263715300467874,0.4263715300467874
20250716_openhands_kimi_k2/django__django-12276,django__django-12276,0,0,"('step', 'norm', 30, 4)",0.42124768375540456,0.4278099597961372,0.4278099597961372
20250716_openhands_kimi_k2/django__django-12304,django__django-12304,0,0,"('step', 'norm', 30, 4)",0.42124768375540456,0.4250590546340759,0.4250590546340759
20250716_openhands_kimi_k2/django__django-12713,django__django-12713,0,0,"('step', 'norm', 30, 4)",0.42124768375540456,0.4168466512752079,0.4168466512752079
20250716_openhands_kimi_k2/django__django-12858,django__django-12858,0,0,"('step', 'norm', 30, 4)",0.42124768375540456,0.42075578505402883,0.42075578505402883
20250716_openhands_kimi_k2/django__django-13023,django__django-13023,0,0,"('step', 'norm', 30, 4)",0.42124768375540456,0.423157085632924,0.423157085632924
20250716_openhands_kimi_k2/django__django-13158,django__django-13158,0,0,"('step', 'norm', 30, 4)",0.42124768375540456,0.4250590546340759,0.4250590546340759
20250716_openhands_kimi_k2/django__django-13279,django__django-13279,0,0,"('step', 'norm', 30, 4)",0.42124768375540456,0.41905667123737134,0.41905667123737134
20250716_openhands_kimi_k2/django__django-13820,django__django-13820,0,0,"('step', 'norm', 30, 4)",0.42124768375540456,0.4157718760445746,0.4157718760445746
20250716_openhands_kimi_k2/django__django-14311,django__django-14311,0,0,"('step', 'norm', 30, 4)",0.42124768375540456,0.41715417474938293,0.41715417474938293
20250716_openhands_kimi_k2/django__django-14404,django__django-14404,0,0,"('step', 'norm', 30, 4)",0.42124768375540456,0.4121205745127104,0.4121205745127104
20250716_openhands_kimi_k2/django__django-14434,django__django-14434,0,0,"('step', 'norm', 30, 4)",0.42124768375540456,0.4212525721005006,0.4212525721005006
20250716_openhands_kimi_k2/django__django-14915,django__django-14915,0,0,"('step', 'norm', 30, 4)",0.42124768375540456,0.4168466512752079,0.4168466512752079
20250716_openhands_kimi_k2/django__django-14999,django__django-14999,0,0,"('step', 'norm', 30, 4)",0.42124768375540456,0.4121205745127104,0.4121205745127104
20250716_openhands_kimi_k2/django__django-15128,django__django-15128,0,0,"('step', 'norm', 30, 4)",0.42124768375540456,0.4250590546340759,0.4250590546340759
20250716_openhands_kimi_k2/django__django-15278,django__django-15278,0,0,"('step', 'norm', 30, 4)",0.42124768375540456,0.4217797964798204,0.4217797964798204
20250716_openhands_kimi_k2/django__django-15499,django__django-15499,0,0,"('step', 'norm', 30, 4)",0.42124768375540456,0.42812831596994727,0.42812831596994727
20250716_openhands_kimi_k2/django__django-16661,django__django-16661,0,0,"('step', 'norm', 30, 4)",0.42124768375540456,0.4221644507334294,0.4221644507334294
20250716_openhands_kimi_k2/matplotlib__matplotlib-24149,matplotlib__matplotlib-24149,0,0,"('step', 'norm', 30, 4)",0.42124768375540456,0.427809959796137,0.427809959796137
20250716_openhands_kimi_k2/pydata__xarray-4075,pydata__xarray-4075,0,0,"('step', 'norm', 30, 4)",0.42124768375540456,0.41649852596417786,0.41649852596417786
20250716_openhands_kimi_k2/pytest-dev__pytest-5262,pytest-dev__pytest-5262,0,0,"('step', 'norm', 30, 4)",0.42124768375540456,0.41151994857545937,0.41151994857545937
20250716_openhands_kimi_k2/pytest-dev__pytest-5631,pytest-dev__pytest-5631,0,0,"('step', 'norm', 30, 4)",0.42124768375540456,0.4212525721005006,0.4212525721005006
20250716_openhands_kimi_k2/pytest-dev__pytest-7236,pytest-dev__pytest-7236,0,0,"('step', 'norm', 30, 4)",0.42124768375540456,0.4121205745127104,0.4121205745127104
20250716_openhands_kimi_k2/pytest-dev__pytest-7982,pytest-dev__pytest-7982,0,0,"('step', 'norm', 30, 4)",0.42124768375540456,0.42384097938361603,0.42384097938361603
20250716_openhands_kimi_k2/scikit-learn__scikit-learn-11310,scikit-learn__scikit-learn-11310,0,0,"('step', 'norm', 30, 4)",0.42124768375540456,0.42298992943316566,0.42298992943316566
20250716_openhands_kimi_k2/scikit-learn__scikit-learn-12973,scikit-learn__scikit-learn-12973,0,0,"('step', 'norm', 30, 4)",0.42124768375540456,0.4168466512752079,0.4168466512752079
20250716_openhands_kimi_k2/scikit-learn__scikit-learn-13439,scikit-learn__scikit-learn-13439,0,0,"('step', 'norm', 30, 4)",0.42124768375540456,0.4168466512752079,0.4168466512752079
20250716_openhands_kimi_k2/scikit-learn__scikit-learn-13496,scikit-learn__scikit-learn-13496,0,0,"('step', 'norm', 30, 4)",0.42124768375540456,0.4119608718026374,0.4119608718026374
20250716_openhands_kimi_k2/scikit-learn__scikit-learn-25232,scikit-learn__scikit-learn-25232,0,0,"('step', 'norm', 30, 4)",0.42124768375540456,0.4217087110852184,0.4217087110852184
20250716_openhands_kimi_k2/scikit-learn__scikit-learn-25973,scikit-learn__scikit-learn-25973,0,0,"('step', 'norm', 30, 4)",0.42124768375540456,0.4250590546340759,0.4250590546340759
20250716_openhands_kimi_k2/sphinx-doc__sphinx-10323,sphinx-doc__sphinx-10323,0,0,"('step', 'norm', 30, 4)",0.42124768375540456,0.4263715300467874,0.4263715300467874
20250716_openhands_kimi_k2/sphinx-doc__sphinx-10466,sphinx-doc__sphinx-10466,0,0,"('step', 'norm', 30, 4)",0.42124768375540456,0.4197466323822376,0.4197466323822376
20250716_openhands_kimi_k2/sphinx-doc__sphinx-7757,sphinx-doc__sphinx-7757,0,0,"('step', 'norm', 30, 4)",0.42124768375540456,0.41715417474938293,0.41715417474938293
20250716_openhands_kimi_k2/sphinx-doc__sphinx-8551,sphinx-doc__sphinx-8551,0,0,"('step', 'norm', 30, 4)",0.42124768375540456,0.4220546753131727,0.4220546753131727
20250716_openhands_kimi_k2/sphinx-doc__sphinx-8595,sphinx-doc__sphinx-8595,0,0,"('step', 'norm', 30, 4)",0.42124768375540456,0.4066141577259091,0.4066141577259091
20250716_openhands_kimi_k2/sphinx-doc__sphinx-9281,sphinx-doc__sphinx-9281,0,0,"('step', 'norm', 30, 4)",0.42124768375540456,0.4245275934747996,0.4245275934747996
20250716_openhands_kimi_k2/sympy__sympy-13091,sympy__sympy-13091,0,0,"('step', 'norm', 30, 4)",0.42124768375540456,0.42384097938361603,0.42384097938361603
20250716_openhands_kimi_k2/sympy__sympy-13877,sympy__sympy-13877,0,0,"('step', 'norm', 30, 4)",0.42124768375540456,0.4203902650837715,0.4203902650837715
20250716_openhands_kimi_k2/sympy__sympy-15809,sympy__sympy-15809,0,0,"('step', 'norm', 30, 4)",0.42124768375540456,0.4251736026740208,0.4251736026740208
20250716_openhands_kimi_k2/sympy__sympy-18211,sympy__sympy-18211,0,0,"('step', 'norm', 30, 4)",0.42124768375540456,0.4202183903102496,0.4202183903102496
20250716_openhands_kimi_k2/sympy__sympy-19783,sympy__sympy-19783,0,0,"('step', 'norm', 30, 4)",0.42124768375540456,0.4212525721005006,0.4212525721005006
20250716_openhands_kimi_k2/sympy__sympy-20590,sympy__sympy-20590,0,0,"('step', 'norm', 30, 4)",0.42124768375540456,0.4168466512752079,0.4168466512752079
20250716_openhands_kimi_k2/sympy__sympy-21847,sympy__sympy-21847,0,0,"('step', 'norm', 30, 4)",0.42124768375540456,0.42637153004678796,0.42637153004678796
20250716_openhands_kimi_k2/sympy__sympy-23534,sympy__sympy-23534,0,0,"('step', 'norm', 30, 4)",0.42124768375540456,0.42205467531317253,0.42205467531317253
20250716_openhands_kimi_k2/sympy__sympy-24066,sympy__sympy-24066,0,0,"('step', 'norm', 30, 4)",0.42124768375540456,0.42291421515079775,0.42291421515079775
20250716_openhands_kimi_k2/sympy__sympy-24213,sympy__sympy-24213,0,0,"('step', 'norm', 30, 4)",0.42124768375540456,0.4202183903102493,0.4202183903102493
20250807_openhands_gpt5/astropy__astropy-14369,astropy__astropy-14369,1,0,"('step', 'norm', 30, 4)",0.42124768375540456,0.4230317413512451,0.4230317413512451
20250807_openhands_gpt5/django__django-12273,django__django-12273,1,0,"('step', 'norm', 30, 4)",0.42124768375540456,0.4117606572292589,0.4117606572292589
20250807_openhands_gpt5/django__django-12406,django__django-12406,1,0,"('step', 'norm', 30, 4)",0.42124768375540456,0.4119608718026374,0.4119608718026374
20250807_openhands_gpt5/django__django-15252,django__django-15252,1,0,"('step', 'norm', 30, 4)",0.42124768375540456,0.42930762486934226,0.42930762486934226
20250807_openhands_gpt5/django__django-15916,django__django-15916,1,0,"('step', 'norm', 30, 4)",0.42124768375540456,0.4263715300467874,0.4263715300467874
20250807_openhands_gpt5/django__django-15957,django__django-15957,1,0,"('step', 'norm', 30, 4)",0.42124768375540456,0.4245275934747996,0.4245275934747996
20250807_openhands_gpt5/matplotlib__matplotlib-25775,matplotlib__matplotlib-25775,1,0,"('step', 'norm', 30, 4)",0.42124768375540456,0.41649852596417786,0.41649852596417786
20250807_openhands_gpt5/pydata__xarray-6599,pydata__xarray-6599,1,0,"('step', 'norm', 30, 4)",0.42124768375540456,0.42746065634570285,0.42746065634570285
20250807_openhands_gpt5/pydata__xarray-7229,pydata__xarray-7229,1,0,"('step', 'norm', 30, 4)",0.42124768375540456,0.42362347775726245,0.42362347775726245
20250807_openhands_gpt5/pylint-dev__pylint-4604,pylint-dev__pylint-4604,1,0,"('step', 'norm', 30, 4)",0.42124768375540456,0.42936697832005394,0.42936697832005394
20250807_openhands_gpt5/pylint-dev__pylint-4970,pylint-dev__pylint-4970,1,0,"('step', 'norm', 30, 4)",0.42124768375540456,0.427809959796137,0.427809959796137
20250807_openhands_gpt5/sympy__sympy-13091,sympy__sympy-13091,1,0,"('step', 'norm', 30, 4)",0.42124768375540456,0.4168466512752079,0.4168466512752079
20250807_openhands_gpt5/sympy__sympy-13877,sympy__sympy-13877,1,0,"('step', 'norm', 30, 4)",0.42124768375540456,0.4236234777572625,0.4236234777572625
20250807_openhands_gpt5/sympy__sympy-16597,sympy__sympy-16597,1,0,"('step', 'norm', 30, 4)",0.42124768375540456,0.4212525721005006,0.4212525721005006
20250807_openhands_gpt5/sympy__sympy-20428,sympy__sympy-20428,1,0,"('step', 'norm', 30, 4)",0.42124768375540456,0.42291421515079775,0.42291421515079775
20250807_openhands_gpt5/django__django-11095,django__django-11095,0,0,"('step', 'norm', 30, 4)",0.42124768375540456,0.4121205745127104,0.4121205745127104
20250807_openhands_gpt5/django__django-11333,django__django-11333,0,0,"('step', 'norm', 30, 4)",0.42124768375540456,0.41649852596417786,0.41649852596417786
20250807_openhands_gpt5/django__django-11603,django__django-11603,0,0,"('step', 'norm', 30, 4)",0.42124768375540456,0.42075578505402883,0.42075578505402883
20250807_openhands_gpt5/django__django-11999,django__django-11999,0,0,"('step', 'norm', 30, 4)",0.42124768375540456,0.4245275934747996,0.4245275934747996
20250807_openhands_gpt5/django__django-12039,django__django-12039,0,0,"('step', 'norm', 30, 4)",0.42124768375540456,0.42291421515079775,0.42291421515079775
20250807_openhands_gpt5/django__django-12050,django__django-12050,0,0,"('step', 'norm', 30, 4)",0.42124768375540456,0.41649852596417786,0.41649852596417786
20250807_openhands_gpt5/django__django-12209,django__django-12209,0,0,"('step', 'norm', 30, 4)",0.42124768375540456,0.4119608718026374,0.4119608718026374
20250807_openhands_gpt5/django__django-12262,django__django-12262,0,0,"('step', 'norm', 30, 4)",0.42124768375540456,0.41610982827423226,0.41610982827423226
20250807_openhands_gpt5/django__django-12663,django__django-12663,0,0,"('step', 'norm', 30, 4)",0.42124768375540456,0.4217087110852184,0.4217087110852184
20250807_openhands_gpt5/django__django-12713,django__django-12713,0,0,"('step', 'norm', 30, 4)",0.42124768375540456,0.42780995979613734,0.42780995979613734
20250807_openhands_gpt5/django__django-13158,django__django-13158,0,0,"('step', 'norm', 30, 4)",0.42124768375540456,0.4121205745127104,0.4121205745127104
20250807_openhands_gpt5/django__django-14404,django__django-14404,0,0,"('step', 'norm', 30, 4)",0.42124768375540456,0.41938035454028666,0.41938035454028666
20250807_openhands_gpt5/django__django-14915,django__django-14915,0,0,"('step', 'norm', 30, 4)",0.42124768375540456,0.4119608718026374,0.4119608718026374
20250807_openhands_gpt5/django__django-14999,django__django-14999,0,0,"('step', 'norm', 30, 4)",0.42124768375540456,0.42075578505402883,0.42075578505402883
20250807_openhands_gpt5/django__django-15128,django__django-15128,0,0,"('step', 'norm', 30, 4)",0.42124768375540456,0.4268496159640714,0.4268496159640714
20250807_openhands_gpt5/django__django-15278,django__django-15278,0,0,"('step', 'norm', 30, 4)",0.42124768375540456,0.4245275934747996,0.4245275934747996
20250807_openhands_gpt5/django__django-15499,django__django-15499,0,0,"('step', 'norm', 30, 4)",0.42124768375540456,0.42384097938361603,0.42384097938361603
20250807_openhands_gpt5/django__django-16661,django__django-16661,0,0,"('step', 'norm', 30, 4)",0.42124768375540456,0.41112252446161945,0.41112252446161945
20250807_openhands_gpt5/matplotlib__matplotlib-25311,matplotlib__matplotlib-25311,0,0,"('step', 'norm', 30, 4)",0.42124768375540456,0.42075578505402883,0.42075578505402883
20250807_openhands_gpt5/matplotlib__matplotlib-25332,matplotlib__matplotlib-25332,0,0,"('step', 'norm', 30, 4)",0.42124768375540456,0.4217087110852184,0.4217087110852184
20250807_openhands_gpt5/pylint-dev__pylint-6386,pylint-dev__pylint-6386,0,0,"('step', 'norm', 30, 4)",0.42124768375540456,0.42557841276849556,0.42557841276849556
20250807_openhands_gpt5/pytest-dev__pytest-5262,pytest-dev__pytest-5262,0,0,"('step', 'norm', 30, 4)",0.42124768375540456,0.4245275934747996,0.4245275934747996
20250807_openhands_gpt5/pytest-dev__pytest-7236,pytest-dev__pytest-7236,0,0,"('step', 'norm', 30, 4)",0.42124768375540456,0.4103787804522726,0.4103787804522726
20250807_openhands_gpt5/pytest-dev__pytest-7982,pytest-dev__pytest-7982,0,0,"('step', 'norm', 30, 4)",0.42124768375540456,0.41649852596417786,0.41649852596417786
20250807_openhands_gpt5/scikit-learn__scikit-learn-11310,scikit-learn__scikit-learn-11310,0,0,"('step', 'norm', 30, 4)",0.42124768375540456,0.4245275934747996,0.4245275934747996
20250807_openhands_gpt5/sphinx-doc__sphinx-8551,sphinx-doc__sphinx-8551,0,0,"('step', 'norm', 30, 4)",0.42124768375540456,0.41649852596417786,0.41649852596417786
20250807_openhands_gpt5/sphinx-doc__sphinx-8621,sphinx-doc__sphinx-8621,0,0,"('step', 'norm', 30, 4)",0.42124768375540456,0.4259582788779703,0.4259582788779703
20250807_openhands_gpt5/sphinx-doc__sphinx-9258,sphinx-doc__sphinx-9258,0,0,"('step', 'norm', 30, 4)",0.42124768375540456,0.4269737661946409,0.4269737661946409
20250807_openhands_gpt5/sphinx-doc__sphinx-9281,sphinx-doc__sphinx-9281,0,0,"('step', 'norm', 30, 4)",0.42124768375540456,0.4240089936897448,0.4240089936897448
20250807_openhands_gpt5/sympy__sympy-15599,sympy__sympy-15599,0,0,"('step', 'norm', 30, 4)",0.42124768375540456,0.42291421515079775,0.42291421515079775
20241029_OpenHands-CodeAct-2.1-sonnet-20241022/django__django-10554,django__django-10554,1,1,"('step', 'pca1', 30, 3)",0.4225526641883519,0.45062033889666475,0.45062033889666475
20241029_OpenHands-CodeAct-2.1-sonnet-20241022/django__django-11087,django__django-11087,1,1,"('step', 'pca1', 30, 3)",0.4225526641883519,0.4154022867956502,0.4154022867956502
20241029_OpenHands-CodeAct-2.1-sonnet-20241022/django__django-11299,django__django-11299,1,1,"('step', 'pca1', 30, 3)",0.4225526641883519,0.4202462104587658,0.4202462104587658
20241029_OpenHands-CodeAct-2.1-sonnet-20241022/django__django-11734,django__django-11734,1,1,"('step', 'pca1', 30, 3)",0.4225526641883519,0.4086359920224022,0.4086359920224022
20241029_OpenHands-CodeAct-2.1-sonnet-20241022/django__django-11964,django__django-11964,1,1,"('step', 'pca1', 30, 3)",0.4225526641883519,0.4202462104587658,0.4202462104587658
20241029_OpenHands-CodeAct-2.1-sonnet-20241022/django__django-13012,django__django-13012,1,1,"('step', 'pca1', 30, 3)",0.4225526641883519,0.41584129261746394,0.41584129261746394
20241029_OpenHands-CodeAct-2.1-sonnet-20241022/django__django-13344,django__django-13344,1,1,"('step', 'pca1', 30, 3)",0.4225526641883519,0.41540228679565,0.41540228679565
20241029_OpenHands-CodeAct-2.1-sonnet-20241022/django__django-13346,django__django-13346,1,1,"('step', 'pca1', 30, 3)",0.4225526641883519,0.4313612786261061,0.4313612786261061
20241029_OpenHands-CodeAct-2.1-sonnet-20241022/django__django-13512,django__django-13512,1,1,"('step', 'pca1', 30, 3)",0.4225526641883519,0.4563917590438495,0.4563917590438495
20241029_OpenHands-CodeAct-2.1-sonnet-20241022/django__django-14500,django__django-14500,1,1,"('step', 'pca1', 30, 3)",0.4225526641883519,0.46710686457407596,0.46710686457407596
20241029_OpenHands-CodeAct-2.1-sonnet-20241022/django__django-14771,django__django-14771,1,1,"('step', 'pca1', 30, 3)",0.4225526641883519,0.42601057182004126,0.42601057182004126
20241029_OpenHands-CodeAct-2.1-sonnet-20241022/django__django-15930,django__django-15930,1,1,"('step', 'pca1', 30, 3)",0.4225526641883519,0.41864361552368745,0.41864361552368745
20241029_OpenHands-CodeAct-2.1-sonnet-20241022/django__django-16256,django__django-16256,1,1,"('step', 'pca1', 30, 3)",0.4225526641883519,0.42717738233912217,0.42717738233912217
20241029_OpenHands-CodeAct-2.1-sonnet-20241022/django__django-16950,django__django-16950,1,1,"('step', 'pca1', 30, 3)",0.4225526641883519,0.47967479466896,0.47967479466896
20241029_OpenHands-CodeAct-2.1-sonnet-20241022/django__django-17084,django__django-17084,1,1,"('step', 'pca1', 30, 3)",0.4225526641883519,0.41439992381917323,0.41439992381917323
20241029_OpenHands-CodeAct-2.1-sonnet-20241022/pylint-dev__pylint-4551,pylint-dev__pylint-4551,1,1,"('step', 'pca1', 30, 3)",0.4225526641883519,0.4358451954321949,0.4358451954321949
20241029_OpenHands-CodeAct-2.1-sonnet-20241022/pytest-dev__pytest-5787,pytest-dev__pytest-5787,1,1,"('step', 'pca1', 30, 3)",0.4225526641883519,0.4186436155236875,0.4186436155236875
20241029_OpenHands-CodeAct-2.1-sonnet-20241022/sphinx-doc__sphinx-8548,sphinx-doc__sphinx-8548,1,1,"('step', 'pca1', 30, 3)",0.4225526641883519,0.42066253845477436,0.42066253845477436
20241029_OpenHands-CodeAct-2.1-sonnet-20241022/django__django-14007,django__django-14007,0,1,"('step', 'pca1', 30, 3)",0.4225526641883519,0.43352315293302657,0.43352315293302657
20241029_OpenHands-CodeAct-2.1-sonnet-20241022/django__django-15525,django__django-15525,0,1,"('step', 'pca1', 30, 3)",0.4225526641883519,0.4202462104587666,0.4202462104587666
20241029_OpenHands-CodeAct-2.1-sonnet-20241022/sphinx-doc__sphinx-8120,sphinx-doc__sphinx-8120,0,1,"('step', 'pca1', 30, 3)",0.4225526641883519,0.41742314609475667,0.41742314609475667
20241029_OpenHands-CodeAct-2.1-sonnet-20241022/sympy__sympy-23262,sympy__sympy-23262,0,1,"('step', 'pca1', 30, 3)",0.4225526641883519,0.4186436155236875,0.4186436155236875
20250415_openhands/astropy__astropy-13398,astropy__astropy-13398,1,1,"('step', 'pca1', 30, 3)",0.4225526641883519,0.41742314609475745,0.41742314609475745
20250415_openhands/astropy__astropy-7166,astropy__astropy-7166,1,1,"('step', 'pca1', 30, 3)",0.4225526641883519,0.42594678464314034,0.42594678464314034
20250415_openhands/django__django-10554,django__django-10554,1,1,"('step', 'pca1', 30, 3)",0.4225526641883519,0.42049874723429914,0.42049874723429914
20250415_openhands/django__django-11087,django__django-11087,1,1,"('step', 'pca1', 30, 3)",0.4225526641883519,0.4383048697129595,0.4383048697129595
20250415_openhands/django__django-11728,django__django-11728,1,1,"('step', 'pca1', 30, 3)",0.4225526641883519,0.4186436155236875,0.4186436155236875
20250415_openhands/django__django-11734,django__django-11734,1,1,"('step', 'pca1', 30, 3)",0.4225526641883519,0.4154022867956499,0.4154022867956499
20250415_openhands/django__django-13346,django__django-13346,1,1,"('step', 'pca1', 30, 3)",0.4225526641883519,0.4186436155236876,0.4186436155236876
20250415_openhands/django__django-13513,django__django-13513,1,1,"('step', 'pca1', 30, 3)",0.4225526641883519,0.4259467846431401,0.4259467846431401
20250415_openhands/django__django-14771,django__django-14771,1,1,"('step', 'pca1', 30, 3)",0.4225526641883519,0.4318302538432497,0.4318302538432497
20250415_openhands/django__django-15098,django__django-15098,1,1,"('step', 'pca1', 30, 3)",0.4225526641883519,0.41540228679565,0.41540228679565
20250415_openhands/django__django-16256,django__django-16256,1,1,"('step', 'pca1', 30, 3)",0.4225526641883519,0.41583836849841355,0.41583836849841355
20250415_openhands/django__django-16950,django__django-16950,1,1,"('step', 'pca1', 30, 3)",0.4225526641883519,0.41439992381917296,0.41439992381917296
20250415_openhands/django__django-17084,django__django-17084,1,1,"('step', 'pca1', 30, 3)",0.4225526641883519,0.41439992381917323,0.41439992381917323
20250415_openhands/matplotlib__matplotlib-25960,matplotlib__matplotlib-25960,1,1,"('step', 'pca1', 30, 3)",0.4225526641883519,0.41005828132499333,0.41005828132499333
20250415_openhands/pylint-dev__pylint-4551,pylint-dev__pylint-4551,1,1,"('step', 'pca1', 30, 3)",0.4225526641883519,0.4429915547926189,0.4429915547926189
20250415_openhands/pylint-dev__pylint-4661,pylint-dev__pylint-4661,1,1,"('step', 'pca1', 30, 3)",0.4225526641883519,0.41742314609475717,0.41742314609475717
20250415_openhands/pylint-dev__pylint-8898,pylint-dev__pylint-8898,1,1,"('step', 'pca1', 30, 3)",0.4225526641883519,0.41381928286113734,0.41381928286113734
20250415_openhands/pytest-dev__pytest-10356,pytest-dev__pytest-10356,1,1,"('step', 'pca1', 30, 3)",0.4225526641883519,0.4113799265501385,0.4113799265501385
20250415_openhands/scikit-learn__scikit-learn-25102,scikit-learn__scikit-learn-25102,1,1,"('step', 'pca1', 30, 3)",0.4225526641883519,0.4186436155236879,0.4186436155236879
20250415_openhands/sphinx-doc__sphinx-7454,sphinx-doc__sphinx-7454,1,1,"('step', 'pca1', 30, 3)",0.4225526641883519,0.4159431317257684,0.4159431317257684
20250415_openhands/sphinx-doc__sphinx-8548,sphinx-doc__sphinx-8548,1,1,"('step', 'pca1', 30, 3)",0.4225526641883519,0.41005828132499333,0.41005828132499333
20250415_openhands/sympy__sympy-15976,sympy__sympy-15976,1,1,"('step', 'pca1', 30, 3)",0.4225526641883519,0.43785111942326016,0.43785111942326016
20250415_openhands/sympy__sympy-19495,sympy__sympy-19495,1,1,"('step', 'pca1', 30, 3)",0.4225526641883519,0.4130090101665479,0.4130090101665479
20250415_openhands/sympy__sympy-20916,sympy__sympy-20916,1,1,"('step', 'pca1', 30, 3)",0.4225526641883519,0.4296450432285864,0.4296450432285864
20250415_openhands/astropy__astropy-13579,astropy__astropy-13579,0,1,"('step', 'pca1', 30, 3)",0.4225526641883519,0.4142803259079538,0.4142803259079538
20250415_openhands/django__django-10880,django__django-10880,0,1,"('step', 'pca1', 30, 3)",0.4225526641883519,0.41584129261746394,0.41584129261746394
20250415_openhands/django__django-11265,django__django-11265,0,1,"('step', 'pca1', 30, 3)",0.4225526641883519,0.41005828132499333,0.41005828132499333
20250415_openhands/django__django-11299,django__django-11299,0,1,"('step', 'pca1', 30, 3)",0.4225526641883519,0.417014958899293,0.417014958899293
20250415_openhands/django__django-11951,django__django-11951,0,1,"('step', 'pca1', 30, 3)",0.4225526641883519,0.41742314609475745,0.41742314609475745
20250415_openhands/django__django-11964,django__django-11964,0,1,"('step', 'pca1', 30, 3)",0.4225526641883519,0.4154022867956498,0.4154022867956498
20250415_openhands/django__django-13012,django__django-13012,0,1,"('step', 'pca1', 30, 3)",0.4225526641883519,0.4113799265501385,0.4113799265501385
20250415_openhands/django__django-13363,django__django-13363,0,1,"('step', 'pca1', 30, 3)",0.4225526641883519,0.4128699239423215,0.4128699239423215
20250415_openhands/django__django-13417,django__django-13417,0,1,"('step', 'pca1', 30, 3)",0.4225526641883519,0.41858631112751943,0.41858631112751943
20250415_openhands/django__django-13512,django__django-13512,0,1,"('step', 'pca1', 30, 3)",0.4225526641883519,0.41439992381917296,0.41439992381917296
20250415_openhands/django__django-14007,django__django-14007,0,1,"('step', 'pca1', 30, 3)",0.4225526641883519,0.42195153210364417,0.42195153210364417
20250415_openhands/django__django-14500,django__django-14500,0,1,"('step', 'pca1', 30, 3)",0.4225526641883519,0.4130090101665476,0.4130090101665476
20250415_openhands/django__django-15037,django__django-15037,0,1,"('step', 'pca1', 30, 3)",0.4225526641883519,0.44179001289742,0.44179001289742
20250415_openhands/django__django-15161,django__django-15161,0,1,"('step', 'pca1', 30, 3)",0.4225526641883519,0.422275260877581,0.422275260877581
20250415_openhands/django__django-15731,django__django-15731,0,1,"('step', 'pca1', 30, 3)",0.4225526641883519,0.4154022867956499,0.4154022867956499
20250415_openhands/django__django-15863,django__django-15863,0,1,"('step', 'pca1', 30, 3)",0.4225526641883519,0.4204987472342994,0.4204987472342994
20250415_openhands/django__django-15930,django__django-15930,0,1,"('step', 'pca1', 30, 3)",0.4225526641883519,0.41742314609475745,0.41742314609475745
20250415_openhands/django__django-16136,django__django-16136,0,1,"('step', 'pca1', 30, 3)",0.4225526641883519,0.4128699239423222,0.4128699239423222
20250415_openhands/django__django-17029,django__django-17029,0,1,"('step', 'pca1', 30, 3)",0.4225526641883519,0.4462646858997113,0.4462646858997113
20250415_openhands/matplotlib__matplotlib-13989,matplotlib__matplotlib-13989,0,1,"('step', 'pca1', 30, 3)",0.4225526641883519,0.411509888326816,0.411509888326816
20250415_openhands/matplotlib__matplotlib-23412,matplotlib__matplotlib-23412,0,1,"('step', 'pca1', 30, 3)",0.4225526641883519,0.43161058724822177,0.43161058724822177
20250415_openhands/matplotlib__matplotlib-24627,matplotlib__matplotlib-24627,0,1,"('step', 'pca1', 30, 3)",0.4225526641883519,0.4113799265501385,0.4113799265501385
20250415_openhands/matplotlib__matplotlib-24637,matplotlib__matplotlib-24637,0,1,"('step', 'pca1', 30, 3)",0.4225526641883519,0.4086359920224022,0.4086359920224022
20250415_openhands/pydata__xarray-3305,pydata__xarray-3305,0,1,"('step', 'pca1', 30, 3)",0.4225526641883519,0.4100582813249938,0.4100582813249938
20250415_openhands/pydata__xarray-7233,pydata__xarray-7233,0,1,"('step', 'pca1', 30, 3)",0.4225526641883519,0.41005828132499333,0.41005828132499333
20250415_openhands/pytest-dev__pytest-10081,pytest-dev__pytest-10081,0,1,"('step', 'pca1', 30, 3)",0.4225526641883519,0.41742314609475717,0.41742314609475717
20250415_openhands/pytest-dev__pytest-5787,pytest-dev__pytest-5787,0,1,"('step', 'pca1', 30, 3)",0.4225526641883519,0.41005828132499333,0.41005828132499333
20250415_openhands/scikit-learn__scikit-learn-14087,scikit-learn__scikit-learn-14087,0,1,"('step', 'pca1', 30, 3)",0.4225526641883519,0.42198190978671934,0.42198190978671934
20250415_openhands/scikit-learn__scikit-learn-14710,scikit-learn__scikit-learn-14710,0,1,"('step', 'pca1', 30, 3)",0.4225526641883519,0.46551765009350227,0.46551765009350227
20250415_openhands/sphinx-doc__sphinx-9698,sphinx-doc__sphinx-9698,0,1,"('step', 'pca1', 30, 3)",0.4225526641883519,0.4271773823391225,0.4271773823391225
20250415_openhands/sympy__sympy-12481,sympy__sympy-12481,0,1,"('step', 'pca1', 30, 3)",0.4225526641883519,0.41428032590795405,0.41428032590795405
20250415_openhands/sympy__sympy-13757,sympy__sympy-13757,0,1,"('step', 'pca1', 30, 3)",0.4225526641883519,0.41286992394232197,0.41286992394232197
20250415_openhands/sympy__sympy-17655,sympy__sympy-17655,0,1,"('step', 'pca1', 30, 3)",0.4225526641883519,0.4464562904132141,0.4464562904132141
20250415_openhands/sympy__sympy-23262,sympy__sympy-23262,0,1,"('step', 'pca1', 30, 3)",0.4225526641883519,0.4113799265501387,0.4113799265501387
20250415_openhands/sympy__sympy-23950,sympy__sympy-23950,0,1,"('step', 'pca1', 30, 3)",0.4225526641883519,0.4154022867956495,0.4154022867956495
20250520_openhands_devstral_small/astropy__astropy-13398,astropy__astropy-13398,1,1,"('step', 'pca1', 30, 3)",0.4225526641883519,0.43785111942326016,0.43785111942326016
20250520_openhands_devstral_small/django__django-10554,django__django-10554,1,1,"('step', 'pca1', 30, 3)",0.4225526641883519,0.4128699239423224,0.4128699239423224
20250520_openhands_devstral_small/django__django-11087,django__django-11087,1,1,"('step', 'pca1', 30, 3)",0.4225526641883519,0.4707055145766533,0.4707055145766533
20250520_openhands_devstral_small/django__django-11265,django__django-11265,1,1,"('step', 'pca1', 30, 3)",0.4225526641883519,0.4186436155236871,0.4186436155236871
20250520_openhands_devstral_small/django__django-11728,django__django-11728,1,1,"('step', 'pca1', 30, 3)",0.4225526641883519,0.4253133757369934,0.4253133757369934
20250520_openhands_devstral_small/django__django-11734,django__django-11734,1,1,"('step', 'pca1', 30, 3)",0.4225526641883519,0.41742314609475717,0.41742314609475717
20250520_openhands_devstral_small/django__django-11790,django__django-11790,1,1,"('step', 'pca1', 30, 3)",0.4225526641883519,0.42227526087758077,0.42227526087758077
20250520_openhands_devstral_small/django__django-11964,django__django-11964,1,1,"('step', 'pca1', 30, 3)",0.4225526641883519,0.41381928286113734,0.41381928286113734
20250520_openhands_devstral_small/django__django-13012,django__django-13012,1,1,"('step', 'pca1', 30, 3)",0.4225526641883519,0.42024621045876615,0.42024621045876615
20250520_openhands_devstral_small/django__django-13344,django__django-13344,1,1,"('step', 'pca1', 30, 3)",0.4225526641883519,0.4154022867956502,0.4154022867956502
20250520_openhands_devstral_small/django__django-13346,django__django-13346,1,1,"('step', 'pca1', 30, 3)",0.4225526641883519,0.4113799265501385,0.4113799265501385
20250520_openhands_devstral_small/django__django-13512,django__django-13512,1,1,"('step', 'pca1', 30, 3)",0.4225526641883519,0.4236548207027625,0.4236548207027625
20250520_openhands_devstral_small/django__django-13513,django__django-13513,1,1,"('step', 'pca1', 30, 3)",0.4225526641883519,0.42365482070276295,0.42365482070276295
20250520_openhands_devstral_small/django__django-14007,django__django-14007,1,1,"('step', 'pca1', 30, 3)",0.4225526641883519,0.4143999238191728,0.4143999238191728
20250520_openhands_devstral_small/django__django-14034,django__django-14034,1,1,"('step', 'pca1', 30, 3)",0.4225526641883519,0.43352315293302646,0.43352315293302646
20250520_openhands_devstral_small/django__django-14155,django__django-14155,1,1,"('step', 'pca1', 30, 3)",0.4225526641883519,0.4253133757369934,0.4253133757369934
20250520_openhands_devstral_small/django__django-14376,django__django-14376,1,1,"('step', 'pca1', 30, 3)",0.4225526641883519,0.4186436155236871,0.4186436155236871
20250520_openhands_devstral_small/django__django-14771,django__django-14771,1,1,"('step', 'pca1', 30, 3)",0.4225526641883519,0.4186436155236876,0.4186436155236876
20250520_openhands_devstral_small/django__django-15037,django__django-15037,1,1,"('step', 'pca1', 30, 3)",0.4225526641883519,0.4128699239423224,0.4128699239423224
20250520_openhands_devstral_small/django__django-15098,django__django-15098,1,1,"('step', 'pca1', 30, 3)",0.4225526641883519,0.4407852028534973,0.4407852028534973
20250520_openhands_devstral_small/django__django-15525,django__django-15525,1,1,"('step', 'pca1', 30, 3)",0.4225526641883519,0.40863599202240264,0.40863599202240264
20250520_openhands_devstral_small/django__django-15930,django__django-15930,1,1,"('step', 'pca1', 30, 3)",0.4225526641883519,0.42195153210364417,0.42195153210364417
20250520_openhands_devstral_small/django__django-16256,django__django-16256,1,1,"('step', 'pca1', 30, 3)",0.4225526641883519,0.4170070325782515,0.4170070325782515
20250520_openhands_devstral_small/django__django-16950,django__django-16950,1,1,"('step', 'pca1', 30, 3)",0.4225526641883519,0.4202462104587658,0.4202462104587658
20250520_openhands_devstral_small/django__django-17084,django__django-17084,1,1,"('step', 'pca1', 30, 3)",0.4225526641883519,0.40863599202240264,0.40863599202240264
20250520_openhands_devstral_small/matplotlib__matplotlib-22865,matplotlib__matplotlib-22865,1,1,"('step', 'pca1', 30, 3)",0.4225526641883519,0.42531337573699357,0.42531337573699357
20250520_openhands_devstral_small/matplotlib__matplotlib-23476,matplotlib__matplotlib-23476,1,1,"('step', 'pca1', 30, 3)",0.4225526641883519,0.4288557106053237,0.4288557106053237
20250520_openhands_devstral_small/matplotlib__matplotlib-25960,matplotlib__matplotlib-25960,1,1,"('step', 'pca1', 30, 3)",0.4225526641883519,0.4128699239423222,0.4128699239423222
20250520_openhands_devstral_small/pylint-dev__pylint-4551,pylint-dev__pylint-4551,1,1,"('step', 'pca1', 30, 3)",0.4225526641883519,0.4128699239423224,0.4128699239423224
20250520_openhands_devstral_small/pylint-dev__pylint-8898,pylint-dev__pylint-8898,1,1,"('step', 'pca1', 30, 3)",0.4225526641883519,0.4113799265501387,0.4113799265501387
20250520_openhands_devstral_small/pytest-dev__pytest-10081,pytest-dev__pytest-10081,1,1,"('step', 'pca1', 30, 3)",0.4225526641883519,0.43763991283953607,0.43763991283953607
20250520_openhands_devstral_small/pytest-dev__pytest-10356,pytest-dev__pytest-10356,1,1,"('step', 'pca1', 30, 3)",0.4225526641883519,0.4113799265501385,0.4113799265501385
20250520_openhands_devstral_small/scikit-learn__scikit-learn-14087,scikit-learn__scikit-learn-14087,1,1,"('step', 'pca1', 30, 3)",0.4225526641883519,0.42024621045876615,0.42024621045876615
20250520_openhands_devstral_small/scikit-learn__scikit-learn-25102,scikit-learn__scikit-learn-25102,1,1,"('step', 'pca1', 30, 3)",0.4225526641883519,0.41439992381917323,0.41439992381917323
20250520_openhands_devstral_small/scikit-learn__scikit-learn-25747,scikit-learn__scikit-learn-25747,1,1,"('step', 'pca1', 30, 3)",0.4225526641883519,0.4305412743060916,0.4305412743060916
20250520_openhands_devstral_small/sphinx-doc__sphinx-7454,sphinx-doc__sphinx-7454,1,1,"('step', 'pca1', 30, 3)",0.4225526641883519,0.41858631112751943,0.41858631112751943
20250520_openhands_devstral_small/sphinx-doc__sphinx-8548,sphinx-doc__sphinx-8548,1,1,"('step', 'pca1', 30, 3)",0.4225526641883519,0.4100582813249938,0.4100582813249938
20250520_openhands_devstral_small/sympy__sympy-13757,sympy__sympy-13757,1,1,"('step', 'pca1', 30, 3)",0.4225526641883519,0.4113799265501387,0.4113799265501387
20250520_openhands_devstral_small/sympy__sympy-15976,sympy__sympy-15976,1,1,"('step', 'pca1', 30, 3)",0.4225526641883519,0.42888219090905066,0.42888219090905066
20250520_openhands_devstral_small/sympy__sympy-16450,sympy__sympy-16450,1,1,"('step', 'pca1', 30, 3)",0.4225526641883519,0.43344213779568114,0.43344213779568114
20250520_openhands_devstral_small/sympy__sympy-18199,sympy__sympy-18199,1,1,"('step', 'pca1', 30, 3)",0.4225526641883519,0.41700703257825134,0.41700703257825134
20250520_openhands_devstral_small/sympy__sympy-20916,sympy__sympy-20916,1,1,"('step', 'pca1', 30, 3)",0.4225526641883519,0.42531337573699374,0.42531337573699374
20250520_openhands_devstral_small/astropy__astropy-13579,astropy__astropy-13579,0,1,"('step', 'pca1', 30, 3)",0.4225526641883519,0.46481931726616454,0.46481931726616454
20250520_openhands_devstral_small/astropy__astropy-7671,astropy__astropy-7671,0,1,"('step', 'pca1', 30, 3)",0.4225526641883519,0.4142803259079538,0.4142803259079538
20250520_openhands_devstral_small/django__django-10880,django__django-10880,0,1,"('step', 'pca1', 30, 3)",0.4225526641883519,0.4115098883268159,0.4115098883268159
20250520_openhands_devstral_small/django__django-10914,django__django-10914,0,1,"('step', 'pca1', 30, 3)",0.4225526641883519,0.41584129261746355,0.41584129261746355
20250520_openhands_devstral_small/django__django-11299,django__django-11299,0,1,"('step', 'pca1', 30, 3)",0.4225526641883519,0.4159431317257684,0.4159431317257684
20250520_openhands_devstral_small/django__django-11951,django__django-11951,0,1,"('step', 'pca1', 30, 3)",0.4225526641883519,0.43344213779568114,0.43344213779568114
20250520_openhands_devstral_small/django__django-13028,django__django-13028,0,1,"('step', 'pca1', 30, 3)",0.4225526641883519,0.4128699239423226,0.4128699239423226
20250520_openhands_devstral_small/django__django-13363,django__django-13363,0,1,"('step', 'pca1', 30, 3)",0.4225526641883519,0.42531337573699396,0.42531337573699396
20250520_openhands_devstral_small/django__django-13410,django__django-13410,0,1,"('step', 'pca1', 30, 3)",0.4225526641883519,0.4222583833817329,0.4222583833817329
20250520_openhands_devstral_small/django__django-13417,django__django-13417,0,1,"('step', 'pca1', 30, 3)",0.4225526641883519,0.42732780015579414,0.42732780015579414
20250520_openhands_devstral_small/django__django-13516,django__django-13516,0,1,"('step', 'pca1', 30, 3)",0.4225526641883519,0.43378369832616304,0.43378369832616304
20250520_openhands_devstral_small/django__django-13786,django__django-13786,0,1,"('step', 'pca1', 30, 3)",0.4225526641883519,0.4113799265501385,0.4113799265501385
20250520_openhands_devstral_small/django__django-13821,django__django-13821,0,1,"('step', 'pca1', 30, 3)",0.4225526641883519,0.4202462104587658,0.4202462104587658
20250520_openhands_devstral_small/django__django-14053,django__django-14053,0,1,"('step', 'pca1', 30, 3)",0.4225526641883519,0.4086359920224022,0.4086359920224022
20250520_openhands_devstral_small/django__django-14500,django__django-14500,0,1,"('step', 'pca1', 30, 3)",0.4225526641883519,0.4204987472342994,0.4204987472342994
20250520_openhands_devstral_small/django__django-15161,django__django-15161,0,1,"('step', 'pca1', 30, 3)",0.4225526641883519,0.41742314609475717,0.41742314609475717
20250520_openhands_devstral_small/django__django-15467,django__django-15467,0,1,"('step', 'pca1', 30, 3)",0.4225526641883519,0.4113799265501385,0.4113799265501385
20250520_openhands_devstral_small/django__django-15731,django__django-15731,0,1,"('step', 'pca1', 30, 3)",0.4225526641883519,0.41742314609475717,0.41742314609475717
20250520_openhands_devstral_small/django__django-16136,django__django-16136,0,1,"('step', 'pca1', 30, 3)",0.4225526641883519,0.42531337573699396,0.42531337573699396
20250520_openhands_devstral_small/django__django-16145,django__django-16145,0,1,"('step', 'pca1', 30, 3)",0.4225526641883519,0.4482451383386776,0.4482451383386776
20250520_openhands_devstral_small/django__django-16454,django__django-16454,0,1,"('step', 'pca1', 30, 3)",0.4225526641883519,0.4288557106053237,0.4288557106053237
20250520_openhands_devstral_small/django__django-16527,django__django-16527,0,1,"('step', 'pca1', 30, 3)",0.4225526641883519,0.41439992381917323,0.41439992381917323
20250520_openhands_devstral_small/matplotlib__matplotlib-13989,matplotlib__matplotlib-13989,0,1,"('step', 'pca1', 30, 3)",0.4225526641883519,0.4236548207027625,0.4236548207027625
20250520_openhands_devstral_small/matplotlib__matplotlib-24627,matplotlib__matplotlib-24627,0,1,"('step', 'pca1', 30, 3)",0.4225526641883519,0.4154022867956498,0.4154022867956498
20250520_openhands_devstral_small/matplotlib__matplotlib-24637,matplotlib__matplotlib-24637,0,1,"('step', 'pca1', 30, 3)",0.4225526641883519,0.411509888326816,0.411509888326816
20250520_openhands_devstral_small/pydata__xarray-3305,pydata__xarray-3305,0,1,"('step', 'pca1', 30, 3)",0.4225526641883519,0.4099193316526869,0.4099193316526869
20250520_openhands_devstral_small/pytest-dev__pytest-5787,pytest-dev__pytest-5787,0,1,"('step', 'pca1', 30, 3)",0.4225526641883519,0.41540228679565044,0.41540228679565044
20250520_openhands_devstral_small/scikit-learn__scikit-learn-14496,scikit-learn__scikit-learn-14496,0,1,"('step', 'pca1', 30, 3)",0.4225526641883519,0.41742314609475717,0.41742314609475717
20250520_openhands_devstral_small/scikit-learn__scikit-learn-14710,scikit-learn__scikit-learn-14710,0,1,"('step', 'pca1', 30, 3)",0.4225526641883519,0.4241263853275234,0.4241263853275234
20250520_openhands_devstral_small/sphinx-doc__sphinx-8120,sphinx-doc__sphinx-8120,0,1,"('step', 'pca1', 30, 3)",0.4225526641883519,0.4222752608775806,0.4222752608775806
20250520_openhands_devstral_small/sphinx-doc__sphinx-9698,sphinx-doc__sphinx-9698,0,1,"('step', 'pca1', 30, 3)",0.4225526641883519,0.4154022867956499,0.4154022867956499
20250520_openhands_devstral_small/sympy__sympy-12096,sympy__sympy-12096,0,1,"('step', 'pca1', 30, 3)",0.4225526641883519,0.41439992381917296,0.41439992381917296
20250520_openhands_devstral_small/sympy__sympy-12481,sympy__sympy-12481,0,1,"('step', 'pca1', 30, 3)",0.4225526641883519,0.4159431317257684,0.4159431317257684
20250520_openhands_devstral_small/sympy__sympy-17655,sympy__sympy-17655,0,1,"('step', 'pca1', 30, 3)",0.4225526641883519,0.43352315293302607,0.43352315293302607
20250520_openhands_devstral_small/sympy__sympy-19495,sympy__sympy-19495,0,1,"('step', 'pca1', 30, 3)",0.4225526641883519,0.4154022867956498,0.4154022867956498
20250520_openhands_devstral_small/sympy__sympy-23262,sympy__sympy-23262,0,1,"('step', 'pca1', 30, 3)",0.4225526641883519,0.4186436155236875,0.4186436155236875
20250520_openhands_devstral_small/sympy__sympy-23950,sympy__sympy-23950,0,1,"('step', 'pca1', 30, 3)",0.4225526641883519,0.41439992381917296,0.41439992381917296
20250524_openhands_claude_4_sonnet/astropy__astropy-13398,astropy__astropy-13398,1,1,"('step', 'pca1', 30, 3)",0.4225526641883519,0.4206625384547748,0.4206625384547748
20250524_openhands_claude_4_sonnet/django__django-10554,django__django-10554,1,1,"('step', 'pca1', 30, 3)",0.4225526641883519,0.41381928286113717,0.41381928286113717
20250524_openhands_claude_4_sonnet/django__django-11087,django__django-11087,1,1,"('step', 'pca1', 30, 3)",0.4225526641883519,0.4143999238191728,0.4143999238191728
20250524_openhands_claude_4_sonnet/django__django-11728,django__django-11728,1,1,"('step', 'pca1', 30, 3)",0.4225526641883519,0.42225838338173327,0.42225838338173327
20250524_openhands_claude_4_sonnet/django__django-11734,django__django-11734,1,1,"('step', 'pca1', 30, 3)",0.4225526641883519,0.4219515321036432,0.4219515321036432
20250524_openhands_claude_4_sonnet/django__django-11790,django__django-11790,1,1,"('step', 'pca1', 30, 3)",0.4225526641883519,0.4219515321036437,0.4219515321036437
20250524_openhands_claude_4_sonnet/django__django-11964,django__django-11964,1,1,"('step', 'pca1', 30, 3)",0.4225526641883519,0.41428032590795405,0.41428032590795405
20250524_openhands_claude_4_sonnet/django__django-13344,django__django-13344,1,1,"('step', 'pca1', 30, 3)",0.4225526641883519,0.4316105872482219,0.4316105872482219
20250524_openhands_claude_4_sonnet/django__django-13513,django__django-13513,1,1,"('step', 'pca1', 30, 3)",0.4225526641883519,0.45391334215088197,0.45391334215088197
20250524_openhands_claude_4_sonnet/django__django-14034,django__django-14034,1,1,"('step', 'pca1', 30, 3)",0.4225526641883519,0.4143999238191734,0.4143999238191734
20250524_openhands_claude_4_sonnet/django__django-14053,django__django-14053,1,1,"('step', 'pca1', 30, 3)",0.4225526641883519,0.40863599202240264,0.40863599202240264
20250524_openhands_claude_4_sonnet/django__django-14140,django__django-14140,1,1,"('step', 'pca1', 30, 3)",0.4225526641883519,0.42531337573699357,0.42531337573699357
20250524_openhands_claude_4_sonnet/django__django-14155,django__django-14155,1,1,"('step', 'pca1', 30, 3)",0.4225526641883519,0.44153337721880065,0.44153337721880065
20250524_openhands_claude_4_sonnet/django__django-15098,django__django-15098,1,1,"('step', 'pca1', 30, 3)",0.4225526641883519,0.4128699239423224,0.4128699239423224
20250524_openhands_claude_4_sonnet/django__django-16256,django__django-16256,1,1,"('step', 'pca1', 30, 3)",0.4225526641883519,0.4158383684984126,0.4158383684984126
20250524_openhands_claude_4_sonnet/django__django-16950,django__django-16950,1,1,"('step', 'pca1', 30, 3)",0.4225526641883519,0.41005828132499333,0.41005828132499333
20250524_openhands_claude_4_sonnet/matplotlib__matplotlib-23476,matplotlib__matplotlib-23476,1,1,"('step', 'pca1', 30, 3)",0.4225526641883519,0.4113799265501394,0.4113799265501394
20250524_openhands_claude_4_sonnet/matplotlib__matplotlib-25960,matplotlib__matplotlib-25960,1,1,"('step', 'pca1', 30, 3)",0.4225526641883519,0.4128699239423222,0.4128699239423222
20250524_openhands_claude_4_sonnet/pylint-dev__pylint-4551,pylint-dev__pylint-4551,1,1,"('step', 'pca1', 30, 3)",0.4225526641883519,0.43407270110100815,0.43407270110100815
20250524_openhands_claude_4_sonnet/pylint-dev__pylint-4661,pylint-dev__pylint-4661,1,1,"('step', 'pca1', 30, 3)",0.4225526641883519,0.4253133757369934,0.4253133757369934
20250524_openhands_claude_4_sonnet/pylint-dev__pylint-8898,pylint-dev__pylint-8898,1,1,"('step', 'pca1', 30, 3)",0.4225526641883519,0.4190661096237639,0.4190661096237639
20250524_openhands_claude_4_sonnet/pytest-dev__pytest-10356,pytest-dev__pytest-10356,1,1,"('step', 'pca1', 30, 3)",0.4225526641883519,0.42060418123466103,0.42060418123466103
20250524_openhands_claude_4_sonnet/pytest-dev__pytest-5787,pytest-dev__pytest-5787,1,1,"('step', 'pca1', 30, 3)",0.4225526641883519,0.41540228679565,0.41540228679565
20250524_openhands_claude_4_sonnet/scikit-learn__scikit-learn-25747,scikit-learn__scikit-learn-25747,1,1,"('step', 'pca1', 30, 3)",0.4225526641883519,0.4206030774188305,0.4206030774188305
20250524_openhands_claude_4_sonnet/sphinx-doc__sphinx-7454,sphinx-doc__sphinx-7454,1,1,"('step', 'pca1', 30, 3)",0.4225526641883519,0.41583836849841305,0.41583836849841305
20250524_openhands_claude_4_sonnet/sphinx-doc__sphinx-8548,sphinx-doc__sphinx-8548,1,1,"('step', 'pca1', 30, 3)",0.4225526641883519,0.42516627030464876,0.42516627030464876
20250524_openhands_claude_4_sonnet/sympy__sympy-17655,sympy__sympy-17655,1,1,"('step', 'pca1', 30, 3)",0.4225526641883519,0.4128699239423222,0.4128699239423222
20250524_openhands_claude_4_sonnet/sympy__sympy-18199,sympy__sympy-18199,1,1,"('step', 'pca1', 30, 3)",0.4225526641883519,0.4219515321036437,0.4219515321036437
20250524_openhands_claude_4_sonnet/sympy__sympy-20916,sympy__sympy-20916,1,1,"('step', 'pca1', 30, 3)",0.4225526641883519,0.430676704727075,0.430676704727075
20250524_openhands_claude_4_sonnet/astropy__astropy-13579,astropy__astropy-13579,0,1,"('step', 'pca1', 30, 3)",0.4225526641883519,0.41439992381917296,0.41439992381917296
20250524_openhands_claude_4_sonnet/astropy__astropy-14096,astropy__astropy-14096,0,1,"('step', 'pca1', 30, 3)",0.4225526641883519,0.4113799265501385,0.4113799265501385
20250524_openhands_claude_4_sonnet/astropy__astropy-7166,astropy__astropy-7166,0,1,"('step', 'pca1', 30, 3)",0.4225526641883519,0.4174231460947576,0.4174231460947576
20250524_openhands_claude_4_sonnet/astropy__astropy-7336,astropy__astropy-7336,0,1,"('step', 'pca1', 30, 3)",0.4225526641883519,0.42225838338173327,0.42225838338173327
20250524_openhands_claude_4_sonnet/astropy__astropy-7671,astropy__astropy-7671,0,1,"('step', 'pca1', 30, 3)",0.4225526641883519,0.4470954438757152,0.4470954438757152
20250524_openhands_claude_4_sonnet/django__django-10880,django__django-10880,0,1,"('step', 'pca1', 30, 3)",0.4225526641883519,0.41742314609475717,0.41742314609475717
20250524_openhands_claude_4_sonnet/django__django-10914,django__django-10914,0,1,"('step', 'pca1', 30, 3)",0.4225526641883519,0.42531337573699374,0.42531337573699374
20250524_openhands_claude_4_sonnet/django__django-10973,django__django-10973,0,1,"('step', 'pca1', 30, 3)",0.4225526641883519,0.42531337573699374,0.42531337573699374
20250524_openhands_claude_4_sonnet/django__django-11163,django__django-11163,0,1,"('step', 'pca1', 30, 3)",0.4225526641883519,0.4455545962424369,0.4455545962424369
20250524_openhands_claude_4_sonnet/django__django-11265,django__django-11265,0,1,"('step', 'pca1', 30, 3)",0.4225526641883519,0.4219040475508107,0.4219040475508107
20250524_openhands_claude_4_sonnet/django__django-11299,django__django-11299,0,1,"('step', 'pca1', 30, 3)",0.4225526641883519,0.4202462104587658,0.4202462104587658
20250524_openhands_claude_4_sonnet/django__django-11951,django__django-11951,0,1,"('step', 'pca1', 30, 3)",0.4225526641883519,0.4128699239423224,0.4128699239423224
20250524_openhands_claude_4_sonnet/django__django-13012,django__django-13012,0,1,"('step', 'pca1', 30, 3)",0.4225526641883519,0.41137992655013894,0.41137992655013894
20250524_openhands_claude_4_sonnet/django__django-13028,django__django-13028,0,1,"('step', 'pca1', 30, 3)",0.4225526641883519,0.42594678464313995,0.42594678464313995
20250524_openhands_claude_4_sonnet/django__django-13346,django__django-13346,0,1,"('step', 'pca1', 30, 3)",0.4225526641883519,0.42225838338173327,0.42225838338173327
20250524_openhands_claude_4_sonnet/django__django-13363,django__django-13363,0,1,"('step', 'pca1', 30, 3)",0.4225526641883519,0.4128699239423224,0.4128699239423224
20250524_openhands_claude_4_sonnet/django__django-13410,django__django-13410,0,1,"('step', 'pca1', 30, 3)",0.4225526641883519,0.4100582813249936,0.4100582813249936
20250524_openhands_claude_4_sonnet/django__django-13417,django__django-13417,0,1,"('step', 'pca1', 30, 3)",0.4225526641883519,0.4236548207027625,0.4236548207027625
20250524_openhands_claude_4_sonnet/django__django-13512,django__django-13512,0,1,"('step', 'pca1', 30, 3)",0.4225526641883519,0.42361437555054776,0.42361437555054776
20250524_openhands_claude_4_sonnet/django__django-13516,django__django-13516,0,1,"('step', 'pca1', 30, 3)",0.4225526641883519,0.430676704727075,0.430676704727075
20250524_openhands_claude_4_sonnet/django__django-13786,django__django-13786,0,1,"('step', 'pca1', 30, 3)",0.4225526641883519,0.41742314609475745,0.41742314609475745
20250524_openhands_claude_4_sonnet/django__django-13821,django__django-13821,0,1,"('step', 'pca1', 30, 3)",0.4225526641883519,0.41584129261746333,0.41584129261746333
20250524_openhands_claude_4_sonnet/django__django-14007,django__django-14007,0,1,"('step', 'pca1', 30, 3)",0.4225526641883519,0.4113799265501387,0.4113799265501387
20250524_openhands_claude_4_sonnet/django__django-14373,django__django-14373,0,1,"('step', 'pca1', 30, 3)",0.4225526641883519,0.4113799265501394,0.4113799265501394
20250524_openhands_claude_4_sonnet/django__django-14376,django__django-14376,0,1,"('step', 'pca1', 30, 3)",0.4225526641883519,0.42531337573699374,0.42531337573699374
20250524_openhands_claude_4_sonnet/django__django-14500,django__django-14500,0,1,"('step', 'pca1', 30, 3)",0.4225526641883519,0.42717738233912217,0.42717738233912217
20250524_openhands_claude_4_sonnet/django__django-14771,django__django-14771,0,1,"('step', 'pca1', 30, 3)",0.4225526641883519,0.4535252637481754,0.4535252637481754
20250524_openhands_claude_4_sonnet/django__django-15037,django__django-15037,0,1,"('step', 'pca1', 30, 3)",0.4225526641883519,0.41584129261746355,0.41584129261746355
20250524_openhands_claude_4_sonnet/django__django-15161,django__django-15161,0,1,"('step', 'pca1', 30, 3)",0.4225526641883519,0.417014958899293,0.417014958899293
20250524_openhands_claude_4_sonnet/django__django-15467,django__django-15467,0,1,"('step', 'pca1', 30, 3)",0.4225526641883519,0.43352315293302607,0.43352315293302607
20250524_openhands_claude_4_sonnet/django__django-15525,django__django-15525,0,1,"('step', 'pca1', 30, 3)",0.4225526641883519,0.42717738233912167,0.42717738233912167
20250524_openhands_claude_4_sonnet/django__django-15731,django__django-15731,0,1,"('step', 'pca1', 30, 3)",0.4225526641883519,0.43764890516312094,0.43764890516312094
20250524_openhands_claude_4_sonnet/django__django-15863,django__django-15863,0,1,"('step', 'pca1', 30, 3)",0.4225526641883519,0.4113799265501387,0.4113799265501387
20250524_openhands_claude_4_sonnet/django__django-15930,django__django-15930,0,1,"('step', 'pca1', 30, 3)",0.4225526641883519,0.42365482070276295,0.42365482070276295
20250524_openhands_claude_4_sonnet/django__django-16136,django__django-16136,0,1,"('step', 'pca1', 30, 3)",0.4225526641883519,0.42060418123466103,0.42060418123466103
20250524_openhands_claude_4_sonnet/django__django-16145,django__django-16145,0,1,"('step', 'pca1', 30, 3)",0.4225526641883519,0.40863599202240264,0.40863599202240264
20250524_openhands_claude_4_sonnet/django__django-16454,django__django-16454,0,1,"('step', 'pca1', 30, 3)",0.4225526641883519,0.4128699239423222,0.4128699239423222
20250524_openhands_claude_4_sonnet/django__django-16493,django__django-16493,0,1,"('step', 'pca1', 30, 3)",0.4225526641883519,0.4236548207027625,0.4236548207027625
20250524_openhands_claude_4_sonnet/django__django-16527,django__django-16527,0,1,"('step', 'pca1', 30, 3)",0.4225526641883519,0.42060418123466103,0.42060418123466103
20250524_openhands_claude_4_sonnet/django__django-16642,django__django-16642,0,1,"('step', 'pca1', 30, 3)",0.4225526641883519,0.44434447373493774,0.44434447373493774
20250524_openhands_claude_4_sonnet/django__django-17029,django__django-17029,0,1,"('step', 'pca1', 30, 3)",0.4225526641883519,0.41286992394232197,0.41286992394232197
20250524_openhands_claude_4_sonnet/django__django-17084,django__django-17084,0,1,"('step', 'pca1', 30, 3)",0.4225526641883519,0.42711527371639174,0.42711527371639174
20250524_openhands_claude_4_sonnet/matplotlib__matplotlib-13989,matplotlib__matplotlib-13989,0,1,"('step', 'pca1', 30, 3)",0.4225526641883519,0.4128699239423222,0.4128699239423222
20250524_openhands_claude_4_sonnet/matplotlib__matplotlib-22865,matplotlib__matplotlib-22865,0,1,"('step', 'pca1', 30, 3)",0.4225526641883519,0.4159431317257684,0.4159431317257684
20250524_openhands_claude_4_sonnet/matplotlib__matplotlib-23412,matplotlib__matplotlib-23412,0,1,"('step', 'pca1', 30, 3)",0.4225526641883519,0.42531337573699374,0.42531337573699374
20250524_openhands_claude_4_sonnet/matplotlib__matplotlib-24627,matplotlib__matplotlib-24627,0,1,"('step', 'pca1', 30, 3)",0.4225526641883519,0.41439992381917296,0.41439992381917296
20250524_openhands_claude_4_sonnet/matplotlib__matplotlib-24637,matplotlib__matplotlib-24637,0,1,"('step', 'pca1', 30, 3)",0.4225526641883519,0.4186436155236876,0.4186436155236876
20250524_openhands_claude_4_sonnet/matplotlib__matplotlib-25122,matplotlib__matplotlib-25122,0,1,"('step', 'pca1', 30, 3)",0.4225526641883519,0.41439992381917296,0.41439992381917296
20250524_openhands_claude_4_sonnet/pydata__xarray-3305,pydata__xarray-3305,0,1,"('step', 'pca1', 30, 3)",0.4225526641883519,0.426813771914491,0.426813771914491
20250524_openhands_claude_4_sonnet/pydata__xarray-7233,pydata__xarray-7233,0,1,"('step', 'pca1', 30, 3)",0.4225526641883519,0.42365482070276295,0.42365482070276295
20250524_openhands_claude_4_sonnet/pytest-dev__pytest-10081,pytest-dev__pytest-10081,0,1,"('step', 'pca1', 30, 3)",0.4225526641883519,0.41428032590795405,0.41428032590795405
20250524_openhands_claude_4_sonnet/scikit-learn__scikit-learn-13124,scikit-learn__scikit-learn-13124,0,1,"('step', 'pca1', 30, 3)",0.4225526641883519,0.41439992381917296,0.41439992381917296
20250524_openhands_claude_4_sonnet/scikit-learn__scikit-learn-14087,scikit-learn__scikit-learn-14087,0,1,"('step', 'pca1', 30, 3)",0.4225526641883519,0.42531337573699396,0.42531337573699396
20250524_openhands_claude_4_sonnet/scikit-learn__scikit-learn-14496,scikit-learn__scikit-learn-14496,0,1,"('step', 'pca1', 30, 3)",0.4225526641883519,0.41439992381917296,0.41439992381917296
20250524_openhands_claude_4_sonnet/scikit-learn__scikit-learn-14710,scikit-learn__scikit-learn-14710,0,1,"('step', 'pca1', 30, 3)",0.4225526641883519,0.4253133757369934,0.4253133757369934
20250524_openhands_claude_4_sonnet/scikit-learn__scikit-learn-25102,scikit-learn__scikit-learn-25102,0,1,"('step', 'pca1', 30, 3)",0.4225526641883519,0.42388512668308453,0.42388512668308453
20250524_openhands_claude_4_sonnet/sphinx-doc__sphinx-8120,sphinx-doc__sphinx-8120,0,1,"('step', 'pca1', 30, 3)",0.4225526641883519,0.4444510578387226,0.4444510578387226
20250524_openhands_claude_4_sonnet/sphinx-doc__sphinx-8475,sphinx-doc__sphinx-8475,0,1,"('step', 'pca1', 30, 3)",0.4225526641883519,0.42879943629084016,0.42879943629084016
20250524_openhands_claude_4_sonnet/sphinx-doc__sphinx-9367,sphinx-doc__sphinx-9367,0,1,"('step', 'pca1', 30, 3)",0.4225526641883519,0.4113799265501385,0.4113799265501385
20250524_openhands_claude_4_sonnet/sphinx-doc__sphinx-9698,sphinx-doc__sphinx-9698,0,1,"('step', 'pca1', 30, 3)",0.4225526641883519,0.43569042012349735,0.43569042012349735
20250524_openhands_claude_4_sonnet/sympy__sympy-12096,sympy__sympy-12096,0,1,"('step', 'pca1', 30, 3)",0.4225526641883519,0.4128699239423226,0.4128699239423226
20250524_openhands_claude_4_sonnet/sympy__sympy-12481,sympy__sympy-12481,0,1,"('step', 'pca1', 30, 3)",0.4225526641883519,0.4202462104587658,0.4202462104587658
20250524_openhands_claude_4_sonnet/sympy__sympy-13480,sympy__sympy-13480,0,1,"('step', 'pca1', 30, 3)",0.4225526641883519,0.43352315293302607,0.43352315293302607
20250524_openhands_claude_4_sonnet/sympy__sympy-13757,sympy__sympy-13757,0,1,"('step', 'pca1', 30, 3)",0.4225526641883519,0.4206030774188305,0.4206030774188305
20250524_openhands_claude_4_sonnet/sympy__sympy-15976,sympy__sympy-15976,0,1,"('step', 'pca1', 30, 3)",0.4225526641883519,0.4158383684984133,0.4158383684984133
20250524_openhands_claude_4_sonnet/sympy__sympy-16450,sympy__sympy-16450,0,1,"('step', 'pca1', 30, 3)",0.4225526641883519,0.4158412926174644,0.4158412926174644
20250524_openhands_claude_4_sonnet/sympy__sympy-19495,sympy__sympy-19495,0,1,"('step', 'pca1', 30, 3)",0.4225526641883519,0.41286992394232197,0.41286992394232197
20250524_openhands_claude_4_sonnet/sympy__sympy-19637,sympy__sympy-19637,0,1,"('step', 'pca1', 30, 3)",0.4225526641883519,0.42365482070276295,0.42365482070276295
20250524_openhands_claude_4_sonnet/sympy__sympy-23262,sympy__sympy-23262,0,1,"('step', 'pca1', 30, 3)",0.4225526641883519,0.41137992655013905,0.41137992655013905
20250524_openhands_claude_4_sonnet/sympy__sympy-23950,sympy__sympy-23950,0,1,"('step', 'pca1', 30, 3)",0.4225526641883519,0.4339093790732486,0.4339093790732486
20250716_openhands_kimi_k2/astropy__astropy-13398,astropy__astropy-13398,1,1,"('step', 'pca1', 30, 3)",0.4225526641883519,0.41701495889929224,0.41701495889929224
20250716_openhands_kimi_k2/django__django-10554,django__django-10554,1,1,"('step', 'pca1', 30, 3)",0.4225526641883519,0.42980795146510575,0.42980795146510575
20250716_openhands_kimi_k2/django__django-11087,django__django-11087,1,1,"('step', 'pca1', 30, 3)",0.4225526641883519,0.4202462104587658,0.4202462104587658
20250716_openhands_kimi_k2/django__django-11265,django__django-11265,1,1,"('step', 'pca1', 30, 3)",0.4225526641883519,0.43067670472707453,0.43067670472707453
20250716_openhands_kimi_k2/django__django-11728,django__django-11728,1,1,"('step', 'pca1', 30, 3)",0.4225526641883519,0.42198190978671934,0.42198190978671934
20250716_openhands_kimi_k2/django__django-11734,django__django-11734,1,1,"('step', 'pca1', 30, 3)",0.4225526641883519,0.42980795146510575,0.42980795146510575
20250716_openhands_kimi_k2/django__django-11790,django__django-11790,1,1,"('step', 'pca1', 30, 3)",0.4225526641883519,0.41428032590795405,0.41428032590795405
20250716_openhands_kimi_k2/django__django-11964,django__django-11964,1,1,"('step', 'pca1', 30, 3)",0.4225526641883519,0.41742314609475717,0.41742314609475717
20250716_openhands_kimi_k2/django__django-13344,django__django-13344,1,1,"('step', 'pca1', 30, 3)",0.4225526641883519,0.41428032590795405,0.41428032590795405
20250716_openhands_kimi_k2/django__django-13512,django__django-13512,1,1,"('step', 'pca1', 30, 3)",0.4225526641883519,0.4159431317257685,0.4159431317257685
20250716_openhands_kimi_k2/django__django-14034,django__django-14034,1,1,"('step', 'pca1', 30, 3)",0.4225526641883519,0.42717738233912206,0.42717738233912206
20250716_openhands_kimi_k2/django__django-14053,django__django-14053,1,1,"('step', 'pca1', 30, 3)",0.4225526641883519,0.4174231460947576,0.4174231460947576
20250716_openhands_kimi_k2/django__django-14155,django__django-14155,1,1,"('step', 'pca1', 30, 3)",0.4225526641883519,0.4323804415382718,0.4323804415382718
20250716_openhands_kimi_k2/django__django-15098,django__django-15098,1,1,"('step', 'pca1', 30, 3)",0.4225526641883519,0.4113799265501387,0.4113799265501387
20250716_openhands_kimi_k2/django__django-15161,django__django-15161,1,1,"('step', 'pca1', 30, 3)",0.4225526641883519,0.42594678464314034,0.42594678464314034
20250716_openhands_kimi_k2/django__django-16256,django__django-16256,1,1,"('step', 'pca1', 30, 3)",0.4225526641883519,0.42388512668308453,0.42388512668308453
20250716_openhands_kimi_k2/django__django-16454,django__django-16454,1,1,"('step', 'pca1', 30, 3)",0.4225526641883519,0.41742314609475717,0.41742314609475717
20250716_openhands_kimi_k2/django__django-16950,django__django-16950,1,1,"('step', 'pca1', 30, 3)",0.4225526641883519,0.41742314609475717,0.41742314609475717
20250716_openhands_kimi_k2/django__django-17084,django__django-17084,1,1,"('step', 'pca1', 30, 3)",0.4225526641883519,0.429807951465106,0.429807951465106
20250716_openhands_kimi_k2/matplotlib__matplotlib-23476,matplotlib__matplotlib-23476,1,1,"('step', 'pca1', 30, 3)",0.4225526641883519,0.41439992381917296,0.41439992381917296
20250716_openhands_kimi_k2/matplotlib__matplotlib-25960,matplotlib__matplotlib-25960,1,1,"('step', 'pca1', 30, 3)",0.4225526641883519,0.41540228679565,0.41540228679565
20250716_openhands_kimi_k2/pylint-dev__pylint-4551,pylint-dev__pylint-4551,1,1,"('step', 'pca1', 30, 3)",0.4225526641883519,0.4222752608775806,0.4222752608775806
20250716_openhands_kimi_k2/pylint-dev__pylint-4661,pylint-dev__pylint-4661,1,1,"('step', 'pca1', 30, 3)",0.4225526641883519,0.4142803259079538,0.4142803259079538
20250716_openhands_kimi_k2/pylint-dev__pylint-8898,pylint-dev__pylint-8898,1,1,"('step', 'pca1', 30, 3)",0.4225526641883519,0.4128699239423222,0.4128699239423222
20250716_openhands_kimi_k2/pytest-dev__pytest-10356,pytest-dev__pytest-10356,1,1,"('step', 'pca1', 30, 3)",0.4225526641883519,0.41428032590795405,0.41428032590795405
20250716_openhands_kimi_k2/pytest-dev__pytest-5787,pytest-dev__pytest-5787,1,1,"('step', 'pca1', 30, 3)",0.4225526641883519,0.4158383684984126,0.4158383684984126
20250716_openhands_kimi_k2/scikit-learn__scikit-learn-13124,scikit-learn__scikit-learn-13124,1,1,"('step', 'pca1', 30, 3)",0.4225526641883519,0.42365482070276295,0.42365482070276295
20250716_openhands_kimi_k2/scikit-learn__scikit-learn-14087,scikit-learn__scikit-learn-14087,1,1,"('step', 'pca1', 30, 3)",0.4225526641883519,0.4484308605195985,0.4484308605195985
20250716_openhands_kimi_k2/scikit-learn__scikit-learn-25102,scikit-learn__scikit-learn-25102,1,1,"('step', 'pca1', 30, 3)",0.4225526641883519,0.41428032590795405,0.41428032590795405
20250716_openhands_kimi_k2/sphinx-doc__sphinx-7454,sphinx-doc__sphinx-7454,1,1,"('step', 'pca1', 30, 3)",0.4225526641883519,0.41428032590795405,0.41428032590795405
20250716_openhands_kimi_k2/sympy__sympy-15976,sympy__sympy-15976,1,1,"('step', 'pca1', 30, 3)",0.4225526641883519,0.4113799265501394,0.4113799265501394
20250716_openhands_kimi_k2/sympy__sympy-18199,sympy__sympy-18199,1,1,"('step', 'pca1', 30, 3)",0.4225526641883519,0.4288557106053237,0.4288557106053237
20250716_openhands_kimi_k2/sympy__sympy-20916,sympy__sympy-20916,1,1,"('step', 'pca1', 30, 3)",0.4225526641883519,0.4128699239423226,0.4128699239423226
20250716_openhands_kimi_k2/astropy__astropy-13579,astropy__astropy-13579,0,1,"('step', 'pca1', 30, 3)",0.4225526641883519,0.4099193316526869,0.4099193316526869
20250716_openhands_kimi_k2/astropy__astropy-14096,astropy__astropy-14096,0,1,"('step', 'pca1', 30, 3)",0.4225526641883519,0.4235639758118219,0.4235639758118219
20250716_openhands_kimi_k2/astropy__astropy-7166,astropy__astropy-7166,0,1,"('step', 'pca1', 30, 3)",0.4225526641883519,0.4464562904132142,0.4464562904132142
20250716_openhands_kimi_k2/astropy__astropy-7336,astropy__astropy-7336,0,1,"('step', 'pca1', 30, 3)",0.4225526641883519,0.41742314609475717,0.41742314609475717
20250716_openhands_kimi_k2/astropy__astropy-7671,astropy__astropy-7671,0,1,"('step', 'pca1', 30, 3)",0.4225526641883519,0.4222752608775806,0.4222752608775806
20250716_openhands_kimi_k2/django__django-10880,django__django-10880,0,1,"('step', 'pca1', 30, 3)",0.4225526641883519,0.4113799265501385,0.4113799265501385
20250716_openhands_kimi_k2/django__django-10914,django__django-10914,0,1,"('step', 'pca1', 30, 3)",0.4225526641883519,0.4113799265501385,0.4113799265501385
20250716_openhands_kimi_k2/django__django-10973,django__django-10973,0,1,"('step', 'pca1', 30, 3)",0.4225526641883519,0.5286265111078086,0.5286265111078086
20250716_openhands_kimi_k2/django__django-11099,django__django-11099,0,1,"('step', 'pca1', 30, 3)",0.4225526641883519,0.42060418123466103,0.42060418123466103
20250716_openhands_kimi_k2/django__django-11163,django__django-11163,0,1,"('step', 'pca1', 30, 3)",0.4225526641883519,0.4251662703046487,0.4251662703046487
20250716_openhands_kimi_k2/django__django-11299,django__django-11299,0,1,"('step', 'pca1', 30, 3)",0.4225526641883519,0.4288557106053237,0.4288557106053237
20250716_openhands_kimi_k2/django__django-11951,django__django-11951,0,1,"('step', 'pca1', 30, 3)",0.4225526641883519,0.40863599202240264,0.40863599202240264
20250716_openhands_kimi_k2/django__django-13012,django__django-13012,0,1,"('step', 'pca1', 30, 3)",0.4225526641883519,0.4202462104587666,0.4202462104587666
20250716_openhands_kimi_k2/django__django-13028,django__django-13028,0,1,"('step', 'pca1', 30, 3)",0.4225526641883519,0.41005828132499333,0.41005828132499333
20250716_openhands_kimi_k2/django__django-13346,django__django-13346,0,1,"('step', 'pca1', 30, 3)",0.4225526641883519,0.41428032590795405,0.41428032590795405
20250716_openhands_kimi_k2/django__django-13363,django__django-13363,0,1,"('step', 'pca1', 30, 3)",0.4225526641883519,0.4238851266830851,0.4238851266830851
20250716_openhands_kimi_k2/django__django-13410,django__django-13410,0,1,"('step', 'pca1', 30, 3)",0.4225526641883519,0.4455545962424369,0.4455545962424369
20250716_openhands_kimi_k2/django__django-13417,django__django-13417,0,1,"('step', 'pca1', 30, 3)",0.4225526641883519,0.44179001289742,0.44179001289742
20250716_openhands_kimi_k2/django__django-13516,django__django-13516,0,1,"('step', 'pca1', 30, 3)",0.4225526641883519,0.42711527371639174,0.42711527371639174
20250716_openhands_kimi_k2/django__django-13786,django__django-13786,0,1,"('step', 'pca1', 30, 3)",0.4225526641883519,0.41584129261746355,0.41584129261746355
20250716_openhands_kimi_k2/django__django-13821,django__django-13821,0,1,"('step', 'pca1', 30, 3)",0.4225526641883519,0.42531337573699374,0.42531337573699374
20250716_openhands_kimi_k2/django__django-14007,django__django-14007,0,1,"('step', 'pca1', 30, 3)",0.4225526641883519,0.4253133757369934,0.4253133757369934
20250716_openhands_kimi_k2/django__django-14373,django__django-14373,0,1,"('step', 'pca1', 30, 3)",0.4225526641883519,0.41286992394232197,0.41286992394232197
20250716_openhands_kimi_k2/django__django-14376,django__django-14376,0,1,"('step', 'pca1', 30, 3)",0.4225526641883519,0.4113799265501385,0.4113799265501385
20250716_openhands_kimi_k2/django__django-14500,django__django-14500,0,1,"('step', 'pca1', 30, 3)",0.4225526641883519,0.4128699239423226,0.4128699239423226
20250716_openhands_kimi_k2/django__django-14771,django__django-14771,0,1,"('step', 'pca1', 30, 3)",0.4225526641883519,0.4143999238191728,0.4143999238191728
20250716_openhands_kimi_k2/django__django-15037,django__django-15037,0,1,"('step', 'pca1', 30, 3)",0.4225526641883519,0.42060418123466103,0.42060418123466103
20250716_openhands_kimi_k2/django__django-15467,django__django-15467,0,1,"('step', 'pca1', 30, 3)",0.4225526641883519,0.4288215950888902,0.4288215950888902
20250716_openhands_kimi_k2/django__django-15525,django__django-15525,0,1,"('step', 'pca1', 30, 3)",0.4225526641883519,0.44372355903653216,0.44372355903653216
20250716_openhands_kimi_k2/django__django-15731,django__django-15731,0,1,"('step', 'pca1', 30, 3)",0.4225526641883519,0.42198190978671934,0.42198190978671934
20250716_openhands_kimi_k2/django__django-15863,django__django-15863,0,1,"('step', 'pca1', 30, 3)",0.4225526641883519,0.436023716440015,0.436023716440015
20250716_openhands_kimi_k2/django__django-15930,django__django-15930,0,1,"('step', 'pca1', 30, 3)",0.4225526641883519,0.41150988832681645,0.41150988832681645
20250716_openhands_kimi_k2/django__django-16136,django__django-16136,0,1,"('step', 'pca1', 30, 3)",0.4225526641883519,0.4376489051631205,0.4376489051631205
20250716_openhands_kimi_k2/django__django-16145,django__django-16145,0,1,"('step', 'pca1', 30, 3)",0.4225526641883519,0.430676704727075,0.430676704727075
20250716_openhands_kimi_k2/django__django-16493,django__django-16493,0,1,"('step', 'pca1', 30, 3)",0.4225526641883519,0.42531337573699374,0.42531337573699374
20250716_openhands_kimi_k2/django__django-16527,django__django-16527,0,1,"('step', 'pca1', 30, 3)",0.4225526641883519,0.4159431317257679,0.4159431317257679
20250716_openhands_kimi_k2/django__django-17029,django__django-17029,0,1,"('step', 'pca1', 30, 3)",0.4225526641883519,0.4128699239423224,0.4128699239423224
20250716_openhands_kimi_k2/matplotlib__matplotlib-13989,matplotlib__matplotlib-13989,0,1,"('step', 'pca1', 30, 3)",0.4225526641883519,0.418702040095849,0.418702040095849
20250716_openhands_kimi_k2/matplotlib__matplotlib-22865,matplotlib__matplotlib-22865,0,1,"('step', 'pca1', 30, 3)",0.4225526641883519,0.4154022867956502,0.4154022867956502
20250716_openhands_kimi_k2/matplotlib__matplotlib-23412,matplotlib__matplotlib-23412,0,1,"('step', 'pca1', 30, 3)",0.4225526641883519,0.41742314609475745,0.41742314609475745
20250716_openhands_kimi_k2/matplotlib__matplotlib-24627,matplotlib__matplotlib-24627,0,1,"('step', 'pca1', 30, 3)",0.4225526641883519,0.4204987472342994,0.4204987472342994
20250716_openhands_kimi_k2/matplotlib__matplotlib-24637,matplotlib__matplotlib-24637,0,1,"('step', 'pca1', 30, 3)",0.4225526641883519,0.4219515321036441,0.4219515321036441
20250716_openhands_kimi_k2/matplotlib__matplotlib-25122,matplotlib__matplotlib-25122,0,1,"('step', 'pca1', 30, 3)",0.4225526641883519,0.4143999238191728,0.4143999238191728
20250716_openhands_kimi_k2/pydata__xarray-3305,pydata__xarray-3305,0,1,"('step', 'pca1', 30, 3)",0.4225526641883519,0.4222583833817329,0.4222583833817329
20250716_openhands_kimi_k2/pydata__xarray-7233,pydata__xarray-7233,0,1,"('step', 'pca1', 30, 3)",0.4225526641883519,0.43629407989837776,0.43629407989837776
20250716_openhands_kimi_k2/pytest-dev__pytest-10081,pytest-dev__pytest-10081,0,1,"('step', 'pca1', 30, 3)",0.4225526641883519,0.4253133757369934,0.4253133757369934
20250716_openhands_kimi_k2/scikit-learn__scikit-learn-14496,scikit-learn__scikit-learn-14496,0,1,"('step', 'pca1', 30, 3)",0.4225526641883519,0.42024621045876615,0.42024621045876615
20250716_openhands_kimi_k2/scikit-learn__scikit-learn-25747,scikit-learn__scikit-learn-25747,0,1,"('step', 'pca1', 30, 3)",0.4225526641883519,0.41439992381917296,0.41439992381917296
20250716_openhands_kimi_k2/sphinx-doc__sphinx-8120,sphinx-doc__sphinx-8120,0,1,"('step', 'pca1', 30, 3)",0.4225526641883519,0.42198190978671934,0.42198190978671934
20250716_openhands_kimi_k2/sphinx-doc__sphinx-8475,sphinx-doc__sphinx-8475,0,1,"('step', 'pca1', 30, 3)",0.4225526641883519,0.422275260877581,0.422275260877581
20250716_openhands_kimi_k2/sphinx-doc__sphinx-8548,sphinx-doc__sphinx-8548,0,1,"('step', 'pca1', 30, 3)",0.4225526641883519,0.43785111942326016,0.43785111942326016
20250716_openhands_kimi_k2/sphinx-doc__sphinx-9367,sphinx-doc__sphinx-9367,0,1,"('step', 'pca1', 30, 3)",0.4225526641883519,0.4159431317257684,0.4159431317257684
20250716_openhands_kimi_k2/sphinx-doc__sphinx-9698,sphinx-doc__sphinx-9698,0,1,"('step', 'pca1', 30, 3)",0.4225526641883519,0.4170149588992931,0.4170149588992931
20250716_openhands_kimi_k2/sympy__sympy-12096,sympy__sympy-12096,0,1,"('step', 'pca1', 30, 3)",0.4225526641883519,0.4170070325782515,0.4170070325782515
20250716_openhands_kimi_k2/sympy__sympy-12481,sympy__sympy-12481,0,1,"('step', 'pca1', 30, 3)",0.4225526641883519,0.4310591753657533,0.4310591753657533
20250716_openhands_kimi_k2/sympy__sympy-13757,sympy__sympy-13757,0,1,"('step', 'pca1', 30, 3)",0.4225526641883519,0.4159431317257685,0.4159431317257685
20250716_openhands_kimi_k2/sympy__sympy-16450,sympy__sympy-16450,0,1,"('step', 'pca1', 30, 3)",0.4225526641883519,0.42531337573699374,0.42531337573699374
20250716_openhands_kimi_k2/sympy__sympy-17655,sympy__sympy-17655,0,1,"('step', 'pca1', 30, 3)",0.4225526641883519,0.41742314609475745,0.41742314609475745
20250716_openhands_kimi_k2/sympy__sympy-19495,sympy__sympy-19495,0,1,"('step', 'pca1', 30, 3)",0.4225526641883519,0.40863599202240264,0.40863599202240264
20250716_openhands_kimi_k2/sympy__sympy-23262,sympy__sympy-23262,0,1,"('step', 'pca1', 30, 3)",0.4225526641883519,0.42717738233912206,0.42717738233912206
20250716_openhands_kimi_k2/sympy__sympy-23950,sympy__sympy-23950,0,1,"('step', 'pca1', 30, 3)",0.4225526641883519,0.430676704727075,0.430676704727075
20250807_openhands_gpt5/astropy__astropy-13398,astropy__astropy-13398,1,1,"('step', 'pca1', 30, 3)",0.4225526641883519,0.42980795146510575,0.42980795146510575
20250807_openhands_gpt5/django__django-10554,django__django-10554,1,1,"('step', 'pca1', 30, 3)",0.4225526641883519,0.42066253845477436,0.42066253845477436
20250807_openhands_gpt5/django__django-11087,django__django-11087,1,1,"('step', 'pca1', 30, 3)",0.4225526641883519,0.41439992381917323,0.41439992381917323
20250807_openhands_gpt5/django__django-11265,django__django-11265,1,1,"('step', 'pca1', 30, 3)",0.4225526641883519,0.4202462104587658,0.4202462104587658
20250807_openhands_gpt5/django__django-11728,django__django-11728,1,1,"('step', 'pca1', 30, 3)",0.4225526641883519,0.45300191265502676,0.45300191265502676
20250807_openhands_gpt5/django__django-11734,django__django-11734,1,1,"('step', 'pca1', 30, 3)",0.4225526641883519,0.4288557106053237,0.4288557106053237
20250807_openhands_gpt5/django__django-11790,django__django-11790,1,1,"('step', 'pca1', 30, 3)",0.4225526641883519,0.4130090101665479,0.4130090101665479
20250807_openhands_gpt5/django__django-11964,django__django-11964,1,1,"('step', 'pca1', 30, 3)",0.4225526641883519,0.42594678464314034,0.42594678464314034
20250807_openhands_gpt5/django__django-13344,django__django-13344,1,1,"('step', 'pca1', 30, 3)",0.4225526641883519,0.44153337721880087,0.44153337721880087
20250807_openhands_gpt5/django__django-14034,django__django-14034,1,1,"('step', 'pca1', 30, 3)",0.4225526641883519,0.41428032590795405,0.41428032590795405
20250807_openhands_gpt5/django__django-14155,django__django-14155,1,1,"('step', 'pca1', 30, 3)",0.4225526641883519,0.41584129261746333,0.41584129261746333
20250807_openhands_gpt5/django__django-16256,django__django-16256,1,1,"('step', 'pca1', 30, 3)",0.4225526641883519,0.42711527371639174,0.42711527371639174
20250807_openhands_gpt5/django__django-16950,django__django-16950,1,1,"('step', 'pca1', 30, 3)",0.4225526641883519,0.41005828132499333,0.41005828132499333
20250807_openhands_gpt5/matplotlib__matplotlib-23476,matplotlib__matplotlib-23476,1,1,"('step', 'pca1', 30, 3)",0.4225526641883519,0.42888219090905066,0.42888219090905066
20250807_openhands_gpt5/pylint-dev__pylint-4551,pylint-dev__pylint-4551,1,1,"('step', 'pca1', 30, 3)",0.4225526641883519,0.41428032590795405,0.41428032590795405
20250807_openhands_gpt5/pylint-dev__pylint-4661,pylint-dev__pylint-4661,1,1,"('step', 'pca1', 30, 3)",0.4225526641883519,0.4128699239423222,0.4128699239423222
20250807_openhands_gpt5/pylint-dev__pylint-8898,pylint-dev__pylint-8898,1,1,"('step', 'pca1', 30, 3)",0.4225526641883519,0.4159431317257684,0.4159431317257684
20250807_openhands_gpt5/pytest-dev__pytest-10356,pytest-dev__pytest-10356,1,1,"('step', 'pca1', 30, 3)",0.4225526641883519,0.41005828132499333,0.41005828132499333
20250807_openhands_gpt5/scikit-learn__scikit-learn-25102,scikit-learn__scikit-learn-25102,1,1,"('step', 'pca1', 30, 3)",0.4225526641883519,0.415943131725768,0.415943131725768
20250807_openhands_gpt5/sphinx-doc__sphinx-8548,sphinx-doc__sphinx-8548,1,1,"('step', 'pca1', 30, 3)",0.4225526641883519,0.4159431317257684,0.4159431317257684
20250807_openhands_gpt5/sympy__sympy-23950,sympy__sympy-23950,1,1,"('step', 'pca1', 30, 3)",0.4225526641883519,0.42388512668308453,0.42388512668308453
20250807_openhands_gpt5/django__django-11299,django__django-11299,0,1,"('step', 'pca1', 30, 3)",0.4225526641883519,0.4251662703046487,0.4251662703046487
20250807_openhands_gpt5/django__django-13346,django__django-13346,0,1,"('step', 'pca1', 30, 3)",0.4225526641883519,0.4202462104587663,0.4202462104587663
20250807_openhands_gpt5/django__django-13821,django__django-13821,0,1,"('step', 'pca1', 30, 3)",0.4225526641883519,0.4219515321036437,0.4219515321036437
20250807_openhands_gpt5/django__django-14007,django__django-14007,0,1,"('step', 'pca1', 30, 3)",0.4225526641883519,0.4113799265501385,0.4113799265501385
20250807_openhands_gpt5/django__django-14053,django__django-14053,0,1,"('step', 'pca1', 30, 3)",0.4225526641883519,0.4344894005747059,0.4344894005747059
20250807_openhands_gpt5/django__django-14140,django__django-14140,0,1,"('step', 'pca1', 30, 3)",0.4225526641883519,0.4271773823391225,0.4271773823391225
20250807_openhands_gpt5/django__django-14373,django__django-14373,0,1,"('step', 'pca1', 30, 3)",0.4225526641883519,0.42388512668308453,0.42388512668308453
20250807_openhands_gpt5/django__django-14376,django__django-14376,0,1,"('step', 'pca1', 30, 3)",0.4225526641883519,0.4186436155236876,0.4186436155236876
20250807_openhands_gpt5/django__django-14771,django__django-14771,0,1,"('step', 'pca1', 30, 3)",0.4225526641883519,0.4356503124460168,0.4356503124460168
20250807_openhands_gpt5/django__django-15037,django__django-15037,0,1,"('step', 'pca1', 30, 3)",0.4225526641883519,0.4099193316526869,0.4099193316526869
20250807_openhands_gpt5/django__django-15161,django__django-15161,0,1,"('step', 'pca1', 30, 3)",0.4225526641883519,0.4190661096237639,0.4190661096237639
20250807_openhands_gpt5/django__django-15467,django__django-15467,0,1,"('step', 'pca1', 30, 3)",0.4225526641883519,0.4271773823391225,0.4271773823391225
20250807_openhands_gpt5/django__django-15731,django__django-15731,0,1,"('step', 'pca1', 30, 3)",0.4225526641883519,0.4086359920224022,0.4086359920224022
20250807_openhands_gpt5/django__django-15930,django__django-15930,0,1,"('step', 'pca1', 30, 3)",0.4225526641883519,0.40863599202240264,0.40863599202240264
20250807_openhands_gpt5/django__django-16493,django__django-16493,0,1,"('step', 'pca1', 30, 3)",0.4225526641883519,0.4128699239423226,0.4128699239423226
20250807_openhands_gpt5/django__django-17084,django__django-17084,0,1,"('step', 'pca1', 30, 3)",0.4225526641883519,0.4757762245936631,0.4757762245936631
20250807_openhands_gpt5/matplotlib__matplotlib-23412,matplotlib__matplotlib-23412,0,1,"('step', 'pca1', 30, 3)",0.4225526641883519,0.41594313172576847,0.41594313172576847
20250807_openhands_gpt5/matplotlib__matplotlib-24627,matplotlib__matplotlib-24627,0,1,"('step', 'pca1', 30, 3)",0.4225526641883519,0.4376489051631205,0.4376489051631205
20250807_openhands_gpt5/matplotlib__matplotlib-24637,matplotlib__matplotlib-24637,0,1,"('step', 'pca1', 30, 3)",0.4225526641883519,0.4142803259079538,0.4142803259079538
20250807_openhands_gpt5/matplotlib__matplotlib-25960,matplotlib__matplotlib-25960,0,1,"('step', 'pca1', 30, 3)",0.4225526641883519,0.4113799265501385,0.4113799265501385
20250807_openhands_gpt5/pydata__xarray-3305,pydata__xarray-3305,0,1,"('step', 'pca1', 30, 3)",0.4225526641883519,0.41858631112751943,0.41858631112751943
20250807_openhands_gpt5/pytest-dev__pytest-5787,pytest-dev__pytest-5787,0,1,"('step', 'pca1', 30, 3)",0.4225526641883519,0.41583836849841355,0.41583836849841355
20250807_openhands_gpt5/sphinx-doc__sphinx-8120,sphinx-doc__sphinx-8120,0,1,"('step', 'pca1', 30, 3)",0.4225526641883519,0.43378369832616287,0.43378369832616287
20241029_OpenHands-CodeAct-2.1-sonnet-20241022/astropy__astropy-13977,astropy__astropy-13977,1,2,"('step', 'pca1', 30, 3)",0.42398022249690975,0.4343799649298685,0.4343799649298685
20241029_OpenHands-CodeAct-2.1-sonnet-20241022/django__django-11149,django__django-11149,1,2,"('step', 'pca1', 30, 3)",0.42398022249690975,0.4550490180179127,0.4550490180179127
20241029_OpenHands-CodeAct-2.1-sonnet-20241022/django__django-14631,django__django-14631,1,2,"('step', 'pca1', 30, 3)",0.42398022249690975,0.43871679047285594,0.43871679047285594
20241029_OpenHands-CodeAct-2.1-sonnet-20241022/django__django-15554,django__django-15554,1,2,"('step', 'pca1', 30, 3)",0.42398022249690975,0.40830532518558077,0.40830532518558077
20241029_OpenHands-CodeAct-2.1-sonnet-20241022/django__django-16263,django__django-16263,1,2,"('step', 'pca1', 30, 3)",0.42398022249690975,0.4706417934234741,0.4706417934234741
20241029_OpenHands-CodeAct-2.1-sonnet-20241022/django__django-16938,django__django-16938,1,2,"('step', 'pca1', 30, 3)",0.42398022249690975,0.48055113326149357,0.48055113326149357
20241029_OpenHands-CodeAct-2.1-sonnet-20241022/matplotlib__matplotlib-20488,matplotlib__matplotlib-20488,1,2,"('step', 'pca1', 30, 3)",0.42398022249690975,0.40547850698603066,0.40547850698603066
20241029_OpenHands-CodeAct-2.1-sonnet-20241022/psf__requests-1724,psf__requests-1724,1,2,"('step', 'pca1', 30, 3)",0.42398022249690975,0.43710005345112307,0.43710005345112307
20241029_OpenHands-CodeAct-2.1-sonnet-20241022/pydata__xarray-3095,pydata__xarray-3095,1,2,"('step', 'pca1', 30, 3)",0.42398022249690975,0.45124761835156707,0.45124761835156707
20241029_OpenHands-CodeAct-2.1-sonnet-20241022/pytest-dev__pytest-6197,pytest-dev__pytest-6197,1,2,"('step', 'pca1', 30, 3)",0.42398022249690975,0.42544883838997455,0.42544883838997455
20241029_OpenHands-CodeAct-2.1-sonnet-20241022/sphinx-doc__sphinx-10435,sphinx-doc__sphinx-10435,1,2,"('step', 'pca1', 30, 3)",0.42398022249690975,0.40547850698603066,0.40547850698603066
20241029_OpenHands-CodeAct-2.1-sonnet-20241022/sphinx-doc__sphinx-7748,sphinx-doc__sphinx-7748,1,2,"('step', 'pca1', 30, 3)",0.42398022249690975,0.43733369641175635,0.43733369641175635
20241029_OpenHands-CodeAct-2.1-sonnet-20241022/sphinx-doc__sphinx-9602,sphinx-doc__sphinx-9602,1,2,"('step', 'pca1', 30, 3)",0.42398022249690975,0.4521840552821675,0.4521840552821675
20241029_OpenHands-CodeAct-2.1-sonnet-20241022/sympy__sympy-14531,sympy__sympy-14531,1,2,"('step', 'pca1', 30, 3)",0.42398022249690975,0.41794829560984004,0.41794829560984004
20241029_OpenHands-CodeAct-2.1-sonnet-20241022/django__django-13406,django__django-13406,0,2,"('step', 'pca1', 30, 3)",0.42398022249690975,0.4854457427771472,0.4854457427771472
20241029_OpenHands-CodeAct-2.1-sonnet-20241022/django__django-14017,django__django-14017,0,2,"('step', 'pca1', 30, 3)",0.42398022249690975,0.44968969001095777,0.44968969001095777
20241029_OpenHands-CodeAct-2.1-sonnet-20241022/django__django-14122,django__django-14122,0,2,"('step', 'pca1', 30, 3)",0.42398022249690975,0.4706417934234741,0.4706417934234741
20250415_openhands/astropy__astropy-13977,astropy__astropy-13977,1,2,"('step', 'pca1', 30, 3)",0.42398022249690975,0.41893148093065113,0.41893148093065113
20250415_openhands/astropy__astropy-14365,astropy__astropy-14365,1,2,"('step', 'pca1', 30, 3)",0.42398022249690975,0.4286251703274655,0.4286251703274655
20250415_openhands/django__django-11149,django__django-11149,1,2,"('step', 'pca1', 30, 3)",0.42398022249690975,0.4407322661433942,0.4407322661433942
20250415_openhands/django__django-12325,django__django-12325,1,2,"('step', 'pca1', 30, 3)",0.42398022249690975,0.4149111470097579,0.4149111470097579
20250415_openhands/django__django-14170,django__django-14170,1,2,"('step', 'pca1', 30, 3)",0.42398022249690975,0.40334404440523347,0.40334404440523347
20250415_openhands/django__django-14631,django__django-14631,1,2,"('step', 'pca1', 30, 3)",0.42398022249690975,0.42268208795881884,0.42268208795881884
20250415_openhands/django__django-14725,django__django-14725,1,2,"('step', 'pca1', 30, 3)",0.42398022249690975,0.4268004830633921,0.4268004830633921
20250415_openhands/django__django-15127,django__django-15127,1,2,"('step', 'pca1', 30, 3)",0.42398022249690975,0.41893148093065113,0.41893148093065113
20250415_openhands/django__django-15268,django__django-15268,1,2,"('step', 'pca1', 30, 3)",0.42398022249690975,0.41210620735893877,0.41210620735893877
20250415_openhands/django__django-15563,django__django-15563,1,2,"('step', 'pca1', 30, 3)",0.42398022249690975,0.4382487206186764,0.4382487206186764
20250415_openhands/django__django-15695,django__django-15695,1,2,"('step', 'pca1', 30, 3)",0.42398022249690975,0.41794829560984004,0.41794829560984004
20250415_openhands/django__django-16263,django__django-16263,1,2,"('step', 'pca1', 30, 3)",0.42398022249690975,0.44075143972221964,0.44075143972221964
20250415_openhands/matplotlib__matplotlib-20488,matplotlib__matplotlib-20488,1,2,"('step', 'pca1', 30, 3)",0.42398022249690975,0.4237993277799898,0.4237993277799898
20250415_openhands/matplotlib__matplotlib-26466,matplotlib__matplotlib-26466,1,2,"('step', 'pca1', 30, 3)",0.42398022249690975,0.40830532518558066,0.40830532518558066
20250415_openhands/psf__requests-1724,psf__requests-1724,1,2,"('step', 'pca1', 30, 3)",0.42398022249690975,0.42472214967310634,0.42472214967310634
20250415_openhands/sphinx-doc__sphinx-7590,sphinx-doc__sphinx-7590,1,2,"('step', 'pca1', 30, 3)",0.42398022249690975,0.409987807002987,0.409987807002987
20250415_openhands/sphinx-doc__sphinx-7748,sphinx-doc__sphinx-7748,1,2,"('step', 'pca1', 30, 3)",0.42398022249690975,0.42171232429245037,0.42171232429245037
20250415_openhands/sphinx-doc__sphinx-8056,sphinx-doc__sphinx-8056,1,2,"('step', 'pca1', 30, 3)",0.42398022249690975,0.4242066116717096,0.4242066116717096
20250415_openhands/sphinx-doc__sphinx-9461,sphinx-doc__sphinx-9461,1,2,"('step', 'pca1', 30, 3)",0.42398022249690975,0.40830532518558094,0.40830532518558094
20250415_openhands/sphinx-doc__sphinx-9602,sphinx-doc__sphinx-9602,1,2,"('step', 'pca1', 30, 3)",0.42398022249690975,0.40120467661996,0.40120467661996
20250415_openhands/sympy__sympy-18763,sympy__sympy-18763,1,2,"('step', 'pca1', 30, 3)",0.42398022249690975,0.42268208795881884,0.42268208795881884
20250415_openhands/sympy__sympy-21596,sympy__sympy-21596,1,2,"('step', 'pca1', 30, 3)",0.42398022249690975,0.406177563897513,0.406177563897513
20250415_openhands/django__django-11749,django__django-11749,0,2,"('step', 'pca1', 30, 3)",0.42398022249690975,0.4725091941964464,0.4725091941964464
20250415_openhands/django__django-12774,django__django-12774,0,2,"('step', 'pca1', 30, 3)",0.42398022249690975,0.41491114700975773,0.41491114700975773
20250415_openhands/django__django-13109,django__django-13109,0,2,"('step', 'pca1', 30, 3)",0.42398022249690975,0.4334914126218249,0.4334914126218249
20250415_openhands/django__django-13406,django__django-13406,0,2,"('step', 'pca1', 30, 3)",0.42398022249690975,0.4149111470097576,0.4149111470097576
20250415_openhands/django__django-13741,django__django-13741,0,2,"('step', 'pca1', 30, 3)",0.42398022249690975,0.4727221917408156,0.4727221917408156
20250415_openhands/django__django-13809,django__django-13809,0,2,"('step', 'pca1', 30, 3)",0.42398022249690975,0.41683094190354003,0.41683094190354003
20250415_openhands/django__django-14017,django__django-14017,0,2,"('step', 'pca1', 30, 3)",0.42398022249690975,0.406177563897513,0.406177563897513
20250415_openhands/django__django-14122,django__django-14122,0,2,"('step', 'pca1', 30, 3)",0.42398022249690975,0.40334404440523347,0.40334404440523347
20250415_openhands/django__django-15554,django__django-15554,0,2,"('step', 'pca1', 30, 3)",0.42398022249690975,0.4200458154089214,0.4200458154089214
20250415_openhands/django__django-16139,django__django-16139,0,2,"('step', 'pca1', 30, 3)",0.42398022249690975,0.41210620735893894,0.41210620735893894
20250415_openhands/django__django-16333,django__django-16333,0,2,"('step', 'pca1', 30, 3)",0.42398022249690975,0.40830532518558066,0.40830532518558066
20250415_openhands/django__django-16485,django__django-16485,0,2,"('step', 'pca1', 30, 3)",0.42398022249690975,0.4594249958898879,0.4594249958898879
20250415_openhands/django__django-16899,django__django-16899,0,2,"('step', 'pca1', 30, 3)",0.42398022249690975,0.42171232429245037,0.42171232429245037
20250415_openhands/django__django-16901,django__django-16901,0,2,"('step', 'pca1', 30, 3)",0.42398022249690975,0.430272889887502,0.430272889887502
20250415_openhands/django__django-16938,django__django-16938,0,2,"('step', 'pca1', 30, 3)",0.42398022249690975,0.4099878070029871,0.4099878070029871
20250415_openhands/matplotlib__matplotlib-26291,matplotlib__matplotlib-26291,0,2,"('step', 'pca1', 30, 3)",0.42398022249690975,0.430272889887502,0.430272889887502
20250415_openhands/mwaskom__seaborn-3069,mwaskom__seaborn-3069,0,2,"('step', 'pca1', 30, 3)",0.42398022249690975,0.43161507318024456,0.43161507318024456
20250415_openhands/psf__requests-5414,psf__requests-5414,0,2,"('step', 'pca1', 30, 3)",0.42398022249690975,0.41491114700975773,0.41491114700975773
20250415_openhands/pydata__xarray-2905,pydata__xarray-2905,0,2,"('step', 'pca1', 30, 3)",0.42398022249690975,0.43161507318024456,0.43161507318024456
20250415_openhands/pydata__xarray-3095,pydata__xarray-3095,0,2,"('step', 'pca1', 30, 3)",0.42398022249690975,0.4371640151187181,0.4371640151187181
20250415_openhands/pydata__xarray-3677,pydata__xarray-3677,0,2,"('step', 'pca1', 30, 3)",0.42398022249690975,0.40617756389751275,0.40617756389751275
20250415_openhands/pydata__xarray-4094,pydata__xarray-4094,0,2,"('step', 'pca1', 30, 3)",0.42398022249690975,0.40830532518558077,0.40830532518558077
20250415_openhands/pydata__xarray-4966,pydata__xarray-4966,0,2,"('step', 'pca1', 30, 3)",0.42398022249690975,0.41491114700975773,0.41491114700975773
20250415_openhands/pytest-dev__pytest-6197,pytest-dev__pytest-6197,0,2,"('step', 'pca1', 30, 3)",0.42398022249690975,0.41491114700975773,0.41491114700975773
20250415_openhands/pytest-dev__pytest-7205,pytest-dev__pytest-7205,0,2,"('step', 'pca1', 30, 3)",0.42398022249690975,0.40830532518558077,0.40830532518558077
20250415_openhands/pytest-dev__pytest-7571,pytest-dev__pytest-7571,0,2,"('step', 'pca1', 30, 3)",0.42398022249690975,0.41794829560984004,0.41794829560984004
20250415_openhands/scikit-learn__scikit-learn-10908,scikit-learn__scikit-learn-10908,0,2,"('step', 'pca1', 30, 3)",0.42398022249690975,0.4357066600118253,0.4357066600118253
20250415_openhands/scikit-learn__scikit-learn-12682,scikit-learn__scikit-learn-12682,0,2,"('step', 'pca1', 30, 3)",0.42398022249690975,0.414911147009758,0.414911147009758
20250415_openhands/scikit-learn__scikit-learn-9288,scikit-learn__scikit-learn-9288,0,2,"('step', 'pca1', 30, 3)",0.42398022249690975,0.4151540326864274,0.4151540326864274
20250415_openhands/sphinx-doc__sphinx-8593,sphinx-doc__sphinx-8593,0,2,"('step', 'pca1', 30, 3)",0.42398022249690975,0.43051964749487404,0.43051964749487404
20250415_openhands/sympy__sympy-14531,sympy__sympy-14531,0,2,"('step', 'pca1', 30, 3)",0.42398022249690975,0.42379932777998996,0.42379932777998996
20250415_openhands/sympy__sympy-15349,sympy__sympy-15349,0,2,"('step', 'pca1', 30, 3)",0.42398022249690975,0.4132385701989414,0.4132385701989414
20250415_openhands/sympy__sympy-20801,sympy__sympy-20801,0,2,"('step', 'pca1', 30, 3)",0.42398022249690975,0.4149111470097576,0.4149111470097576
20250415_openhands/sympy__sympy-22714,sympy__sympy-22714,0,2,"('step', 'pca1', 30, 3)",0.42398022249690975,0.4151624509652883,0.4151624509652883
20250520_openhands_devstral_small/astropy__astropy-13977,astropy__astropy-13977,1,2,"('step', 'pca1', 30, 3)",0.42398022249690975,0.4130518968955655,0.4130518968955655
20250520_openhands_devstral_small/astropy__astropy-14365,astropy__astropy-14365,1,2,"('step', 'pca1', 30, 3)",0.42398022249690975,0.40830532518558077,0.40830532518558077
20250520_openhands_devstral_small/django__django-11149,django__django-11149,1,2,"('step', 'pca1', 30, 3)",0.42398022249690975,0.44367489493826334,0.44367489493826334
20250520_openhands_devstral_small/django__django-11179,django__django-11179,1,2,"('step', 'pca1', 30, 3)",0.42398022249690975,0.4485917636097157,0.4485917636097157
20250520_openhands_devstral_small/django__django-11749,django__django-11749,1,2,"('step', 'pca1', 30, 3)",0.42398022249690975,0.432324704648769,0.432324704648769
20250520_openhands_devstral_small/django__django-12193,django__django-12193,1,2,"('step', 'pca1', 30, 3)",0.42398022249690975,0.41893148093065097,0.41893148093065097
20250520_openhands_devstral_small/django__django-12325,django__django-12325,1,2,"('step', 'pca1', 30, 3)",0.42398022249690975,0.4321531432839425,0.4321531432839425
20250520_openhands_devstral_small/django__django-12774,django__django-12774,1,2,"('step', 'pca1', 30, 3)",0.42398022249690975,0.41893148093065147,0.41893148093065147
20250520_openhands_devstral_small/django__django-13212,django__django-13212,1,2,"('step', 'pca1', 30, 3)",0.42398022249690975,0.4302728898875021,0.4302728898875021
20250520_openhands_devstral_small/django__django-13401,django__django-13401,1,2,"('step', 'pca1', 30, 3)",0.42398022249690975,0.44836238021140373,0.44836238021140373
20250520_openhands_devstral_small/django__django-13551,django__django-13551,1,2,"('step', 'pca1', 30, 3)",0.42398022249690975,0.41794829560984004,0.41794829560984004
20250520_openhands_devstral_small/django__django-14170,django__django-14170,1,2,"('step', 'pca1', 30, 3)",0.42398022249690975,0.4168309419035399,0.4168309419035399
20250520_openhands_devstral_small/django__django-14238,django__django-14238,1,2,"('step', 'pca1', 30, 3)",0.42398022249690975,0.4268004830633924,0.4268004830633924
20250520_openhands_devstral_small/django__django-14534,django__django-14534,1,2,"('step', 'pca1', 30, 3)",0.42398022249690975,0.40830532518558077,0.40830532518558077
20250520_openhands_devstral_small/django__django-14631,django__django-14631,1,2,"('step', 'pca1', 30, 3)",0.42398022249690975,0.4130518968955655,0.4130518968955655
20250520_openhands_devstral_small/django__django-14725,django__django-14725,1,2,"('step', 'pca1', 30, 3)",0.42398022249690975,0.4332460075622243,0.4332460075622243
20250520_openhands_devstral_small/django__django-15554,django__django-15554,1,2,"('step', 'pca1', 30, 3)",0.42398022249690975,0.42171232429245037,0.42171232429245037
20250520_openhands_devstral_small/django__django-15563,django__django-15563,1,2,"('step', 'pca1', 30, 3)",0.42398022249690975,0.4237993277799902,0.4237993277799902
20250520_openhands_devstral_small/django__django-15695,django__django-15695,1,2,"('step', 'pca1', 30, 3)",0.42398022249690975,0.4200458154089214,0.4200458154089214
20250520_openhands_devstral_small/django__django-16263,django__django-16263,1,2,"('step', 'pca1', 30, 3)",0.42398022249690975,0.4132385701989414,0.4132385701989414
20250520_openhands_devstral_small/django__django-16899,django__django-16899,1,2,"('step', 'pca1', 30, 3)",0.42398022249690975,0.42171232429245037,0.42171232429245037
20250520_openhands_devstral_small/django__django-16901,django__django-16901,1,2,"('step', 'pca1', 30, 3)",0.42398022249690975,0.40830532518558094,0.40830532518558094
20250520_openhands_devstral_small/django__django-16938,django__django-16938,1,2,"('step', 'pca1', 30, 3)",0.42398022249690975,0.40334404440523347,0.40334404440523347
20250520_openhands_devstral_small/matplotlib__matplotlib-20488,matplotlib__matplotlib-20488,1,2,"('step', 'pca1', 30, 3)",0.42398022249690975,0.4130518968955655,0.4130518968955655
20250520_openhands_devstral_small/matplotlib__matplotlib-26466,matplotlib__matplotlib-26466,1,2,"('step', 'pca1', 30, 3)",0.42398022249690975,0.44367489493826334,0.44367489493826334
20250520_openhands_devstral_small/mwaskom__seaborn-3069,mwaskom__seaborn-3069,1,2,"('step', 'pca1', 30, 3)",0.42398022249690975,0.4149111470097576,0.4149111470097576
20250520_openhands_devstral_small/psf__requests-1724,psf__requests-1724,1,2,"('step', 'pca1', 30, 3)",0.42398022249690975,0.4149111470097576,0.4149111470097576
20250520_openhands_devstral_small/psf__requests-2317,psf__requests-2317,1,2,"('step', 'pca1', 30, 3)",0.42398022249690975,0.4387167904728559,0.4387167904728559
20250520_openhands_devstral_small/psf__requests-6028,psf__requests-6028,1,2,"('step', 'pca1', 30, 3)",0.42398022249690975,0.4151540326864276,0.4151540326864276
20250520_openhands_devstral_small/pydata__xarray-3095,pydata__xarray-3095,1,2,"('step', 'pca1', 30, 3)",0.42398022249690975,0.40334404440523364,0.40334404440523364
20250520_openhands_devstral_small/pydata__xarray-4094,pydata__xarray-4094,1,2,"('step', 'pca1', 30, 3)",0.42398022249690975,0.4355430167154048,0.4355430167154048
20250520_openhands_devstral_small/pydata__xarray-6744,pydata__xarray-6744,1,2,"('step', 'pca1', 30, 3)",0.42398022249690975,0.41893148093065097,0.41893148093065097
20250520_openhands_devstral_small/pytest-dev__pytest-6197,pytest-dev__pytest-6197,1,2,"('step', 'pca1', 30, 3)",0.42398022249690975,0.41210620735893894,0.41210620735893894
20250520_openhands_devstral_small/sphinx-doc__sphinx-10435,sphinx-doc__sphinx-10435,1,2,"('step', 'pca1', 30, 3)",0.42398022249690975,0.406177563897513,0.406177563897513
20250520_openhands_devstral_small/sphinx-doc__sphinx-10673,sphinx-doc__sphinx-10673,1,2,"('step', 'pca1', 30, 3)",0.42398022249690975,0.40830532518558077,0.40830532518558077
20250520_openhands_devstral_small/sphinx-doc__sphinx-7590,sphinx-doc__sphinx-7590,1,2,"('step', 'pca1', 30, 3)",0.42398022249690975,0.46932483087761767,0.46932483087761767
20250520_openhands_devstral_small/sphinx-doc__sphinx-7748,sphinx-doc__sphinx-7748,1,2,"('step', 'pca1', 30, 3)",0.42398022249690975,0.406177563897513,0.406177563897513
20250520_openhands_devstral_small/sphinx-doc__sphinx-8056,sphinx-doc__sphinx-8056,1,2,"('step', 'pca1', 30, 3)",0.42398022249690975,0.40830532518558066,0.40830532518558066
20250520_openhands_devstral_small/sphinx-doc__sphinx-8593,sphinx-doc__sphinx-8593,1,2,"('step', 'pca1', 30, 3)",0.42398022249690975,0.503294050432373,0.503294050432373
20250520_openhands_devstral_small/sphinx-doc__sphinx-9461,sphinx-doc__sphinx-9461,1,2,"('step', 'pca1', 30, 3)",0.42398022249690975,0.40830532518558077,0.40830532518558077
20250520_openhands_devstral_small/sphinx-doc__sphinx-9602,sphinx-doc__sphinx-9602,1,2,"('step', 'pca1', 30, 3)",0.42398022249690975,0.42195265682683936,0.42195265682683936
20250520_openhands_devstral_small/sympy__sympy-13647,sympy__sympy-13647,1,2,"('step', 'pca1', 30, 3)",0.42398022249690975,0.41112304573696784,0.41112304573696784
20250520_openhands_devstral_small/sympy__sympy-13974,sympy__sympy-13974,1,2,"('step', 'pca1', 30, 3)",0.42398022249690975,0.40334404440523347,0.40334404440523347
20250520_openhands_devstral_small/sympy__sympy-15349,sympy__sympy-15349,1,2,"('step', 'pca1', 30, 3)",0.42398022249690975,0.409987807002987,0.409987807002987
20250520_openhands_devstral_small/sympy__sympy-20801,sympy__sympy-20801,1,2,"('step', 'pca1', 30, 3)",0.42398022249690975,0.40830532518558077,0.40830532518558077
20250520_openhands_devstral_small/sympy__sympy-21596,sympy__sympy-21596,1,2,"('step', 'pca1', 30, 3)",0.42398022249690975,0.40334404440523364,0.40334404440523364
20250520_openhands_devstral_small/sympy__sympy-22714,sympy__sympy-22714,1,2,"('step', 'pca1', 30, 3)",0.42398022249690975,0.409987807002987,0.409987807002987
20250520_openhands_devstral_small/django__django-12419,django__django-12419,0,2,"('step', 'pca1', 30, 3)",0.42398022249690975,0.41279992451403963,0.41279992451403963
20250520_openhands_devstral_small/django__django-13089,django__django-13089,0,2,"('step', 'pca1', 30, 3)",0.42398022249690975,0.41491114700975773,0.41491114700975773
20250520_openhands_devstral_small/django__django-13109,django__django-13109,0,2,"('step', 'pca1', 30, 3)",0.42398022249690975,0.41794829560984,0.41794829560984
20250520_openhands_devstral_small/django__django-13406,django__django-13406,0,2,"('step', 'pca1', 30, 3)",0.42398022249690975,0.44836238021140373,0.44836238021140373
20250520_openhands_devstral_small/django__django-13809,django__django-13809,0,2,"('step', 'pca1', 30, 3)",0.42398022249690975,0.4357066600118253,0.4357066600118253
20250520_openhands_devstral_small/django__django-14122,django__django-14122,0,2,"('step', 'pca1', 30, 3)",0.42398022249690975,0.406177563897513,0.406177563897513
20250520_openhands_devstral_small/django__django-15103,django__django-15103,0,2,"('step', 'pca1', 30, 3)",0.42398022249690975,0.5036722714192592,0.5036722714192592
20250520_openhands_devstral_small/django__django-15127,django__django-15127,0,2,"('step', 'pca1', 30, 3)",0.42398022249690975,0.41893148093065113,0.41893148093065113
20250520_openhands_devstral_small/django__django-15268,django__django-15268,0,2,"('step', 'pca1', 30, 3)",0.42398022249690975,0.40617756389751297,0.40617756389751297
20250520_openhands_devstral_small/django__django-15277,django__django-15277,0,2,"('step', 'pca1', 30, 3)",0.42398022249690975,0.4407322661433942,0.4407322661433942
20250520_openhands_devstral_small/django__django-16485,django__django-16485,0,2,"('step', 'pca1', 30, 3)",0.42398022249690975,0.4692867194228488,0.4692867194228488
20250520_openhands_devstral_small/django__django-16662,django__django-16662,0,2,"('step', 'pca1', 30, 3)",0.42398022249690975,0.4472988087556741,0.4472988087556741
20250520_openhands_devstral_small/django__django-17087,django__django-17087,0,2,"('step', 'pca1', 30, 3)",0.42398022249690975,0.4149111470097576,0.4149111470097576
20250520_openhands_devstral_small/matplotlib__matplotlib-24970,matplotlib__matplotlib-24970,0,2,"('step', 'pca1', 30, 3)",0.42398022249690975,0.450760782083588,0.450760782083588
20250520_openhands_devstral_small/pydata__xarray-2905,pydata__xarray-2905,0,2,"('step', 'pca1', 30, 3)",0.42398022249690975,0.43324600756222414,0.43324600756222414
20250520_openhands_devstral_small/pytest-dev__pytest-7205,pytest-dev__pytest-7205,0,2,"('step', 'pca1', 30, 3)",0.42398022249690975,0.44190254369174875,0.44190254369174875
20250520_openhands_devstral_small/pytest-dev__pytest-7571,pytest-dev__pytest-7571,0,2,"('step', 'pca1', 30, 3)",0.42398022249690975,0.40334404440523364,0.40334404440523364
20250520_openhands_devstral_small/scikit-learn__scikit-learn-11578,scikit-learn__scikit-learn-11578,0,2,"('step', 'pca1', 30, 3)",0.42398022249690975,0.4149111470097576,0.4149111470097576
20250520_openhands_devstral_small/scikit-learn__scikit-learn-12682,scikit-learn__scikit-learn-12682,0,2,"('step', 'pca1', 30, 3)",0.42398022249690975,0.4752549088116727,0.4752549088116727
20250520_openhands_devstral_small/scikit-learn__scikit-learn-13328,scikit-learn__scikit-learn-13328,0,2,"('step', 'pca1', 30, 3)",0.42398022249690975,0.47592032812938934,0.47592032812938934
20250520_openhands_devstral_small/scikit-learn__scikit-learn-25931,scikit-learn__scikit-learn-25931,0,2,"('step', 'pca1', 30, 3)",0.42398022249690975,0.40334404440523364,0.40334404440523364
20250520_openhands_devstral_small/scikit-learn__scikit-learn-9288,scikit-learn__scikit-learn-9288,0,2,"('step', 'pca1', 30, 3)",0.42398022249690975,0.42171232429245054,0.42171232429245054
20250520_openhands_devstral_small/sphinx-doc__sphinx-7889,sphinx-doc__sphinx-7889,0,2,"('step', 'pca1', 30, 3)",0.42398022249690975,0.44432874347234114,0.44432874347234114
20250520_openhands_devstral_small/sphinx-doc__sphinx-7910,sphinx-doc__sphinx-7910,0,2,"('step', 'pca1', 30, 3)",0.42398022249690975,0.4400410030436541,0.4400410030436541
20250520_openhands_devstral_small/sympy__sympy-13372,sympy__sympy-13372,0,2,"('step', 'pca1', 30, 3)",0.42398022249690975,0.40334404440523364,0.40334404440523364
20250520_openhands_devstral_small/sympy__sympy-14531,sympy__sympy-14531,0,2,"('step', 'pca1', 30, 3)",0.42398022249690975,0.4240389863649036,0.4240389863649036
20250520_openhands_devstral_small/sympy__sympy-18763,sympy__sympy-18763,0,2,"('step', 'pca1', 30, 3)",0.42398022249690975,0.4130518968955655,0.4130518968955655
20250520_openhands_devstral_small/sympy__sympy-19346,sympy__sympy-19346,0,2,"('step', 'pca1', 30, 3)",0.42398022249690975,0.45218405528216726,0.45218405528216726
20250520_openhands_devstral_small/sympy__sympy-20154,sympy__sympy-20154,0,2,"('step', 'pca1', 30, 3)",0.42398022249690975,0.4237993277799898,0.4237993277799898
20250524_openhands_claude_4_sonnet/astropy__astropy-13977,astropy__astropy-13977,1,2,"('step', 'pca1', 30, 3)",0.42398022249690975,0.42171232429245054,0.42171232429245054
20250524_openhands_claude_4_sonnet/astropy__astropy-14365,astropy__astropy-14365,1,2,"('step', 'pca1', 30, 3)",0.42398022249690975,0.4405820487317345,0.4405820487317345
20250524_openhands_claude_4_sonnet/django__django-11149,django__django-11149,1,2,"('step', 'pca1', 30, 3)",0.42398022249690975,0.4254488383899743,0.4254488383899743
20250524_openhands_claude_4_sonnet/django__django-12325,django__django-12325,1,2,"('step', 'pca1', 30, 3)",0.42398022249690975,0.42903895907822254,0.42903895907822254
20250524_openhands_claude_4_sonnet/django__django-13212,django__django-13212,1,2,"('step', 'pca1', 30, 3)",0.42398022249690975,0.4200544013217149,0.4200544013217149
20250524_openhands_claude_4_sonnet/django__django-14170,django__django-14170,1,2,"('step', 'pca1', 30, 3)",0.42398022249690975,0.409987807002987,0.409987807002987
20250524_openhands_claude_4_sonnet/django__django-14534,django__django-14534,1,2,"('step', 'pca1', 30, 3)",0.42398022249690975,0.4149111470097579,0.4149111470097579
20250524_openhands_claude_4_sonnet/django__django-14725,django__django-14725,1,2,"('step', 'pca1', 30, 3)",0.42398022249690975,0.40334404440523364,0.40334404440523364
20250524_openhands_claude_4_sonnet/django__django-15127,django__django-15127,1,2,"('step', 'pca1', 30, 3)",0.42398022249690975,0.4240389863649038,0.4240389863649038
20250524_openhands_claude_4_sonnet/django__django-15554,django__django-15554,1,2,"('step', 'pca1', 30, 3)",0.42398022249690975,0.42171232429245037,0.42171232429245037
20250524_openhands_claude_4_sonnet/django__django-15563,django__django-15563,1,2,"('step', 'pca1', 30, 3)",0.42398022249690975,0.42195265682683936,0.42195265682683936
20250524_openhands_claude_4_sonnet/django__django-15695,django__django-15695,1,2,"('step', 'pca1', 30, 3)",0.42398022249690975,0.4371640151187181,0.4371640151187181
20250524_openhands_claude_4_sonnet/django__django-16263,django__django-16263,1,2,"('step', 'pca1', 30, 3)",0.42398022249690975,0.409987807002987,0.409987807002987
20250524_openhands_claude_4_sonnet/django__django-16938,django__django-16938,1,2,"('step', 'pca1', 30, 3)",0.42398022249690975,0.4123500259586371,0.4123500259586371
20250524_openhands_claude_4_sonnet/matplotlib__matplotlib-20488,matplotlib__matplotlib-20488,1,2,"('step', 'pca1', 30, 3)",0.42398022249690975,0.4111230457369678,0.4111230457369678
20250524_openhands_claude_4_sonnet/matplotlib__matplotlib-26466,matplotlib__matplotlib-26466,1,2,"('step', 'pca1', 30, 3)",0.42398022249690975,0.40547850698603066,0.40547850698603066
20250524_openhands_claude_4_sonnet/psf__requests-1724,psf__requests-1724,1,2,"('step', 'pca1', 30, 3)",0.42398022249690975,0.4099878070029871,0.4099878070029871
20250524_openhands_claude_4_sonnet/psf__requests-2317,psf__requests-2317,1,2,"('step', 'pca1', 30, 3)",0.42398022249690975,0.4151540326864274,0.4151540326864274
20250524_openhands_claude_4_sonnet/psf__requests-6028,psf__requests-6028,1,2,"('step', 'pca1', 30, 3)",0.42398022249690975,0.406177563897513,0.406177563897513
20250524_openhands_claude_4_sonnet/pytest-dev__pytest-6197,pytest-dev__pytest-6197,1,2,"('step', 'pca1', 30, 3)",0.42398022249690975,0.4692867194228488,0.4692867194228488
20250524_openhands_claude_4_sonnet/scikit-learn__scikit-learn-14629,scikit-learn__scikit-learn-14629,1,2,"('step', 'pca1', 30, 3)",0.42398022249690975,0.4033440444052334,0.4033440444052334
20250524_openhands_claude_4_sonnet/scikit-learn__scikit-learn-25931,scikit-learn__scikit-learn-25931,1,2,"('step', 'pca1', 30, 3)",0.42398022249690975,0.46942391281141266,0.46942391281141266
20250524_openhands_claude_4_sonnet/sphinx-doc__sphinx-7590,sphinx-doc__sphinx-7590,1,2,"('step', 'pca1', 30, 3)",0.42398022249690975,0.41491114700975773,0.41491114700975773
20250524_openhands_claude_4_sonnet/sphinx-doc__sphinx-7748,sphinx-doc__sphinx-7748,1,2,"('step', 'pca1', 30, 3)",0.42398022249690975,0.43600367886586616,0.43600367886586616
20250524_openhands_claude_4_sonnet/sphinx-doc__sphinx-8056,sphinx-doc__sphinx-8056,1,2,"('step', 'pca1', 30, 3)",0.42398022249690975,0.42862517032746533,0.42862517032746533
20250524_openhands_claude_4_sonnet/sphinx-doc__sphinx-9461,sphinx-doc__sphinx-9461,1,2,"('step', 'pca1', 30, 3)",0.42398022249690975,0.4061775638975128,0.4061775638975128
20250524_openhands_claude_4_sonnet/sphinx-doc__sphinx-9602,sphinx-doc__sphinx-9602,1,2,"('step', 'pca1', 30, 3)",0.42398022249690975,0.42171232429245037,0.42171232429245037
20250524_openhands_claude_4_sonnet/sympy__sympy-13852,sympy__sympy-13852,1,2,"('step', 'pca1', 30, 3)",0.42398022249690975,0.4071664310562069,0.4071664310562069
20250524_openhands_claude_4_sonnet/sympy__sympy-13974,sympy__sympy-13974,1,2,"('step', 'pca1', 30, 3)",0.42398022249690975,0.48547025432075563,0.48547025432075563
20250524_openhands_claude_4_sonnet/sympy__sympy-18763,sympy__sympy-18763,1,2,"('step', 'pca1', 30, 3)",0.42398022249690975,0.4343799649298685,0.4343799649298685
20250524_openhands_claude_4_sonnet/sympy__sympy-21596,sympy__sympy-21596,1,2,"('step', 'pca1', 30, 3)",0.42398022249690975,0.4132385701989414,0.4132385701989414
20250524_openhands_claude_4_sonnet/django__django-11179,django__django-11179,0,2,"('step', 'pca1', 30, 3)",0.42398022249690975,0.44367489493826356,0.44367489493826356
20250524_openhands_claude_4_sonnet/django__django-11749,django__django-11749,0,2,"('step', 'pca1', 30, 3)",0.42398022249690975,0.44202809593671333,0.44202809593671333
20250524_openhands_claude_4_sonnet/django__django-12193,django__django-12193,0,2,"('step', 'pca1', 30, 3)",0.42398022249690975,0.4254488383899743,0.4254488383899743
20250524_openhands_claude_4_sonnet/django__django-12419,django__django-12419,0,2,"('step', 'pca1', 30, 3)",0.42398022249690975,0.4268004830633921,0.4268004830633921
20250524_openhands_claude_4_sonnet/django__django-12774,django__django-12774,0,2,"('step', 'pca1', 30, 3)",0.42398022249690975,0.44367489493826356,0.44367489493826356
20250524_openhands_claude_4_sonnet/django__django-13089,django__django-13089,0,2,"('step', 'pca1', 30, 3)",0.42398022249690975,0.4111230457369678,0.4111230457369678
20250524_openhands_claude_4_sonnet/django__django-13109,django__django-13109,0,2,"('step', 'pca1', 30, 3)",0.42398022249690975,0.4186814984718513,0.4186814984718513
20250524_openhands_claude_4_sonnet/django__django-13401,django__django-13401,0,2,"('step', 'pca1', 30, 3)",0.42398022249690975,0.4342089596226045,0.4342089596226045
20250524_openhands_claude_4_sonnet/django__django-13406,django__django-13406,0,2,"('step', 'pca1', 30, 3)",0.42398022249690975,0.4149111470097576,0.4149111470097576
20250524_openhands_claude_4_sonnet/django__django-13551,django__django-13551,0,2,"('step', 'pca1', 30, 3)",0.42398022249690975,0.4061775638975128,0.4061775638975128
20250524_openhands_claude_4_sonnet/django__django-13590,django__django-13590,0,2,"('step', 'pca1', 30, 3)",0.42398022249690975,0.40830532518558066,0.40830532518558066
20250524_openhands_claude_4_sonnet/django__django-13658,django__django-13658,0,2,"('step', 'pca1', 30, 3)",0.42398022249690975,0.406177563897513,0.406177563897513
20250524_openhands_claude_4_sonnet/django__django-13741,django__django-13741,0,2,"('step', 'pca1', 30, 3)",0.42398022249690975,0.41893148093065113,0.41893148093065113
20250524_openhands_claude_4_sonnet/django__django-13809,django__django-13809,0,2,"('step', 'pca1', 30, 3)",0.42398022249690975,0.4099878070029871,0.4099878070029871
20250524_openhands_claude_4_sonnet/django__django-14017,django__django-14017,0,2,"('step', 'pca1', 30, 3)",0.42398022249690975,0.4033440444052335,0.4033440444052335
20250524_openhands_claude_4_sonnet/django__django-14122,django__django-14122,0,2,"('step', 'pca1', 30, 3)",0.42398022249690975,0.40120467661996,0.40120467661996
20250524_openhands_claude_4_sonnet/django__django-14238,django__django-14238,0,2,"('step', 'pca1', 30, 3)",0.42398022249690975,0.4727221917408153,0.4727221917408153
20250524_openhands_claude_4_sonnet/django__django-14349,django__django-14349,0,2,"('step', 'pca1', 30, 3)",0.42398022249690975,0.40334404440523364,0.40334404440523364
20250524_openhands_claude_4_sonnet/django__django-14631,django__django-14631,0,2,"('step', 'pca1', 30, 3)",0.42398022249690975,0.40830532518558094,0.40830532518558094
20250524_openhands_claude_4_sonnet/django__django-14765,django__django-14765,0,2,"('step', 'pca1', 30, 3)",0.42398022249690975,0.43051964749487404,0.43051964749487404
20250524_openhands_claude_4_sonnet/django__django-15103,django__django-15103,0,2,"('step', 'pca1', 30, 3)",0.42398022249690975,0.41893148093065097,0.41893148093065097
20250524_openhands_claude_4_sonnet/django__django-15268,django__django-15268,0,2,"('step', 'pca1', 30, 3)",0.42398022249690975,0.42143542410661966,0.42143542410661966
20250524_openhands_claude_4_sonnet/django__django-15277,django__django-15277,0,2,"('step', 'pca1', 30, 3)",0.42398022249690975,0.4323247046487691,0.4323247046487691
20250524_openhands_claude_4_sonnet/django__django-15569,django__django-15569,0,2,"('step', 'pca1', 30, 3)",0.42398022249690975,0.40830532518558077,0.40830532518558077
20250524_openhands_claude_4_sonnet/django__django-16139,django__django-16139,0,2,"('step', 'pca1', 30, 3)",0.42398022249690975,0.4061775638975128,0.4061775638975128
20250524_openhands_claude_4_sonnet/django__django-16333,django__django-16333,0,2,"('step', 'pca1', 30, 3)",0.42398022249690975,0.4033440444052335,0.4033440444052335
20250524_openhands_claude_4_sonnet/django__django-16485,django__django-16485,0,2,"('step', 'pca1', 30, 3)",0.42398022249690975,0.40830532518558077,0.40830532518558077
20250524_openhands_claude_4_sonnet/django__django-16595,django__django-16595,0,2,"('step', 'pca1', 30, 3)",0.42398022249690975,0.40547850698603066,0.40547850698603066
20250524_openhands_claude_4_sonnet/django__django-16662,django__django-16662,0,2,"('step', 'pca1', 30, 3)",0.42398022249690975,0.4242066116717096,0.4242066116717096
20250524_openhands_claude_4_sonnet/django__django-16899,django__django-16899,0,2,"('step', 'pca1', 30, 3)",0.42398022249690975,0.43600367886586616,0.43600367886586616
20250524_openhands_claude_4_sonnet/django__django-16901,django__django-16901,0,2,"('step', 'pca1', 30, 3)",0.42398022249690975,0.41279992451403963,0.41279992451403963
20250524_openhands_claude_4_sonnet/django__django-17087,django__django-17087,0,2,"('step', 'pca1', 30, 3)",0.42398022249690975,0.4111230457369678,0.4111230457369678
20250524_openhands_claude_4_sonnet/matplotlib__matplotlib-24970,matplotlib__matplotlib-24970,0,2,"('step', 'pca1', 30, 3)",0.42398022249690975,0.406177563897513,0.406177563897513
20250524_openhands_claude_4_sonnet/matplotlib__matplotlib-26291,matplotlib__matplotlib-26291,0,2,"('step', 'pca1', 30, 3)",0.42398022249690975,0.41491114700975773,0.41491114700975773
20250524_openhands_claude_4_sonnet/mwaskom__seaborn-3069,mwaskom__seaborn-3069,0,2,"('step', 'pca1', 30, 3)",0.42398022249690975,0.40830532518558077,0.40830532518558077
20250524_openhands_claude_4_sonnet/pallets__flask-5014,pallets__flask-5014,0,2,"('step', 'pca1', 30, 3)",0.42398022249690975,0.44729880875567385,0.44729880875567385
20250524_openhands_claude_4_sonnet/psf__requests-5414,psf__requests-5414,0,2,"('step', 'pca1', 30, 3)",0.42398022249690975,0.4254488383899744,0.4254488383899744
20250524_openhands_claude_4_sonnet/pydata__xarray-2905,pydata__xarray-2905,0,2,"('step', 'pca1', 30, 3)",0.42398022249690975,0.4607154808321137,0.4607154808321137
20250524_openhands_claude_4_sonnet/pydata__xarray-3095,pydata__xarray-3095,0,2,"('step', 'pca1', 30, 3)",0.42398022249690975,0.41210620735893877,0.41210620735893877
20250524_openhands_claude_4_sonnet/pydata__xarray-3677,pydata__xarray-3677,0,2,"('step', 'pca1', 30, 3)",0.42398022249690975,0.41491114700975773,0.41491114700975773
20250524_openhands_claude_4_sonnet/pydata__xarray-4094,pydata__xarray-4094,0,2,"('step', 'pca1', 30, 3)",0.42398022249690975,0.44836238021140373,0.44836238021140373
20250524_openhands_claude_4_sonnet/pydata__xarray-4629,pydata__xarray-4629,0,2,"('step', 'pca1', 30, 3)",0.42398022249690975,0.415162450965288,0.415162450965288
20250524_openhands_claude_4_sonnet/pydata__xarray-4966,pydata__xarray-4966,0,2,"('step', 'pca1', 30, 3)",0.42398022249690975,0.430272889887502,0.430272889887502
20250524_openhands_claude_4_sonnet/pydata__xarray-6744,pydata__xarray-6744,0,2,"('step', 'pca1', 30, 3)",0.42398022249690975,0.41210620735893877,0.41210620735893877
20250524_openhands_claude_4_sonnet/pytest-dev__pytest-7205,pytest-dev__pytest-7205,0,2,"('step', 'pca1', 30, 3)",0.42398022249690975,0.41279992451403963,0.41279992451403963
20250524_openhands_claude_4_sonnet/pytest-dev__pytest-7571,pytest-dev__pytest-7571,0,2,"('step', 'pca1', 30, 3)",0.42398022249690975,0.40120467661996,0.40120467661996
20250524_openhands_claude_4_sonnet/scikit-learn__scikit-learn-10908,scikit-learn__scikit-learn-10908,0,2,"('step', 'pca1', 30, 3)",0.42398022249690975,0.42171232429245037,0.42171232429245037
20250524_openhands_claude_4_sonnet/scikit-learn__scikit-learn-11578,scikit-learn__scikit-learn-11578,0,2,"('step', 'pca1', 30, 3)",0.42398022249690975,0.4151624509652882,0.4151624509652882
20250524_openhands_claude_4_sonnet/scikit-learn__scikit-learn-12585,scikit-learn__scikit-learn-12585,0,2,"('step', 'pca1', 30, 3)",0.42398022249690975,0.409987807002987,0.409987807002987
20250524_openhands_claude_4_sonnet/scikit-learn__scikit-learn-12682,scikit-learn__scikit-learn-12682,0,2,"('step', 'pca1', 30, 3)",0.42398022249690975,0.40547850698603066,0.40547850698603066
20250524_openhands_claude_4_sonnet/scikit-learn__scikit-learn-13135,scikit-learn__scikit-learn-13135,0,2,"('step', 'pca1', 30, 3)",0.42398022249690975,0.40334404440523364,0.40334404440523364
20250524_openhands_claude_4_sonnet/scikit-learn__scikit-learn-13328,scikit-learn__scikit-learn-13328,0,2,"('step', 'pca1', 30, 3)",0.42398022249690975,0.4033440444052334,0.4033440444052334
20250524_openhands_claude_4_sonnet/scikit-learn__scikit-learn-14053,scikit-learn__scikit-learn-14053,0,2,"('step', 'pca1', 30, 3)",0.42398022249690975,0.4151624509652882,0.4151624509652882
20250524_openhands_claude_4_sonnet/scikit-learn__scikit-learn-9288,scikit-learn__scikit-learn-9288,0,2,"('step', 'pca1', 30, 3)",0.42398022249690975,0.4302728898875021,0.4302728898875021
20250524_openhands_claude_4_sonnet/sphinx-doc__sphinx-10435,sphinx-doc__sphinx-10435,0,2,"('step', 'pca1', 30, 3)",0.42398022249690975,0.44836238021140373,0.44836238021140373
20250524_openhands_claude_4_sonnet/sphinx-doc__sphinx-10673,sphinx-doc__sphinx-10673,0,2,"('step', 'pca1', 30, 3)",0.42398022249690975,0.41794829560984004,0.41794829560984004
20250524_openhands_claude_4_sonnet/sphinx-doc__sphinx-7889,sphinx-doc__sphinx-7889,0,2,"('step', 'pca1', 30, 3)",0.42398022249690975,0.42379932777998996,0.42379932777998996
20250524_openhands_claude_4_sonnet/sphinx-doc__sphinx-7910,sphinx-doc__sphinx-7910,0,2,"('step', 'pca1', 30, 3)",0.42398022249690975,0.40334404440523364,0.40334404440523364
20250524_openhands_claude_4_sonnet/sphinx-doc__sphinx-8593,sphinx-doc__sphinx-8593,0,2,"('step', 'pca1', 30, 3)",0.42398022249690975,0.4151540326864276,0.4151540326864276
20250524_openhands_claude_4_sonnet/sphinx-doc__sphinx-9320,sphinx-doc__sphinx-9320,0,2,"('step', 'pca1', 30, 3)",0.42398022249690975,0.4151624509652882,0.4151624509652882
20250524_openhands_claude_4_sonnet/sympy__sympy-13372,sympy__sympy-13372,0,2,"('step', 'pca1', 30, 3)",0.42398022249690975,0.44324608572698593,0.44324608572698593
20250524_openhands_claude_4_sonnet/sympy__sympy-13647,sympy__sympy-13647,0,2,"('step', 'pca1', 30, 3)",0.42398022249690975,0.40334404440523347,0.40334404440523347
20250524_openhands_claude_4_sonnet/sympy__sympy-14531,sympy__sympy-14531,0,2,"('step', 'pca1', 30, 3)",0.42398022249690975,0.41491114700975773,0.41491114700975773
20250524_openhands_claude_4_sonnet/sympy__sympy-15017,sympy__sympy-15017,0,2,"('step', 'pca1', 30, 3)",0.42398022249690975,0.4189314809306513,0.4189314809306513
20250524_openhands_claude_4_sonnet/sympy__sympy-15349,sympy__sympy-15349,0,2,"('step', 'pca1', 30, 3)",0.42398022249690975,0.40830532518558094,0.40830532518558094
20250524_openhands_claude_4_sonnet/sympy__sympy-19346,sympy__sympy-19346,0,2,"('step', 'pca1', 30, 3)",0.42398022249690975,0.4151540326864276,0.4151540326864276
20250524_openhands_claude_4_sonnet/sympy__sympy-20154,sympy__sympy-20154,0,2,"('step', 'pca1', 30, 3)",0.42398022249690975,0.45218405528216726,0.45218405528216726
20250524_openhands_claude_4_sonnet/sympy__sympy-20801,sympy__sympy-20801,0,2,"('step', 'pca1', 30, 3)",0.42398022249690975,0.4254488383899743,0.4254488383899743
20250524_openhands_claude_4_sonnet/sympy__sympy-22714,sympy__sympy-22714,0,2,"('step', 'pca1', 30, 3)",0.42398022249690975,0.43554301671540463,0.43554301671540463
20250716_openhands_kimi_k2/astropy__astropy-13977,astropy__astropy-13977,1,2,"('step', 'pca1', 30, 3)",0.42398022249690975,0.4254488383899744,0.4254488383899744
20250716_openhands_kimi_k2/astropy__astropy-14365,astropy__astropy-14365,1,2,"('step', 'pca1', 30, 3)",0.42398022249690975,0.42171232429245026,0.42171232429245026
20250716_openhands_kimi_k2/django__django-11149,django__django-11149,1,2,"('step', 'pca1', 30, 3)",0.42398022249690975,0.4132385701989414,0.4132385701989414
20250716_openhands_kimi_k2/django__django-12325,django__django-12325,1,2,"('step', 'pca1', 30, 3)",0.42398022249690975,0.4198045356219001,0.4198045356219001
20250716_openhands_kimi_k2/django__django-13212,django__django-13212,1,2,"('step', 'pca1', 30, 3)",0.42398022249690975,0.42171232429245037,0.42171232429245037
20250716_openhands_kimi_k2/django__django-13551,django__django-13551,1,2,"('step', 'pca1', 30, 3)",0.42398022249690975,0.42379932777999,0.42379932777999
20250716_openhands_kimi_k2/django__django-14170,django__django-14170,1,2,"('step', 'pca1', 30, 3)",0.42398022249690975,0.42171232429245026,0.42171232429245026
20250716_openhands_kimi_k2/django__django-14534,django__django-14534,1,2,"('step', 'pca1', 30, 3)",0.42398022249690975,0.44928187255313873,0.44928187255313873
20250716_openhands_kimi_k2/django__django-14725,django__django-14725,1,2,"('step', 'pca1', 30, 3)",0.42398022249690975,0.4237993277799898,0.4237993277799898
20250716_openhands_kimi_k2/django__django-15268,django__django-15268,1,2,"('step', 'pca1', 30, 3)",0.42398022249690975,0.40830532518558066,0.40830532518558066
20250716_openhands_kimi_k2/django__django-15554,django__django-15554,1,2,"('step', 'pca1', 30, 3)",0.42398022249690975,0.40547850698603066,0.40547850698603066
20250716_openhands_kimi_k2/django__django-15563,django__django-15563,1,2,"('step', 'pca1', 30, 3)",0.42398022249690975,0.4033440444052335,0.4033440444052335
20250716_openhands_kimi_k2/django__django-15695,django__django-15695,1,2,"('step', 'pca1', 30, 3)",0.42398022249690975,0.40830532518558094,0.40830532518558094
20250716_openhands_kimi_k2/django__django-16263,django__django-16263,1,2,"('step', 'pca1', 30, 3)",0.42398022249690975,0.49447572708671783,0.49447572708671783
20250716_openhands_kimi_k2/matplotlib__matplotlib-26466,matplotlib__matplotlib-26466,1,2,"('step', 'pca1', 30, 3)",0.42398022249690975,0.406177563897513,0.406177563897513
20250716_openhands_kimi_k2/psf__requests-1724,psf__requests-1724,1,2,"('step', 'pca1', 30, 3)",0.42398022249690975,0.43232470464876915,0.43232470464876915
20250716_openhands_kimi_k2/psf__requests-2317,psf__requests-2317,1,2,"('step', 'pca1', 30, 3)",0.42398022249690975,0.4061775638975128,0.4061775638975128
20250716_openhands_kimi_k2/psf__requests-6028,psf__requests-6028,1,2,"('step', 'pca1', 30, 3)",0.42398022249690975,0.4189314809306513,0.4189314809306513
20250716_openhands_kimi_k2/pydata__xarray-6744,pydata__xarray-6744,1,2,"('step', 'pca1', 30, 3)",0.42398022249690975,0.4419025436917489,0.4419025436917489
20250716_openhands_kimi_k2/pytest-dev__pytest-6197,pytest-dev__pytest-6197,1,2,"('step', 'pca1', 30, 3)",0.42398022249690975,0.41279992451403974,0.41279992451403974
20250716_openhands_kimi_k2/pytest-dev__pytest-7205,pytest-dev__pytest-7205,1,2,"('step', 'pca1', 30, 3)",0.42398022249690975,0.4268004830633921,0.4268004830633921
20250716_openhands_kimi_k2/scikit-learn__scikit-learn-14629,scikit-learn__scikit-learn-14629,1,2,"('step', 'pca1', 30, 3)",0.42398022249690975,0.4508247808298636,0.4508247808298636
20250716_openhands_kimi_k2/sphinx-doc__sphinx-10435,sphinx-doc__sphinx-10435,1,2,"('step', 'pca1', 30, 3)",0.42398022249690975,0.40830532518558077,0.40830532518558077
20250716_openhands_kimi_k2/sphinx-doc__sphinx-7590,sphinx-doc__sphinx-7590,1,2,"('step', 'pca1', 30, 3)",0.42398022249690975,0.4323247046487691,0.4323247046487691
20250716_openhands_kimi_k2/sphinx-doc__sphinx-7748,sphinx-doc__sphinx-7748,1,2,"('step', 'pca1', 30, 3)",0.42398022249690975,0.4168309419035399,0.4168309419035399
20250716_openhands_kimi_k2/sphinx-doc__sphinx-8056,sphinx-doc__sphinx-8056,1,2,"('step', 'pca1', 30, 3)",0.42398022249690975,0.4355430167154048,0.4355430167154048
20250716_openhands_kimi_k2/sphinx-doc__sphinx-9461,sphinx-doc__sphinx-9461,1,2,"('step', 'pca1', 30, 3)",0.42398022249690975,0.42544883838997416,0.42544883838997416
20250716_openhands_kimi_k2/sphinx-doc__sphinx-9602,sphinx-doc__sphinx-9602,1,2,"('step', 'pca1', 30, 3)",0.42398022249690975,0.4033440444052335,0.4033440444052335
20250716_openhands_kimi_k2/sympy__sympy-13852,sympy__sympy-13852,1,2,"('step', 'pca1', 30, 3)",0.42398022249690975,0.40334404440523364,0.40334404440523364
20250716_openhands_kimi_k2/sympy__sympy-13974,sympy__sympy-13974,1,2,"('step', 'pca1', 30, 3)",0.42398022249690975,0.41516245096528814,0.41516245096528814
20250716_openhands_kimi_k2/sympy__sympy-18763,sympy__sympy-18763,1,2,"('step', 'pca1', 30, 3)",0.42398022249690975,0.42379932777998996,0.42379932777998996
20250716_openhands_kimi_k2/sympy__sympy-21596,sympy__sympy-21596,1,2,"('step', 'pca1', 30, 3)",0.42398022249690975,0.42379932777998996,0.42379932777998996
20250716_openhands_kimi_k2/django__django-11179,django__django-11179,0,2,"('step', 'pca1', 30, 3)",0.42398022249690975,0.41726746004613163,0.41726746004613163
20250716_openhands_kimi_k2/django__django-11749,django__django-11749,0,2,"('step', 'pca1', 30, 3)",0.42398022249690975,0.4254488383899743,0.4254488383899743
20250716_openhands_kimi_k2/django__django-12193,django__django-12193,0,2,"('step', 'pca1', 30, 3)",0.42398022249690975,0.49348351491911857,0.49348351491911857
20250716_openhands_kimi_k2/django__django-12419,django__django-12419,0,2,"('step', 'pca1', 30, 3)",0.42398022249690975,0.40830532518558094,0.40830532518558094
20250716_openhands_kimi_k2/django__django-12774,django__django-12774,0,2,"('step', 'pca1', 30, 3)",0.42398022249690975,0.4237993277799898,0.4237993277799898
20250716_openhands_kimi_k2/django__django-13089,django__django-13089,0,2,"('step', 'pca1', 30, 3)",0.42398022249690975,0.48422267530839164,0.48422267530839164
20250716_openhands_kimi_k2/django__django-13109,django__django-13109,0,2,"('step', 'pca1', 30, 3)",0.42398022249690975,0.4200544013217149,0.4200544013217149
20250716_openhands_kimi_k2/django__django-13401,django__django-13401,0,2,"('step', 'pca1', 30, 3)",0.42398022249690975,0.41868149847185127,0.41868149847185127
20250716_openhands_kimi_k2/django__django-13406,django__django-13406,0,2,"('step', 'pca1', 30, 3)",0.42398022249690975,0.4189314809306513,0.4189314809306513
20250716_openhands_kimi_k2/django__django-13590,django__django-13590,0,2,"('step', 'pca1', 30, 3)",0.42398022249690975,0.4305103166139891,0.4305103166139891
20250716_openhands_kimi_k2/django__django-13741,django__django-13741,0,2,"('step', 'pca1', 30, 3)",0.42398022249690975,0.4111230457369678,0.4111230457369678
20250716_openhands_kimi_k2/django__django-13809,django__django-13809,0,2,"('step', 'pca1', 30, 3)",0.42398022249690975,0.43349141262182495,0.43349141262182495
20250716_openhands_kimi_k2/django__django-14017,django__django-14017,0,2,"('step', 'pca1', 30, 3)",0.42398022249690975,0.4355430167154049,0.4355430167154049
20250716_openhands_kimi_k2/django__django-14122,django__django-14122,0,2,"('step', 'pca1', 30, 3)",0.42398022249690975,0.40830532518558094,0.40830532518558094
20250716_openhands_kimi_k2/django__django-14238,django__django-14238,0,2,"('step', 'pca1', 30, 3)",0.42398022249690975,0.45257945843200154,0.45257945843200154
20250716_openhands_kimi_k2/django__django-14349,django__django-14349,0,2,"('step', 'pca1', 30, 3)",0.42398022249690975,0.4665048861500632,0.4665048861500632
20250716_openhands_kimi_k2/django__django-14631,django__django-14631,0,2,"('step', 'pca1', 30, 3)",0.42398022249690975,0.40998780700298687,0.40998780700298687
20250716_openhands_kimi_k2/django__django-15103,django__django-15103,0,2,"('step', 'pca1', 30, 3)",0.42398022249690975,0.44367489493826334,0.44367489493826334
20250716_openhands_kimi_k2/django__django-15127,django__django-15127,0,2,"('step', 'pca1', 30, 3)",0.42398022249690975,0.4316150731802447,0.4316150731802447
20250716_openhands_kimi_k2/django__django-15277,django__django-15277,0,2,"('step', 'pca1', 30, 3)",0.42398022249690975,0.47555205763286057,0.47555205763286057
20250716_openhands_kimi_k2/django__django-15569,django__django-15569,0,2,"('step', 'pca1', 30, 3)",0.42398022249690975,0.43026303832474166,0.43026303832474166
20250716_openhands_kimi_k2/django__django-16139,django__django-16139,0,2,"('step', 'pca1', 30, 3)",0.42398022249690975,0.43570666001182523,0.43570666001182523
20250716_openhands_kimi_k2/django__django-16333,django__django-16333,0,2,"('step', 'pca1', 30, 3)",0.42398022249690975,0.41726746004613186,0.41726746004613186
20250716_openhands_kimi_k2/django__django-16485,django__django-16485,0,2,"('step', 'pca1', 30, 3)",0.42398022249690975,0.41279992451403963,0.41279992451403963
20250716_openhands_kimi_k2/django__django-16595,django__django-16595,0,2,"('step', 'pca1', 30, 3)",0.42398022249690975,0.4305196474948742,0.4305196474948742
20250716_openhands_kimi_k2/django__django-16662,django__django-16662,0,2,"('step', 'pca1', 30, 3)",0.42398022249690975,0.42544883838997416,0.42544883838997416
20250716_openhands_kimi_k2/django__django-16899,django__django-16899,0,2,"('step', 'pca1', 30, 3)",0.42398022249690975,0.40120467661996,0.40120467661996
20250716_openhands_kimi_k2/django__django-16901,django__django-16901,0,2,"('step', 'pca1', 30, 3)",0.42398022249690975,0.44207124260246033,0.44207124260246033
20250716_openhands_kimi_k2/django__django-16938,django__django-16938,0,2,"('step', 'pca1', 30, 3)",0.42398022249690975,0.4189314809306513,0.4189314809306513
20250716_openhands_kimi_k2/django__django-17087,django__django-17087,0,2,"('step', 'pca1', 30, 3)",0.42398022249690975,0.41516245096528814,0.41516245096528814
20250716_openhands_kimi_k2/matplotlib__matplotlib-20488,matplotlib__matplotlib-20488,0,2,"('step', 'pca1', 30, 3)",0.42398022249690975,0.4371000534511233,0.4371000534511233
20250716_openhands_kimi_k2/matplotlib__matplotlib-24970,matplotlib__matplotlib-24970,0,2,"('step', 'pca1', 30, 3)",0.42398022249690975,0.4061775638975128,0.4061775638975128
20250716_openhands_kimi_k2/matplotlib__matplotlib-26291,matplotlib__matplotlib-26291,0,2,"('step', 'pca1', 30, 3)",0.42398022249690975,0.40334404440523347,0.40334404440523347
20250716_openhands_kimi_k2/mwaskom__seaborn-3069,mwaskom__seaborn-3069,0,2,"('step', 'pca1', 30, 3)",0.42398022249690975,0.414911147009758,0.414911147009758
20250716_openhands_kimi_k2/pallets__flask-5014,pallets__flask-5014,0,2,"('step', 'pca1', 30, 3)",0.42398022249690975,0.41893148093065097,0.41893148093065097
20250716_openhands_kimi_k2/psf__requests-5414,psf__requests-5414,0,2,"('step', 'pca1', 30, 3)",0.42398022249690975,0.40830532518558077,0.40830532518558077
20250716_openhands_kimi_k2/pydata__xarray-2905,pydata__xarray-2905,0,2,"('step', 'pca1', 30, 3)",0.42398022249690975,0.4355430167154048,0.4355430167154048
20250716_openhands_kimi_k2/pydata__xarray-3095,pydata__xarray-3095,0,2,"('step', 'pca1', 30, 3)",0.42398022249690975,0.40617756389751297,0.40617756389751297
20250716_openhands_kimi_k2/pydata__xarray-3677,pydata__xarray-3677,0,2,"('step', 'pca1', 30, 3)",0.42398022249690975,0.40334404440523364,0.40334404440523364
20250716_openhands_kimi_k2/pydata__xarray-4094,pydata__xarray-4094,0,2,"('step', 'pca1', 30, 3)",0.42398022249690975,0.42171232429245037,0.42171232429245037
20250716_openhands_kimi_k2/pydata__xarray-4629,pydata__xarray-4629,0,2,"('step', 'pca1', 30, 3)",0.42398022249690975,0.4149111470097576,0.4149111470097576
20250716_openhands_kimi_k2/pydata__xarray-4966,pydata__xarray-4966,0,2,"('step', 'pca1', 30, 3)",0.42398022249690975,0.44860375097103344,0.44860375097103344
20250716_openhands_kimi_k2/pytest-dev__pytest-7571,pytest-dev__pytest-7571,0,2,"('step', 'pca1', 30, 3)",0.42398022249690975,0.4149111470097576,0.4149111470097576
20250716_openhands_kimi_k2/scikit-learn__scikit-learn-10908,scikit-learn__scikit-learn-10908,0,2,"('step', 'pca1', 30, 3)",0.42398022249690975,0.4268004830633921,0.4268004830633921
20250716_openhands_kimi_k2/scikit-learn__scikit-learn-11578,scikit-learn__scikit-learn-11578,0,2,"('step', 'pca1', 30, 3)",0.42398022249690975,0.430272889887502,0.430272889887502
20250716_openhands_kimi_k2/scikit-learn__scikit-learn-12682,scikit-learn__scikit-learn-12682,0,2,"('step', 'pca1', 30, 3)",0.42398022249690975,0.41893148093065147,0.41893148093065147
20250716_openhands_kimi_k2/scikit-learn__scikit-learn-13135,scikit-learn__scikit-learn-13135,0,2,"('step', 'pca1', 30, 3)",0.42398022249690975,0.4200458154089214,0.4200458154089214
20250716_openhands_kimi_k2/scikit-learn__scikit-learn-13328,scikit-learn__scikit-learn-13328,0,2,"('step', 'pca1', 30, 3)",0.42398022249690975,0.41491114700975773,0.41491114700975773
20250716_openhands_kimi_k2/scikit-learn__scikit-learn-14053,scikit-learn__scikit-learn-14053,0,2,"('step', 'pca1', 30, 3)",0.42398022249690975,0.45613377578437403,0.45613377578437403
20250716_openhands_kimi_k2/scikit-learn__scikit-learn-25931,scikit-learn__scikit-learn-25931,0,2,"('step', 'pca1', 30, 3)",0.42398022249690975,0.40830532518558077,0.40830532518558077
20250716_openhands_kimi_k2/scikit-learn__scikit-learn-9288,scikit-learn__scikit-learn-9288,0,2,"('step', 'pca1', 30, 3)",0.42398022249690975,0.4111230457369678,0.4111230457369678
20250716_openhands_kimi_k2/sphinx-doc__sphinx-10673,sphinx-doc__sphinx-10673,0,2,"('step', 'pca1', 30, 3)",0.42398022249690975,0.40120467661996,0.40120467661996
20250716_openhands_kimi_k2/sphinx-doc__sphinx-7889,sphinx-doc__sphinx-7889,0,2,"('step', 'pca1', 30, 3)",0.42398022249690975,0.42171232429245026,0.42171232429245026
20250716_openhands_kimi_k2/sphinx-doc__sphinx-7910,sphinx-doc__sphinx-7910,0,2,"('step', 'pca1', 30, 3)",0.42398022249690975,0.406177563897513,0.406177563897513
20250716_openhands_kimi_k2/sphinx-doc__sphinx-8593,sphinx-doc__sphinx-8593,0,2,"('step', 'pca1', 30, 3)",0.42398022249690975,0.4219526568268395,0.4219526568268395
20250716_openhands_kimi_k2/sphinx-doc__sphinx-9320,sphinx-doc__sphinx-9320,0,2,"('step', 'pca1', 30, 3)",0.42398022249690975,0.4189314809306513,0.4189314809306513
20250716_openhands_kimi_k2/sympy__sympy-13372,sympy__sympy-13372,0,2,"('step', 'pca1', 30, 3)",0.42398022249690975,0.4151624509652883,0.4151624509652883
20250716_openhands_kimi_k2/sympy__sympy-13647,sympy__sympy-13647,0,2,"('step', 'pca1', 30, 3)",0.42398022249690975,0.40334404440523364,0.40334404440523364
20250716_openhands_kimi_k2/sympy__sympy-14531,sympy__sympy-14531,0,2,"('step', 'pca1', 30, 3)",0.42398022249690975,0.41893148093065147,0.41893148093065147
20250716_openhands_kimi_k2/sympy__sympy-15017,sympy__sympy-15017,0,2,"('step', 'pca1', 30, 3)",0.42398022249690975,0.4665048861500632,0.4665048861500632
20250716_openhands_kimi_k2/sympy__sympy-15349,sympy__sympy-15349,0,2,"('step', 'pca1', 30, 3)",0.42398022249690975,0.41726746004613163,0.41726746004613163
20250716_openhands_kimi_k2/sympy__sympy-19346,sympy__sympy-19346,0,2,"('step', 'pca1', 30, 3)",0.42398022249690975,0.4237993277799898,0.4237993277799898
20250716_openhands_kimi_k2/sympy__sympy-20154,sympy__sympy-20154,0,2,"('step', 'pca1', 30, 3)",0.42398022249690975,0.406177563897513,0.406177563897513
20250716_openhands_kimi_k2/sympy__sympy-20801,sympy__sympy-20801,0,2,"('step', 'pca1', 30, 3)",0.42398022249690975,0.4355430167154048,0.4355430167154048
20250716_openhands_kimi_k2/sympy__sympy-22714,sympy__sympy-22714,0,2,"('step', 'pca1', 30, 3)",0.42398022249690975,0.4771503235431613,0.4771503235431613
20250807_openhands_gpt5/django__django-13212,django__django-13212,1,2,"('step', 'pca1', 30, 3)",0.42398022249690975,0.40334404440523364,0.40334404440523364
20250807_openhands_gpt5/django__django-14170,django__django-14170,1,2,"('step', 'pca1', 30, 3)",0.42398022249690975,0.4149111470097576,0.4149111470097576
20250807_openhands_gpt5/django__django-14534,django__django-14534,1,2,"('step', 'pca1', 30, 3)",0.42398022249690975,0.42817657023402284,0.42817657023402284
20250807_openhands_gpt5/django__django-14725,django__django-14725,1,2,"('step', 'pca1', 30, 3)",0.42398022249690975,0.4132385701989414,0.4132385701989414
20250807_openhands_gpt5/django__django-15563,django__django-15563,1,2,"('step', 'pca1', 30, 3)",0.42398022249690975,0.40830532518558066,0.40830532518558066
20250807_openhands_gpt5/django__django-16263,django__django-16263,1,2,"('step', 'pca1', 30, 3)",0.42398022249690975,0.4123500259586371,0.4123500259586371
20250807_openhands_gpt5/psf__requests-1724,psf__requests-1724,1,2,"('step', 'pca1', 30, 3)",0.42398022249690975,0.40830532518558077,0.40830532518558077
20250807_openhands_gpt5/psf__requests-6028,psf__requests-6028,1,2,"('step', 'pca1', 30, 3)",0.42398022249690975,0.4200544013217149,0.4200544013217149
20250807_openhands_gpt5/pytest-dev__pytest-6197,pytest-dev__pytest-6197,1,2,"('step', 'pca1', 30, 3)",0.42398022249690975,0.43232470464876893,0.43232470464876893
20250807_openhands_gpt5/pytest-dev__pytest-7205,pytest-dev__pytest-7205,1,2,"('step', 'pca1', 30, 3)",0.42398022249690975,0.409987807002987,0.409987807002987
20250807_openhands_gpt5/sphinx-doc__sphinx-10435,sphinx-doc__sphinx-10435,1,2,"('step', 'pca1', 30, 3)",0.42398022249690975,0.41210620735893877,0.41210620735893877
20250807_openhands_gpt5/sphinx-doc__sphinx-7748,sphinx-doc__sphinx-7748,1,2,"('step', 'pca1', 30, 3)",0.42398022249690975,0.4443287434723411,0.4443287434723411
20250807_openhands_gpt5/sphinx-doc__sphinx-8056,sphinx-doc__sphinx-8056,1,2,"('step', 'pca1', 30, 3)",0.42398022249690975,0.40334404440523347,0.40334404440523347
20250807_openhands_gpt5/sphinx-doc__sphinx-9461,sphinx-doc__sphinx-9461,1,2,"('step', 'pca1', 30, 3)",0.42398022249690975,0.40120467661996,0.40120467661996
20250807_openhands_gpt5/sympy__sympy-13852,sympy__sympy-13852,1,2,"('step', 'pca1', 30, 3)",0.42398022249690975,0.4132385701989414,0.4132385701989414
20250807_openhands_gpt5/sympy__sympy-13974,sympy__sympy-13974,1,2,"('step', 'pca1', 30, 3)",0.42398022249690975,0.4054785069860306,0.4054785069860306
20250807_openhands_gpt5/sympy__sympy-15017,sympy__sympy-15017,1,2,"('step', 'pca1', 30, 3)",0.42398022249690975,0.4111230457369678,0.4111230457369678
20250807_openhands_gpt5/django__django-11179,django__django-11179,0,2,"('step', 'pca1', 30, 3)",0.42398022249690975,0.406177563897513,0.406177563897513
20250807_openhands_gpt5/django__django-11749,django__django-11749,0,2,"('step', 'pca1', 30, 3)",0.42398022249690975,0.40830532518558077,0.40830532518558077
20250807_openhands_gpt5/django__django-12193,django__django-12193,0,2,"('step', 'pca1', 30, 3)",0.42398022249690975,0.406177563897513,0.406177563897513
20250807_openhands_gpt5/django__django-12419,django__django-12419,0,2,"('step', 'pca1', 30, 3)",0.42398022249690975,0.43554301671540463,0.43554301671540463
20250807_openhands_gpt5/django__django-12774,django__django-12774,0,2,"('step', 'pca1', 30, 3)",0.42398022249690975,0.40334404440523347,0.40334404440523347
20250807_openhands_gpt5/django__django-13401,django__django-13401,0,2,"('step', 'pca1', 30, 3)",0.42398022249690975,0.4033440444052334,0.4033440444052334
20250807_openhands_gpt5/django__django-13406,django__django-13406,0,2,"('step', 'pca1', 30, 3)",0.42398022249690975,0.4268004830633921,0.4268004830633921
20250807_openhands_gpt5/django__django-13551,django__django-13551,0,2,"('step', 'pca1', 30, 3)",0.42398022249690975,0.409987807002987,0.409987807002987
20250807_openhands_gpt5/django__django-13741,django__django-13741,0,2,"('step', 'pca1', 30, 3)",0.42398022249690975,0.41516245096528814,0.41516245096528814
20250807_openhands_gpt5/django__django-13809,django__django-13809,0,2,"('step', 'pca1', 30, 3)",0.42398022249690975,0.4012046766199602,0.4012046766199602
20250807_openhands_gpt5/django__django-14017,django__django-14017,0,2,"('step', 'pca1', 30, 3)",0.42398022249690975,0.4254488383899743,0.4254488383899743
20250807_openhands_gpt5/django__django-14122,django__django-14122,0,2,"('step', 'pca1', 30, 3)",0.42398022249690975,0.45836197623823083,0.45836197623823083
20250807_openhands_gpt5/django__django-14349,django__django-14349,0,2,"('step', 'pca1', 30, 3)",0.42398022249690975,0.4302728898875021,0.4302728898875021
20250807_openhands_gpt5/django__django-14631,django__django-14631,0,2,"('step', 'pca1', 30, 3)",0.42398022249690975,0.40830532518558077,0.40830532518558077
20250807_openhands_gpt5/django__django-14765,django__django-14765,0,2,"('step', 'pca1', 30, 3)",0.42398022249690975,0.4200458154089213,0.4200458154089213
20250807_openhands_gpt5/django__django-15268,django__django-15268,0,2,"('step', 'pca1', 30, 3)",0.42398022249690975,0.40547850698603066,0.40547850698603066
20250807_openhands_gpt5/django__django-16139,django__django-16139,0,2,"('step', 'pca1', 30, 3)",0.42398022249690975,0.4111230457369678,0.4111230457369678
20250807_openhands_gpt5/django__django-16485,django__django-16485,0,2,"('step', 'pca1', 30, 3)",0.42398022249690975,0.43349141262182495,0.43349141262182495
20250807_openhands_gpt5/django__django-16901,django__django-16901,0,2,"('step', 'pca1', 30, 3)",0.42398022249690975,0.40120467661996,0.40120467661996
20250807_openhands_gpt5/django__django-16938,django__django-16938,0,2,"('step', 'pca1', 30, 3)",0.42398022249690975,0.41210620735893877,0.41210620735893877
20250807_openhands_gpt5/django__django-17087,django__django-17087,0,2,"('step', 'pca1', 30, 3)",0.42398022249690975,0.4228223493431483,0.4228223493431483
20250807_openhands_gpt5/matplotlib__matplotlib-26291,matplotlib__matplotlib-26291,0,2,"('step', 'pca1', 30, 3)",0.42398022249690975,0.4151540326864274,0.4151540326864274
20250807_openhands_gpt5/mwaskom__seaborn-3069,mwaskom__seaborn-3069,0,2,"('step', 'pca1', 30, 3)",0.42398022249690975,0.5524952754062069,0.5524952754062069
20250807_openhands_gpt5/pallets__flask-5014,pallets__flask-5014,0,2,"('step', 'pca1', 30, 3)",0.42398022249690975,0.40830532518558066,0.40830532518558066
20250807_openhands_gpt5/pydata__xarray-4966,pydata__xarray-4966,0,2,"('step', 'pca1', 30, 3)",0.42398022249690975,0.4149111470097579,0.4149111470097579
20250807_openhands_gpt5/scikit-learn__scikit-learn-12682,scikit-learn__scikit-learn-12682,0,2,"('step', 'pca1', 30, 3)",0.42398022249690975,0.4168309419035399,0.4168309419035399
20250807_openhands_gpt5/sphinx-doc__sphinx-10673,sphinx-doc__sphinx-10673,0,2,"('step', 'pca1', 30, 3)",0.42398022249690975,0.406177563897513,0.406177563897513
20250807_openhands_gpt5/sphinx-doc__sphinx-8593,sphinx-doc__sphinx-8593,0,2,"('step', 'pca1', 30, 3)",0.42398022249690975,0.426553288799439,0.426553288799439
20250807_openhands_gpt5/sympy__sympy-20154,sympy__sympy-20154,0,2,"('step', 'pca1', 30, 3)",0.42398022249690975,0.406177563897513,0.406177563897513
20250807_openhands_gpt5/sympy__sympy-20801,sympy__sympy-20801,0,2,"('step', 'pca1', 30, 3)",0.42398022249690975,0.4268004830633921,0.4268004830633921
20241029_OpenHands-CodeAct-2.1-sonnet-20241022/astropy__astropy-13453,astropy__astropy-13453,1,3,"('step', 'cos_step', 20, 4)",0.39203148057058534,0.35189220675125554,0.35189220675125554
20241029_OpenHands-CodeAct-2.1-sonnet-20241022/django__django-11400,django__django-11400,1,3,"('step', 'cos_step', 20, 4)",0.39203148057058534,0.3518922067512558,0.3518922067512558
20241029_OpenHands-CodeAct-2.1-sonnet-20241022/django__django-11490,django__django-11490,1,3,"('step', 'cos_step', 20, 4)",0.39203148057058534,0.4369688395535986,0.4369688395535986
20241029_OpenHands-CodeAct-2.1-sonnet-20241022/django__django-11820,django__django-11820,1,3,"('step', 'cos_step', 20, 4)",0.39203148057058534,0.3945304312998642,0.3945304312998642
20241029_OpenHands-CodeAct-2.1-sonnet-20241022/django__django-11885,django__django-11885,1,3,"('step', 'cos_step', 20, 4)",0.39203148057058534,0.37404114149964796,0.37404114149964796
20241029_OpenHands-CodeAct-2.1-sonnet-20241022/django__django-13112,django__django-13112,1,3,"('step', 'cos_step', 20, 4)",0.39203148057058534,0.44329840732354936,0.44329840732354936
20241029_OpenHands-CodeAct-2.1-sonnet-20241022/django__django-13128,django__django-13128,1,3,"('step', 'cos_step', 20, 4)",0.39203148057058534,0.35189220675125554,0.35189220675125554
20241029_OpenHands-CodeAct-2.1-sonnet-20241022/django__django-13449,django__django-13449,1,3,"('step', 'cos_step', 20, 4)",0.39203148057058534,0.35189220675125554,0.35189220675125554
20241029_OpenHands-CodeAct-2.1-sonnet-20241022/django__django-13568,django__django-13568,1,3,"('step', 'cos_step', 20, 4)",0.39203148057058534,0.35189220675125554,0.35189220675125554
20241029_OpenHands-CodeAct-2.1-sonnet-20241022/django__django-13807,django__django-13807,1,3,"('step', 'cos_step', 20, 4)",0.39203148057058534,0.3959800600642863,0.3959800600642863
20241029_OpenHands-CodeAct-2.1-sonnet-20241022/django__django-13837,django__django-13837,1,3,"('step', 'cos_step', 20, 4)",0.39203148057058534,0.37404114149964773,0.37404114149964773
20241029_OpenHands-CodeAct-2.1-sonnet-20241022/django__django-13964,django__django-13964,1,3,"('step', 'cos_step', 20, 4)",0.39203148057058534,0.44329840732354936,0.44329840732354936
20241029_OpenHands-CodeAct-2.1-sonnet-20241022/django__django-14011,django__django-14011,1,3,"('step', 'cos_step', 20, 4)",0.39203148057058534,0.39598006006428543,0.39598006006428543
20241029_OpenHands-CodeAct-2.1-sonnet-20241022/django__django-15280,django__django-15280,1,3,"('step', 'cos_step', 20, 4)",0.39203148057058534,0.39453043129986437,0.39453043129986437
20241029_OpenHands-CodeAct-2.1-sonnet-20241022/django__django-16502,django__django-16502,1,3,"('step', 'cos_step', 20, 4)",0.39203148057058534,0.35189220675125554,0.35189220675125554
20241029_OpenHands-CodeAct-2.1-sonnet-20241022/django__django-16560,django__django-16560,1,3,"('step', 'cos_step', 20, 4)",0.39203148057058534,0.41400551753889875,0.41400551753889875
20241029_OpenHands-CodeAct-2.1-sonnet-20241022/matplotlib__matplotlib-26208,matplotlib__matplotlib-26208,1,3,"('step', 'cos_step', 20, 4)",0.39203148057058534,0.3945304312998642,0.3945304312998642
20241029_OpenHands-CodeAct-2.1-sonnet-20241022/pylint-dev__pylint-7080,pylint-dev__pylint-7080,1,3,"('step', 'cos_step', 20, 4)",0.39203148057058534,0.41260311633112623,0.41260311633112623
20241029_OpenHands-CodeAct-2.1-sonnet-20241022/pytest-dev__pytest-5840,pytest-dev__pytest-5840,1,3,"('step', 'cos_step', 20, 4)",0.39203148057058534,0.39598006006428615,0.39598006006428615
20241029_OpenHands-CodeAct-2.1-sonnet-20241022/sphinx-doc__sphinx-8035,sphinx-doc__sphinx-8035,1,3,"('step', 'cos_step', 20, 4)",0.39203148057058534,0.41400551753889875,0.41400551753889875
20241029_OpenHands-CodeAct-2.1-sonnet-20241022/sphinx-doc__sphinx-9229,sphinx-doc__sphinx-9229,1,3,"('step', 'cos_step', 20, 4)",0.39203148057058534,0.37404114149964796,0.37404114149964796
20241029_OpenHands-CodeAct-2.1-sonnet-20241022/sphinx-doc__sphinx-9658,sphinx-doc__sphinx-9658,1,3,"('step', 'cos_step', 20, 4)",0.39203148057058534,0.37404114149964796,0.37404114149964796
20241029_OpenHands-CodeAct-2.1-sonnet-20241022/sphinx-doc__sphinx-9673,sphinx-doc__sphinx-9673,1,3,"('step', 'cos_step', 20, 4)",0.39203148057058534,0.37404114149964796,0.37404114149964796
20241029_OpenHands-CodeAct-2.1-sonnet-20241022/sympy__sympy-12489,sympy__sympy-12489,1,3,"('step', 'cos_step', 20, 4)",0.39203148057058534,0.41400551753889875,0.41400551753889875
20241029_OpenHands-CodeAct-2.1-sonnet-20241022/sympy__sympy-13551,sympy__sympy-13551,1,3,"('step', 'cos_step', 20, 4)",0.39203148057058534,0.43006217383663503,0.43006217383663503
20241029_OpenHands-CodeAct-2.1-sonnet-20241022/sympy__sympy-19040,sympy__sympy-19040,1,3,"('step', 'cos_step', 20, 4)",0.39203148057058534,0.3283300178989322,0.3283300178989322
20241029_OpenHands-CodeAct-2.1-sonnet-20241022/sympy__sympy-20438,sympy__sympy-20438,1,3,"('step', 'cos_step', 20, 4)",0.39203148057058534,0.37404114149964796,0.37404114149964796
20241029_OpenHands-CodeAct-2.1-sonnet-20241022/sympy__sympy-24562,sympy__sympy-24562,1,3,"('step', 'cos_step', 20, 4)",0.39203148057058534,0.41468979164286124,0.41468979164286124
20241029_OpenHands-CodeAct-2.1-sonnet-20241022/astropy__astropy-14598,astropy__astropy-14598,0,3,"('step', 'cos_step', 20, 4)",0.39203148057058534,0.39453043129986354,0.39453043129986354
20241029_OpenHands-CodeAct-2.1-sonnet-20241022/django__django-11066,django__django-11066,0,3,"('step', 'cos_step', 20, 4)",0.39203148057058534,0.41400551753889875,0.41400551753889875
20241029_OpenHands-CodeAct-2.1-sonnet-20241022/django__django-11119,django__django-11119,0,3,"('step', 'cos_step', 20, 4)",0.39203148057058534,0.43006217383663503,0.43006217383663503
20241029_OpenHands-CodeAct-2.1-sonnet-20241022/django__django-11211,django__django-11211,0,3,"('step', 'cos_step', 20, 4)",0.39203148057058534,0.4140104151505848,0.4140104151505848
20241029_OpenHands-CodeAct-2.1-sonnet-20241022/django__django-12708,django__django-12708,0,3,"('step', 'cos_step', 20, 4)",0.39203148057058534,0.39453043129986354,0.39453043129986354
20241029_OpenHands-CodeAct-2.1-sonnet-20241022/django__django-13033,django__django-13033,0,3,"('step', 'cos_step', 20, 4)",0.39203148057058534,0.39453043129986354,0.39453043129986354
20241029_OpenHands-CodeAct-2.1-sonnet-20241022/django__django-13343,django__django-13343,0,3,"('step', 'cos_step', 20, 4)",0.39203148057058534,0.43006217383663503,0.43006217383663503
20241029_OpenHands-CodeAct-2.1-sonnet-20241022/django__django-13933,django__django-13933,0,3,"('step', 'cos_step', 20, 4)",0.39203148057058534,0.43000732984165824,0.43000732984165824
20241029_OpenHands-CodeAct-2.1-sonnet-20241022/django__django-14608,django__django-14608,0,3,"('step', 'cos_step', 20, 4)",0.39203148057058534,0.354463750371756,0.354463750371756
20241029_OpenHands-CodeAct-2.1-sonnet-20241022/django__django-14672,django__django-14672,0,3,"('step', 'cos_step', 20, 4)",0.39203148057058534,0.39453043129986354,0.39453043129986354
20241029_OpenHands-CodeAct-2.1-sonnet-20241022/django__django-14855,django__django-14855,0,3,"('step', 'cos_step', 20, 4)",0.39203148057058534,0.3945304312998642,0.3945304312998642
20241029_OpenHands-CodeAct-2.1-sonnet-20241022/django__django-15561,django__django-15561,0,3,"('step', 'cos_step', 20, 4)",0.39203148057058534,0.41468979164286124,0.41468979164286124
20241029_OpenHands-CodeAct-2.1-sonnet-20241022/django__django-15814,django__django-15814,0,3,"('step', 'cos_step', 20, 4)",0.39203148057058534,0.39453043129986376,0.39453043129986376
20241029_OpenHands-CodeAct-2.1-sonnet-20241022/django__django-16100,django__django-16100,0,3,"('step', 'cos_step', 20, 4)",0.39203148057058534,0.4300073298416588,0.4300073298416588
20241029_OpenHands-CodeAct-2.1-sonnet-20241022/matplotlib__matplotlib-20859,matplotlib__matplotlib-20859,0,3,"('step', 'cos_step', 20, 4)",0.39203148057058534,0.41400551753889875,0.41400551753889875
20241029_OpenHands-CodeAct-2.1-sonnet-20241022/sphinx-doc__sphinx-8459,sphinx-doc__sphinx-8459,0,3,"('step', 'cos_step', 20, 4)",0.39203148057058534,0.37404114149964796,0.37404114149964796
20241029_OpenHands-CodeAct-2.1-sonnet-20241022/sphinx-doc__sphinx-8721,sphinx-doc__sphinx-8721,0,3,"('step', 'cos_step', 20, 4)",0.39203148057058534,0.3740411414996471,0.3740411414996471
20250415_openhands/astropy__astropy-13453,astropy__astropy-13453,1,3,"('step', 'cos_step', 20, 4)",0.39203148057058534,0.41468979164286174,0.41468979164286174
20250415_openhands/astropy__astropy-14182,astropy__astropy-14182,1,3,"('step', 'cos_step', 20, 4)",0.39203148057058534,0.4432984073235489,0.4432984073235489
20250415_openhands/astropy__astropy-14598,astropy__astropy-14598,1,3,"('step', 'cos_step', 20, 4)",0.39203148057058534,0.3945304312998642,0.3945304312998642
20250415_openhands/django__django-11239,django__django-11239,1,3,"('step', 'cos_step', 20, 4)",0.39203148057058534,0.41400551753889875,0.41400551753889875
20250415_openhands/django__django-11400,django__django-11400,1,3,"('step', 'cos_step', 20, 4)",0.39203148057058534,0.35189220675125554,0.35189220675125554
20250415_openhands/django__django-11820,django__django-11820,1,3,"('step', 'cos_step', 20, 4)",0.39203148057058534,0.39453043129986354,0.39453043129986354
20250415_openhands/django__django-11885,django__django-11885,1,3,"('step', 'cos_step', 20, 4)",0.39203148057058534,0.3945304312998642,0.3945304312998642
20250415_openhands/django__django-13568,django__django-13568,1,3,"('step', 'cos_step', 20, 4)",0.39203148057058534,0.3760711254151516,0.3760711254151516
20250415_openhands/django__django-13794,django__django-13794,1,3,"('step', 'cos_step', 20, 4)",0.39203148057058534,0.39453043129986376,0.39453043129986376
20250415_openhands/django__django-13807,django__django-13807,1,3,"('step', 'cos_step', 20, 4)",0.39203148057058534,0.43006217383663503,0.43006217383663503
20250415_openhands/django__django-14011,django__django-14011,1,3,"('step', 'cos_step', 20, 4)",0.39203148057058534,0.37404114149964773,0.37404114149964773
20250415_openhands/django__django-14792,django__django-14792,1,3,"('step', 'cos_step', 20, 4)",0.39203148057058534,0.3760711254151515,0.3760711254151515
20250415_openhands/django__django-15280,django__django-15280,1,3,"('step', 'cos_step', 20, 4)",0.39203148057058534,0.39727616961005885,0.39727616961005885
20250415_openhands/django__django-16315,django__django-16315,1,3,"('step', 'cos_step', 20, 4)",0.39203148057058534,0.4140104151505848,0.4140104151505848
20250415_openhands/django__django-16502,django__django-16502,1,3,"('step', 'cos_step', 20, 4)",0.39203148057058534,0.39453043129986354,0.39453043129986354
20250415_openhands/django__django-16569,django__django-16569,1,3,"('step', 'cos_step', 20, 4)",0.39203148057058534,0.4131642735182304,0.4131642735182304
20250415_openhands/django__django-16631,django__django-16631,1,3,"('step', 'cos_step', 20, 4)",0.39203148057058534,0.37404114149964796,0.37404114149964796
20250415_openhands/django__django-16667,django__django-16667,1,3,"('step', 'cos_step', 20, 4)",0.39203148057058534,0.39453043129986437,0.39453043129986437
20250415_openhands/matplotlib__matplotlib-20676,matplotlib__matplotlib-20676,1,3,"('step', 'cos_step', 20, 4)",0.39203148057058534,0.39697007529645356,0.39697007529645356
20250415_openhands/matplotlib__matplotlib-25479,matplotlib__matplotlib-25479,1,3,"('step', 'cos_step', 20, 4)",0.39203148057058534,0.32833001789893135,0.32833001789893135
20250415_openhands/matplotlib__matplotlib-26208,matplotlib__matplotlib-26208,1,3,"('step', 'cos_step', 20, 4)",0.39203148057058534,0.41400551753889875,0.41400551753889875
20250415_openhands/mwaskom__seaborn-3187,mwaskom__seaborn-3187,1,3,"('step', 'cos_step', 20, 4)",0.39203148057058534,0.37404114149964796,0.37404114149964796
20250415_openhands/pylint-dev__pylint-7080,pylint-dev__pylint-7080,1,3,"('step', 'cos_step', 20, 4)",0.39203148057058534,0.37404114149964796,0.37404114149964796
20250415_openhands/pytest-dev__pytest-5840,pytest-dev__pytest-5840,1,3,"('step', 'cos_step', 20, 4)",0.39203148057058534,0.32833001789893135,0.32833001789893135
20250415_openhands/scikit-learn__scikit-learn-26194,scikit-learn__scikit-learn-26194,1,3,"('step', 'cos_step', 20, 4)",0.39203148057058534,0.4425529810201018,0.4425529810201018
20250415_openhands/sphinx-doc__sphinx-7985,sphinx-doc__sphinx-7985,1,3,"('step', 'cos_step', 20, 4)",0.39203148057058534,0.32833001789893135,0.32833001789893135
20250415_openhands/sphinx-doc__sphinx-9229,sphinx-doc__sphinx-9229,1,3,"('step', 'cos_step', 20, 4)",0.39203148057058534,0.32833001789893135,0.32833001789893135
20250415_openhands/sympy__sympy-12489,sympy__sympy-12489,1,3,"('step', 'cos_step', 20, 4)",0.39203148057058534,0.32833001789893135,0.32833001789893135
20250415_openhands/sympy__sympy-13031,sympy__sympy-13031,1,3,"('step', 'cos_step', 20, 4)",0.39203148057058534,0.35189220675125554,0.35189220675125554
20250415_openhands/sympy__sympy-13551,sympy__sympy-13551,1,3,"('step', 'cos_step', 20, 4)",0.39203148057058534,0.41468979164286124,0.41468979164286124
20250415_openhands/sympy__sympy-17318,sympy__sympy-17318,1,3,"('step', 'cos_step', 20, 4)",0.39203148057058534,0.39598006006428615,0.39598006006428615
20250415_openhands/sympy__sympy-19040,sympy__sympy-19040,1,3,"('step', 'cos_step', 20, 4)",0.39203148057058534,0.4131642735182304,0.4131642735182304
20250415_openhands/sympy__sympy-20438,sympy__sympy-20438,1,3,"('step', 'cos_step', 20, 4)",0.39203148057058534,0.35189220675125554,0.35189220675125554
20250415_openhands/sympy__sympy-21930,sympy__sympy-21930,1,3,"('step', 'cos_step', 20, 4)",0.39203148057058534,0.41400551753889875,0.41400551753889875
20250415_openhands/astropy__astropy-14508,astropy__astropy-14508,0,3,"('step', 'cos_step', 20, 4)",0.39203148057058534,0.3945304312998642,0.3945304312998642
20250415_openhands/django__django-11066,django__django-11066,0,3,"('step', 'cos_step', 20, 4)",0.39203148057058534,0.37404114149964796,0.37404114149964796
20250415_openhands/django__django-11119,django__django-11119,0,3,"('step', 'cos_step', 20, 4)",0.39203148057058534,0.41400551753889875,0.41400551753889875
20250415_openhands/django__django-11211,django__django-11211,0,3,"('step', 'cos_step', 20, 4)",0.39203148057058534,0.41400551753889875,0.41400551753889875
20250415_openhands/django__django-11292,django__django-11292,0,3,"('step', 'cos_step', 20, 4)",0.39203148057058534,0.39598006006428543,0.39598006006428543
20250415_openhands/django__django-11490,django__django-11490,0,3,"('step', 'cos_step', 20, 4)",0.39203148057058534,0.4131642735182304,0.4131642735182304
20250415_openhands/django__django-11815,django__django-11815,0,3,"('step', 'cos_step', 20, 4)",0.39203148057058534,0.41400551753889875,0.41400551753889875
20250415_openhands/django__django-11880,django__django-11880,0,3,"('step', 'cos_step', 20, 4)",0.39203148057058534,0.42900342608940706,0.42900342608940706
20250415_openhands/django__django-12708,django__django-12708,0,3,"('step', 'cos_step', 20, 4)",0.39203148057058534,0.41400551753889875,0.41400551753889875
20250415_openhands/django__django-13033,django__django-13033,0,3,"('step', 'cos_step', 20, 4)",0.39203148057058534,0.35189220675125554,0.35189220675125554
20250415_openhands/django__django-13112,django__django-13112,0,3,"('step', 'cos_step', 20, 4)",0.39203148057058534,0.41400551753889875,0.41400551753889875
20250415_openhands/django__django-13128,django__django-13128,0,3,"('step', 'cos_step', 20, 4)",0.39203148057058534,0.35189220675125554,0.35189220675125554
20250415_openhands/django__django-13343,django__django-13343,0,3,"('step', 'cos_step', 20, 4)",0.39203148057058534,0.39453043129986354,0.39453043129986354
20250415_openhands/django__django-13449,django__django-13449,0,3,"('step', 'cos_step', 20, 4)",0.39203148057058534,0.3945304312998642,0.3945304312998642
20250415_openhands/django__django-13837,django__django-13837,0,3,"('step', 'cos_step', 20, 4)",0.39203148057058534,0.37404114149964796,0.37404114149964796
20250415_openhands/django__django-13933,django__django-13933,0,3,"('step', 'cos_step', 20, 4)",0.39203148057058534,0.35189220675125554,0.35189220675125554
20250415_openhands/django__django-13964,django__django-13964,0,3,"('step', 'cos_step', 20, 4)",0.39203148057058534,0.4300073298416594,0.4300073298416594
20250415_openhands/django__django-14089,django__django-14089,0,3,"('step', 'cos_step', 20, 4)",0.39203148057058534,0.41400551753889875,0.41400551753889875
20250415_openhands/django__django-14493,django__django-14493,0,3,"('step', 'cos_step', 20, 4)",0.39203148057058534,0.41400551753889875,0.41400551753889875
20250415_openhands/django__django-14539,django__django-14539,0,3,"('step', 'cos_step', 20, 4)",0.39203148057058534,0.39697007529645445,0.39697007529645445
20250415_openhands/django__django-14608,django__django-14608,0,3,"('step', 'cos_step', 20, 4)",0.39203148057058534,0.37404114149964796,0.37404114149964796
20250415_openhands/django__django-14672,django__django-14672,0,3,"('step', 'cos_step', 20, 4)",0.39203148057058534,0.4131642735182304,0.4131642735182304
20250415_openhands/django__django-14855,django__django-14855,0,3,"('step', 'cos_step', 20, 4)",0.39203148057058534,0.32833001789893135,0.32833001789893135
20250415_openhands/django__django-15104,django__django-15104,0,3,"('step', 'cos_step', 20, 4)",0.39203148057058534,0.37404114149964796,0.37404114149964796
20250415_openhands/django__django-15561,django__django-15561,0,3,"('step', 'cos_step', 20, 4)",0.39203148057058534,0.44329840732354936,0.44329840732354936
20250415_openhands/django__django-15572,django__django-15572,0,3,"('step', 'cos_step', 20, 4)",0.39203148057058534,0.4400307465534116,0.4400307465534116
20250415_openhands/django__django-15814,django__django-15814,0,3,"('step', 'cos_step', 20, 4)",0.39203148057058534,0.39453043129986354,0.39453043129986354
20250415_openhands/django__django-15851,django__django-15851,0,3,"('step', 'cos_step', 20, 4)",0.39203148057058534,0.37404114149964773,0.37404114149964773
20250415_openhands/django__django-15987,django__django-15987,0,3,"('step', 'cos_step', 20, 4)",0.39203148057058534,0.3959800600642863,0.3959800600642863
20250415_openhands/django__django-16082,django__django-16082,0,3,"('step', 'cos_step', 20, 4)",0.39203148057058534,0.44329840732354936,0.44329840732354936
20250415_openhands/django__django-16100,django__django-16100,0,3,"('step', 'cos_step', 20, 4)",0.39203148057058534,0.35189220675125554,0.35189220675125554
20250415_openhands/django__django-16560,django__django-16560,0,3,"('step', 'cos_step', 20, 4)",0.39203148057058534,0.39453043129986354,0.39453043129986354
20250415_openhands/django__django-16819,django__django-16819,0,3,"('step', 'cos_step', 20, 4)",0.39203148057058534,0.37404114149964796,0.37404114149964796
20250415_openhands/matplotlib__matplotlib-14623,matplotlib__matplotlib-14623,0,3,"('step', 'cos_step', 20, 4)",0.39203148057058534,0.39598006006428615,0.39598006006428615
20250415_openhands/matplotlib__matplotlib-20859,matplotlib__matplotlib-20859,0,3,"('step', 'cos_step', 20, 4)",0.39203148057058534,0.39598006006428543,0.39598006006428543
20250415_openhands/matplotlib__matplotlib-22719,matplotlib__matplotlib-22719,0,3,"('step', 'cos_step', 20, 4)",0.39203148057058534,0.41400551753889875,0.41400551753889875
20250415_openhands/matplotlib__matplotlib-24026,matplotlib__matplotlib-24026,0,3,"('step', 'cos_step', 20, 4)",0.39203148057058534,0.4300073298416594,0.4300073298416594
20250415_openhands/matplotlib__matplotlib-26113,matplotlib__matplotlib-26113,0,3,"('step', 'cos_step', 20, 4)",0.39203148057058534,0.30365224728640294,0.30365224728640294
20250415_openhands/matplotlib__matplotlib-26342,matplotlib__matplotlib-26342,0,3,"('step', 'cos_step', 20, 4)",0.39203148057058534,0.3945304312998642,0.3945304312998642
20250415_openhands/pydata__xarray-3151,pydata__xarray-3151,0,3,"('step', 'cos_step', 20, 4)",0.39203148057058534,0.37404114149964796,0.37404114149964796
20250415_openhands/pydata__xarray-6461,pydata__xarray-6461,0,3,"('step', 'cos_step', 20, 4)",0.39203148057058534,0.37404114149964796,0.37404114149964796
20250415_openhands/pylint-dev__pylint-6528,pylint-dev__pylint-6528,0,3,"('step', 'cos_step', 20, 4)",0.39203148057058534,0.3945304312998642,0.3945304312998642
20250415_openhands/pylint-dev__pylint-6903,pylint-dev__pylint-6903,0,3,"('step', 'cos_step', 20, 4)",0.39203148057058534,0.3968215053325291,0.3968215053325291
20250415_openhands/pytest-dev__pytest-7324,pytest-dev__pytest-7324,0,3,"('step', 'cos_step', 20, 4)",0.39203148057058534,0.39598006006428543,0.39598006006428543
20250415_openhands/scikit-learn__scikit-learn-10297,scikit-learn__scikit-learn-10297,0,3,"('step', 'cos_step', 20, 4)",0.39203148057058534,0.43000732984165824,0.43000732984165824
20250415_openhands/scikit-learn__scikit-learn-14894,scikit-learn__scikit-learn-14894,0,3,"('step', 'cos_step', 20, 4)",0.39203148057058534,0.39598006006428543,0.39598006006428543
20250415_openhands/scikit-learn__scikit-learn-26323,scikit-learn__scikit-learn-26323,0,3,"('step', 'cos_step', 20, 4)",0.39203148057058534,0.3945304312998642,0.3945304312998642
20250415_openhands/sphinx-doc__sphinx-10449,sphinx-doc__sphinx-10449,0,3,"('step', 'cos_step', 20, 4)",0.39203148057058534,0.35189220675125554,0.35189220675125554
20250415_openhands/sphinx-doc__sphinx-8035,sphinx-doc__sphinx-8035,0,3,"('step', 'cos_step', 20, 4)",0.39203148057058534,0.3283300178989317,0.3283300178989317
20250415_openhands/sphinx-doc__sphinx-8459,sphinx-doc__sphinx-8459,0,3,"('step', 'cos_step', 20, 4)",0.39203148057058534,0.35189220675125554,0.35189220675125554
20250415_openhands/sphinx-doc__sphinx-8721,sphinx-doc__sphinx-8721,0,3,"('step', 'cos_step', 20, 4)",0.39203148057058534,0.44329840732354936,0.44329840732354936
20250415_openhands/sphinx-doc__sphinx-9658,sphinx-doc__sphinx-9658,0,3,"('step', 'cos_step', 20, 4)",0.39203148057058534,0.3760711254151516,0.3760711254151516
20250415_openhands/sphinx-doc__sphinx-9673,sphinx-doc__sphinx-9673,0,3,"('step', 'cos_step', 20, 4)",0.39203148057058534,0.3760711254151508,0.3760711254151508
20250415_openhands/sphinx-doc__sphinx-9711,sphinx-doc__sphinx-9711,0,3,"('step', 'cos_step', 20, 4)",0.39203148057058534,0.41400551753889875,0.41400551753889875
20250415_openhands/sympy__sympy-14976,sympy__sympy-14976,0,3,"('step', 'cos_step', 20, 4)",0.39203148057058534,0.39598006006428543,0.39598006006428543
20250415_openhands/sympy__sympy-15345,sympy__sympy-15345,0,3,"('step', 'cos_step', 20, 4)",0.39203148057058534,0.39453043129986437,0.39453043129986437
20250415_openhands/sympy__sympy-15875,sympy__sympy-15875,0,3,"('step', 'cos_step', 20, 4)",0.39203148057058534,0.37404114149964796,0.37404114149964796
20250415_openhands/sympy__sympy-18189,sympy__sympy-18189,0,3,"('step', 'cos_step', 20, 4)",0.39203148057058534,0.4131642735182304,0.4131642735182304
20250415_openhands/sympy__sympy-24562,sympy__sympy-24562,0,3,"('step', 'cos_step', 20, 4)",0.39203148057058534,0.3945304312998642,0.3945304312998642
20250520_openhands_devstral_small/astropy__astropy-13453,astropy__astropy-13453,1,3,"('step', 'cos_step', 20, 4)",0.39203148057058534,0.37404114149964796,0.37404114149964796
20250520_openhands_devstral_small/astropy__astropy-14182,astropy__astropy-14182,1,3,"('step', 'cos_step', 20, 4)",0.39203148057058534,0.39598006006428615,0.39598006006428615
20250520_openhands_devstral_small/astropy__astropy-14508,astropy__astropy-14508,1,3,"('step', 'cos_step', 20, 4)",0.39203148057058534,0.32833001789893135,0.32833001789893135
20250520_openhands_devstral_small/astropy__astropy-14598,astropy__astropy-14598,1,3,"('step', 'cos_step', 20, 4)",0.39203148057058534,0.41400551753889875,0.41400551753889875
20250520_openhands_devstral_small/django__django-11141,django__django-11141,1,3,"('step', 'cos_step', 20, 4)",0.39203148057058534,0.41400551753889875,0.41400551753889875
20250520_openhands_devstral_small/django__django-11239,django__django-11239,1,3,"('step', 'cos_step', 20, 4)",0.39203148057058534,0.30365224728640294,0.30365224728640294
20250520_openhands_devstral_small/django__django-11400,django__django-11400,1,3,"('step', 'cos_step', 20, 4)",0.39203148057058534,0.41400551753889875,0.41400551753889875
20250520_openhands_devstral_small/django__django-11490,django__django-11490,1,3,"('step', 'cos_step', 20, 4)",0.39203148057058534,0.4131642735182308,0.4131642735182308
20250520_openhands_devstral_small/django__django-11820,django__django-11820,1,3,"('step', 'cos_step', 20, 4)",0.39203148057058534,0.39598006006428615,0.39598006006428615
20250520_openhands_devstral_small/django__django-11885,django__django-11885,1,3,"('step', 'cos_step', 20, 4)",0.39203148057058534,0.41400551753889847,0.41400551753889847
20250520_openhands_devstral_small/django__django-13033,django__django-13033,1,3,"('step', 'cos_step', 20, 4)",0.39203148057058534,0.4131642735182304,0.4131642735182304
20250520_openhands_devstral_small/django__django-13112,django__django-13112,1,3,"('step', 'cos_step', 20, 4)",0.39203148057058534,0.37404114149964796,0.37404114149964796
20250520_openhands_devstral_small/django__django-13128,django__django-13128,1,3,"('step', 'cos_step', 20, 4)",0.39203148057058534,0.42881136650569635,0.42881136650569635
20250520_openhands_devstral_small/django__django-13343,django__django-13343,1,3,"('step', 'cos_step', 20, 4)",0.39203148057058534,0.41400551753889875,0.41400551753889875
20250520_openhands_devstral_small/django__django-13568,django__django-13568,1,3,"('step', 'cos_step', 20, 4)",0.39203148057058534,0.39598006006428543,0.39598006006428543
20250520_openhands_devstral_small/django__django-13794,django__django-13794,1,3,"('step', 'cos_step', 20, 4)",0.39203148057058534,0.37404114149964796,0.37404114149964796
20250520_openhands_devstral_small/django__django-13807,django__django-13807,1,3,"('step', 'cos_step', 20, 4)",0.39203148057058534,0.41316427351822965,0.41316427351822965
20250520_openhands_devstral_small/django__django-13964,django__django-13964,1,3,"('step', 'cos_step', 20, 4)",0.39203148057058534,0.39453043129986354,0.39453043129986354
20250520_openhands_devstral_small/django__django-14011,django__django-14011,1,3,"('step', 'cos_step', 20, 4)",0.39203148057058534,0.4300073298416594,0.4300073298416594
20250520_openhands_devstral_small/django__django-14493,django__django-14493,1,3,"('step', 'cos_step', 20, 4)",0.39203148057058534,0.4300073298416594,0.4300073298416594
20250520_openhands_devstral_small/django__django-14539,django__django-14539,1,3,"('step', 'cos_step', 20, 4)",0.39203148057058534,0.37404114149964796,0.37404114149964796
20250520_openhands_devstral_small/django__django-14792,django__django-14792,1,3,"('step', 'cos_step', 20, 4)",0.39203148057058534,0.37404114149964796,0.37404114149964796
20250520_openhands_devstral_small/django__django-15280,django__django-15280,1,3,"('step', 'cos_step', 20, 4)",0.39203148057058534,0.4432984073235489,0.4432984073235489
20250520_openhands_devstral_small/django__django-16315,django__django-16315,1,3,"('step', 'cos_step', 20, 4)",0.39203148057058534,0.30365224728640294,0.30365224728640294
20250520_openhands_devstral_small/django__django-16502,django__django-16502,1,3,"('step', 'cos_step', 20, 4)",0.39203148057058534,0.35189220675125554,0.35189220675125554
20250520_openhands_devstral_small/django__django-16560,django__django-16560,1,3,"('step', 'cos_step', 20, 4)",0.39203148057058534,0.35189220675125554,0.35189220675125554
20250520_openhands_devstral_small/django__django-16631,django__django-16631,1,3,"('step', 'cos_step', 20, 4)",0.39203148057058534,0.37404114149964796,0.37404114149964796
20250520_openhands_devstral_small/django__django-16667,django__django-16667,1,3,"('step', 'cos_step', 20, 4)",0.39203148057058534,0.35189220675125554,0.35189220675125554
20250520_openhands_devstral_small/django__django-16819,django__django-16819,1,3,"('step', 'cos_step', 20, 4)",0.39203148057058534,0.4555652960046571,0.4555652960046571
20250520_openhands_devstral_small/matplotlib__matplotlib-14623,matplotlib__matplotlib-14623,1,3,"('step', 'cos_step', 20, 4)",0.39203148057058534,0.42881136650569585,0.42881136650569585
20250520_openhands_devstral_small/matplotlib__matplotlib-20676,matplotlib__matplotlib-20676,1,3,"('step', 'cos_step', 20, 4)",0.39203148057058534,0.42900342608940706,0.42900342608940706
20250520_openhands_devstral_small/matplotlib__matplotlib-25479,matplotlib__matplotlib-25479,1,3,"('step', 'cos_step', 20, 4)",0.39203148057058534,0.41400551753889875,0.41400551753889875
20250520_openhands_devstral_small/matplotlib__matplotlib-26208,matplotlib__matplotlib-26208,1,3,"('step', 'cos_step', 20, 4)",0.39203148057058534,0.41468979164286124,0.41468979164286124
20250520_openhands_devstral_small/mwaskom__seaborn-3187,mwaskom__seaborn-3187,1,3,"('step', 'cos_step', 20, 4)",0.39203148057058534,0.35189220675125554,0.35189220675125554
20250520_openhands_devstral_small/psf__requests-1766,psf__requests-1766,1,3,"('step', 'cos_step', 20, 4)",0.39203148057058534,0.39453043129986354,0.39453043129986354
20250520_openhands_devstral_small/pylint-dev__pylint-7080,pylint-dev__pylint-7080,1,3,"('step', 'cos_step', 20, 4)",0.39203148057058534,0.39598006006428615,0.39598006006428615
20250520_openhands_devstral_small/pytest-dev__pytest-5840,pytest-dev__pytest-5840,1,3,"('step', 'cos_step', 20, 4)",0.39203148057058534,0.37404114149964796,0.37404114149964796
20250520_openhands_devstral_small/pytest-dev__pytest-7324,pytest-dev__pytest-7324,1,3,"('step', 'cos_step', 20, 4)",0.39203148057058534,0.41468979164286124,0.41468979164286124
20250520_openhands_devstral_small/scikit-learn__scikit-learn-26194,scikit-learn__scikit-learn-26194,1,3,"('step', 'cos_step', 20, 4)",0.39203148057058534,0.35189220675125554,0.35189220675125554
20250520_openhands_devstral_small/sphinx-doc__sphinx-7985,sphinx-doc__sphinx-7985,1,3,"('step', 'cos_step', 20, 4)",0.39203148057058534,0.3760711254151515,0.3760711254151515
20250520_openhands_devstral_small/sphinx-doc__sphinx-8459,sphinx-doc__sphinx-8459,1,3,"('step', 'cos_step', 20, 4)",0.39203148057058534,0.41468979164286124,0.41468979164286124
20250520_openhands_devstral_small/sphinx-doc__sphinx-9229,sphinx-doc__sphinx-9229,1,3,"('step', 'cos_step', 20, 4)",0.39203148057058534,0.39598006006428615,0.39598006006428615
20250520_openhands_devstral_small/sphinx-doc__sphinx-9658,sphinx-doc__sphinx-9658,1,3,"('step', 'cos_step', 20, 4)",0.39203148057058534,0.4144500849531538,0.4144500849531538
20250520_openhands_devstral_small/sympy__sympy-12489,sympy__sympy-12489,1,3,"('step', 'cos_step', 20, 4)",0.39203148057058534,0.3760711254151516,0.3760711254151516
20250520_openhands_devstral_small/sympy__sympy-13551,sympy__sympy-13551,1,3,"('step', 'cos_step', 20, 4)",0.39203148057058534,0.39453043129986437,0.39453043129986437
20250520_openhands_devstral_small/sympy__sympy-15345,sympy__sympy-15345,1,3,"('step', 'cos_step', 20, 4)",0.39203148057058534,0.39453043129986354,0.39453043129986354
20250520_openhands_devstral_small/sympy__sympy-15875,sympy__sympy-15875,1,3,"('step', 'cos_step', 20, 4)",0.39203148057058534,0.3959800600642863,0.3959800600642863
20250520_openhands_devstral_small/sympy__sympy-17318,sympy__sympy-17318,1,3,"('step', 'cos_step', 20, 4)",0.39203148057058534,0.41400551753889875,0.41400551753889875
20250520_openhands_devstral_small/sympy__sympy-18189,sympy__sympy-18189,1,3,"('step', 'cos_step', 20, 4)",0.39203148057058534,0.35189220675125554,0.35189220675125554
20250520_openhands_devstral_small/sympy__sympy-19040,sympy__sympy-19040,1,3,"('step', 'cos_step', 20, 4)",0.39203148057058534,0.41400551753889875,0.41400551753889875
20250520_openhands_devstral_small/sympy__sympy-20438,sympy__sympy-20438,1,3,"('step', 'cos_step', 20, 4)",0.39203148057058534,0.39453043129986376,0.39453043129986376
20250520_openhands_devstral_small/sympy__sympy-21930,sympy__sympy-21930,1,3,"('step', 'cos_step', 20, 4)",0.39203148057058534,0.39598006006428543,0.39598006006428543
20250520_openhands_devstral_small/sympy__sympy-24562,sympy__sympy-24562,1,3,"('step', 'cos_step', 20, 4)",0.39203148057058534,0.35189220675125554,0.35189220675125554
20250520_openhands_devstral_small/django__django-11066,django__django-11066,0,3,"('step', 'cos_step', 20, 4)",0.39203148057058534,0.35189220675125554,0.35189220675125554
20250520_openhands_devstral_small/django__django-11119,django__django-11119,0,3,"('step', 'cos_step', 20, 4)",0.39203148057058534,0.39453043129986354,0.39453043129986354
20250520_openhands_devstral_small/django__django-11211,django__django-11211,0,3,"('step', 'cos_step', 20, 4)",0.39203148057058534,0.39598006006428615,0.39598006006428615
20250520_openhands_devstral_small/django__django-11292,django__django-11292,0,3,"('step', 'cos_step', 20, 4)",0.39203148057058534,0.41400551753889875,0.41400551753889875
20250520_openhands_devstral_small/django__django-11815,django__django-11815,0,3,"('step', 'cos_step', 20, 4)",0.39203148057058534,0.3740411414996471,0.3740411414996471
20250520_openhands_devstral_small/django__django-11880,django__django-11880,0,3,"('step', 'cos_step', 20, 4)",0.39203148057058534,0.4131642735182304,0.4131642735182304
20250520_openhands_devstral_small/django__django-12708,django__django-12708,0,3,"('step', 'cos_step', 20, 4)",0.39203148057058534,0.37404114149964796,0.37404114149964796
20250520_openhands_devstral_small/django__django-13449,django__django-13449,0,3,"('step', 'cos_step', 20, 4)",0.39203148057058534,0.35189220675125554,0.35189220675125554
20250520_openhands_devstral_small/django__django-13837,django__django-13837,0,3,"('step', 'cos_step', 20, 4)",0.39203148057058534,0.3283300178989322,0.3283300178989322
20250520_openhands_devstral_small/django__django-13933,django__django-13933,0,3,"('step', 'cos_step', 20, 4)",0.39203148057058534,0.39598006006428615,0.39598006006428615
20250520_openhands_devstral_small/django__django-14089,django__django-14089,0,3,"('step', 'cos_step', 20, 4)",0.39203148057058534,0.42900342608940706,0.42900342608940706
20250520_openhands_devstral_small/django__django-14608,django__django-14608,0,3,"('step', 'cos_step', 20, 4)",0.39203148057058534,0.39453043129986354,0.39453043129986354
20250520_openhands_devstral_small/django__django-14855,django__django-14855,0,3,"('step', 'cos_step', 20, 4)",0.39203148057058534,0.39453043129986437,0.39453043129986437
20250520_openhands_devstral_small/django__django-15561,django__django-15561,0,3,"('step', 'cos_step', 20, 4)",0.39203148057058534,0.41400551753889875,0.41400551753889875
20250520_openhands_devstral_small/django__django-15572,django__django-15572,0,3,"('step', 'cos_step', 20, 4)",0.39203148057058534,0.39598006006428543,0.39598006006428543
20250520_openhands_devstral_small/django__django-15814,django__django-15814,0,3,"('step', 'cos_step', 20, 4)",0.39203148057058534,0.3760711254151516,0.3760711254151516
20250520_openhands_devstral_small/django__django-15851,django__django-15851,0,3,"('step', 'cos_step', 20, 4)",0.39203148057058534,0.4300073298416588,0.4300073298416588
20250520_openhands_devstral_small/django__django-15987,django__django-15987,0,3,"('step', 'cos_step', 20, 4)",0.39203148057058534,0.4131642735182304,0.4131642735182304
20250520_openhands_devstral_small/django__django-16082,django__django-16082,0,3,"('step', 'cos_step', 20, 4)",0.39203148057058534,0.3945304312998642,0.3945304312998642
20250520_openhands_devstral_small/django__django-16100,django__django-16100,0,3,"('step', 'cos_step', 20, 4)",0.39203148057058534,0.41400551753889875,0.41400551753889875
20250520_openhands_devstral_small/django__django-16255,django__django-16255,0,3,"('step', 'cos_step', 20, 4)",0.39203148057058534,0.37404114149964796,0.37404114149964796
20250520_openhands_devstral_small/django__django-16429,django__django-16429,0,3,"('step', 'cos_step', 20, 4)",0.39203148057058534,0.39453043129986437,0.39453043129986437
20250520_openhands_devstral_small/matplotlib__matplotlib-20859,matplotlib__matplotlib-20859,0,3,"('step', 'cos_step', 20, 4)",0.39203148057058534,0.35189220675125554,0.35189220675125554
20250520_openhands_devstral_small/matplotlib__matplotlib-22719,matplotlib__matplotlib-22719,0,3,"('step', 'cos_step', 20, 4)",0.39203148057058534,0.39453043129986376,0.39453043129986376
20250520_openhands_devstral_small/matplotlib__matplotlib-24026,matplotlib__matplotlib-24026,0,3,"('step', 'cos_step', 20, 4)",0.39203148057058534,0.39697007529645445,0.39697007529645445
20250520_openhands_devstral_small/matplotlib__matplotlib-26342,matplotlib__matplotlib-26342,0,3,"('step', 'cos_step', 20, 4)",0.39203148057058534,0.32833001789893135,0.32833001789893135
20250520_openhands_devstral_small/pydata__xarray-3151,pydata__xarray-3151,0,3,"('step', 'cos_step', 20, 4)",0.39203148057058534,0.35189220675125554,0.35189220675125554
20250520_openhands_devstral_small/pydata__xarray-6461,pydata__xarray-6461,0,3,"('step', 'cos_step', 20, 4)",0.39203148057058534,0.43006217383663503,0.43006217383663503
20250520_openhands_devstral_small/pylint-dev__pylint-6528,pylint-dev__pylint-6528,0,3,"('step', 'cos_step', 20, 4)",0.39203148057058534,0.37404114149964796,0.37404114149964796
20250520_openhands_devstral_small/pylint-dev__pylint-6903,pylint-dev__pylint-6903,0,3,"('step', 'cos_step', 20, 4)",0.39203148057058534,0.32833001789893135,0.32833001789893135
20250520_openhands_devstral_small/scikit-learn__scikit-learn-10297,scikit-learn__scikit-learn-10297,0,3,"('step', 'cos_step', 20, 4)",0.39203148057058534,0.3945304312998642,0.3945304312998642
20250520_openhands_devstral_small/scikit-learn__scikit-learn-14894,scikit-learn__scikit-learn-14894,0,3,"('step', 'cos_step', 20, 4)",0.39203148057058534,0.43006217383663503,0.43006217383663503
20250520_openhands_devstral_small/scikit-learn__scikit-learn-26323,scikit-learn__scikit-learn-26323,0,3,"('step', 'cos_step', 20, 4)",0.39203148057058534,0.4131642735182304,0.4131642735182304
20250520_openhands_devstral_small/sphinx-doc__sphinx-10449,sphinx-doc__sphinx-10449,0,3,"('step', 'cos_step', 20, 4)",0.39203148057058534,0.39453043129986354,0.39453043129986354
20250520_openhands_devstral_small/sphinx-doc__sphinx-8035,sphinx-doc__sphinx-8035,0,3,"('step', 'cos_step', 20, 4)",0.39203148057058534,0.4454382174842041,0.4454382174842041
20250520_openhands_devstral_small/sphinx-doc__sphinx-8721,sphinx-doc__sphinx-8721,0,3,"('step', 'cos_step', 20, 4)",0.39203148057058534,0.35189220675125554,0.35189220675125554
20250520_openhands_devstral_small/sphinx-doc__sphinx-9673,sphinx-doc__sphinx-9673,0,3,"('step', 'cos_step', 20, 4)",0.39203148057058534,0.37404114149964796,0.37404114149964796
20250520_openhands_devstral_small/sphinx-doc__sphinx-9711,sphinx-doc__sphinx-9711,0,3,"('step', 'cos_step', 20, 4)",0.39203148057058534,0.37404114149964796,0.37404114149964796
20250520_openhands_devstral_small/sympy__sympy-11618,sympy__sympy-11618,0,3,"('step', 'cos_step', 20, 4)",0.39203148057058534,0.451028307346001,0.451028307346001
20250520_openhands_devstral_small/sympy__sympy-13031,sympy__sympy-13031,0,3,"('step', 'cos_step', 20, 4)",0.39203148057058534,0.41468979164286124,0.41468979164286124
20250520_openhands_devstral_small/sympy__sympy-14976,sympy__sympy-14976,0,3,"('step', 'cos_step', 20, 4)",0.39203148057058534,0.41400551753889875,0.41400551753889875
20250524_openhands_claude_4_sonnet/astropy__astropy-14182,astropy__astropy-14182,1,3,"('step', 'cos_step', 20, 4)",0.39203148057058534,0.4131642735182304,0.4131642735182304
20250524_openhands_claude_4_sonnet/astropy__astropy-14598,astropy__astropy-14598,1,3,"('step', 'cos_step', 20, 4)",0.39203148057058534,0.43006217383663503,0.43006217383663503
20250524_openhands_claude_4_sonnet/django__django-10999,django__django-10999,1,3,"('step', 'cos_step', 20, 4)",0.39203148057058534,0.30365224728640294,0.30365224728640294
20250524_openhands_claude_4_sonnet/django__django-11141,django__django-11141,1,3,"('step', 'cos_step', 20, 4)",0.39203148057058534,0.37404114149964796,0.37404114149964796
20250524_openhands_claude_4_sonnet/django__django-11400,django__django-11400,1,3,"('step', 'cos_step', 20, 4)",0.39203148057058534,0.4432984073235489,0.4432984073235489
20250524_openhands_claude_4_sonnet/django__django-11490,django__django-11490,1,3,"('step', 'cos_step', 20, 4)",0.39203148057058534,0.3945304312998642,0.3945304312998642
20250524_openhands_claude_4_sonnet/django__django-11820,django__django-11820,1,3,"('step', 'cos_step', 20, 4)",0.39203148057058534,0.35189220675125554,0.35189220675125554
20250524_openhands_claude_4_sonnet/django__django-11885,django__django-11885,1,3,"('step', 'cos_step', 20, 4)",0.39203148057058534,0.39453043129986437,0.39453043129986437
20250524_openhands_claude_4_sonnet/django__django-13343,django__django-13343,1,3,"('step', 'cos_step', 20, 4)",0.39203148057058534,0.32833001789893135,0.32833001789893135
20250524_openhands_claude_4_sonnet/django__django-13568,django__django-13568,1,3,"('step', 'cos_step', 20, 4)",0.39203148057058534,0.39598006006428615,0.39598006006428615
20250524_openhands_claude_4_sonnet/django__django-13794,django__django-13794,1,3,"('step', 'cos_step', 20, 4)",0.39203148057058534,0.37404114149964796,0.37404114149964796
20250524_openhands_claude_4_sonnet/django__django-13964,django__django-13964,1,3,"('step', 'cos_step', 20, 4)",0.39203148057058534,0.39453043129986354,0.39453043129986354
20250524_openhands_claude_4_sonnet/django__django-14011,django__django-14011,1,3,"('step', 'cos_step', 20, 4)",0.39203148057058534,0.39598006006428615,0.39598006006428615
20250524_openhands_claude_4_sonnet/django__django-14792,django__django-14792,1,3,"('step', 'cos_step', 20, 4)",0.39203148057058534,0.39453043129986437,0.39453043129986437
20250524_openhands_claude_4_sonnet/django__django-15280,django__django-15280,1,3,"('step', 'cos_step', 20, 4)",0.39203148057058534,0.43006217383663503,0.43006217383663503
20250524_openhands_claude_4_sonnet/django__django-16502,django__django-16502,1,3,"('step', 'cos_step', 20, 4)",0.39203148057058534,0.37404114149964796,0.37404114149964796
20250524_openhands_claude_4_sonnet/django__django-16631,django__django-16631,1,3,"('step', 'cos_step', 20, 4)",0.39203148057058534,0.41400551753889875,0.41400551753889875
20250524_openhands_claude_4_sonnet/django__django-16667,django__django-16667,1,3,"('step', 'cos_step', 20, 4)",0.39203148057058534,0.3760711254151515,0.3760711254151515
20250524_openhands_claude_4_sonnet/matplotlib__matplotlib-20676,matplotlib__matplotlib-20676,1,3,"('step', 'cos_step', 20, 4)",0.39203148057058534,0.3945304312998642,0.3945304312998642
20250524_openhands_claude_4_sonnet/matplotlib__matplotlib-25479,matplotlib__matplotlib-25479,1,3,"('step', 'cos_step', 20, 4)",0.39203148057058534,0.3760711254151516,0.3760711254151516
20250524_openhands_claude_4_sonnet/psf__requests-1766,psf__requests-1766,1,3,"('step', 'cos_step', 20, 4)",0.39203148057058534,0.39598006006428543,0.39598006006428543
20250524_openhands_claude_4_sonnet/pylint-dev__pylint-7080,pylint-dev__pylint-7080,1,3,"('step', 'cos_step', 20, 4)",0.39203148057058534,0.4438839414968083,0.4438839414968083
20250524_openhands_claude_4_sonnet/pytest-dev__pytest-5840,pytest-dev__pytest-5840,1,3,"('step', 'cos_step', 20, 4)",0.39203148057058534,0.35189220675125554,0.35189220675125554
20250524_openhands_claude_4_sonnet/scikit-learn__scikit-learn-26194,scikit-learn__scikit-learn-26194,1,3,"('step', 'cos_step', 20, 4)",0.39203148057058534,0.37404114149964796,0.37404114149964796
20250524_openhands_claude_4_sonnet/sphinx-doc__sphinx-7985,sphinx-doc__sphinx-7985,1,3,"('step', 'cos_step', 20, 4)",0.39203148057058534,0.35189220675125554,0.35189220675125554
20250524_openhands_claude_4_sonnet/sphinx-doc__sphinx-9229,sphinx-doc__sphinx-9229,1,3,"('step', 'cos_step', 20, 4)",0.39203148057058534,0.4131642735182308,0.4131642735182308
20250524_openhands_claude_4_sonnet/sphinx-doc__sphinx-9658,sphinx-doc__sphinx-9658,1,3,"('step', 'cos_step', 20, 4)",0.39203148057058534,0.3760711254151516,0.3760711254151516
20250524_openhands_claude_4_sonnet/sympy__sympy-12489,sympy__sympy-12489,1,3,"('step', 'cos_step', 20, 4)",0.39203148057058534,0.35189220675125554,0.35189220675125554
20250524_openhands_claude_4_sonnet/sympy__sympy-17318,sympy__sympy-17318,1,3,"('step', 'cos_step', 20, 4)",0.39203148057058534,0.30365224728640294,0.30365224728640294
20250524_openhands_claude_4_sonnet/sympy__sympy-20438,sympy__sympy-20438,1,3,"('step', 'cos_step', 20, 4)",0.39203148057058534,0.35189220675125554,0.35189220675125554
20250524_openhands_claude_4_sonnet/sympy__sympy-21930,sympy__sympy-21930,1,3,"('step', 'cos_step', 20, 4)",0.39203148057058534,0.4131642735182304,0.4131642735182304
20250524_openhands_claude_4_sonnet/astropy__astropy-13453,astropy__astropy-13453,0,3,"('step', 'cos_step', 20, 4)",0.39203148057058534,0.37404114149964796,0.37404114149964796
20250524_openhands_claude_4_sonnet/astropy__astropy-14508,astropy__astropy-14508,0,3,"('step', 'cos_step', 20, 4)",0.39203148057058534,0.39453043129986354,0.39453043129986354
20250524_openhands_claude_4_sonnet/django__django-11066,django__django-11066,0,3,"('step', 'cos_step', 20, 4)",0.39203148057058534,0.39598006006428543,0.39598006006428543
20250524_openhands_claude_4_sonnet/django__django-11119,django__django-11119,0,3,"('step', 'cos_step', 20, 4)",0.39203148057058534,0.37404114149964796,0.37404114149964796
20250524_openhands_claude_4_sonnet/django__django-11211,django__django-11211,0,3,"('step', 'cos_step', 20, 4)",0.39203148057058534,0.35189220675125554,0.35189220675125554
20250524_openhands_claude_4_sonnet/django__django-11239,django__django-11239,0,3,"('step', 'cos_step', 20, 4)",0.39203148057058534,0.4131642735182304,0.4131642735182304
20250524_openhands_claude_4_sonnet/django__django-11292,django__django-11292,0,3,"('step', 'cos_step', 20, 4)",0.39203148057058534,0.39453043129986354,0.39453043129986354
20250524_openhands_claude_4_sonnet/django__django-11815,django__django-11815,0,3,"('step', 'cos_step', 20, 4)",0.39203148057058534,0.4131642735182304,0.4131642735182304
20250524_openhands_claude_4_sonnet/django__django-11880,django__django-11880,0,3,"('step', 'cos_step', 20, 4)",0.39203148057058534,0.35189220675125554,0.35189220675125554
20250524_openhands_claude_4_sonnet/django__django-12708,django__django-12708,0,3,"('step', 'cos_step', 20, 4)",0.39203148057058534,0.35189220675125554,0.35189220675125554
20250524_openhands_claude_4_sonnet/django__django-13033,django__django-13033,0,3,"('step', 'cos_step', 20, 4)",0.39203148057058534,0.41316427351822965,0.41316427351822965
20250524_openhands_claude_4_sonnet/django__django-13112,django__django-13112,0,3,"('step', 'cos_step', 20, 4)",0.39203148057058534,0.39598006006428615,0.39598006006428615
20250524_openhands_claude_4_sonnet/django__django-13128,django__django-13128,0,3,"('step', 'cos_step', 20, 4)",0.39203148057058534,0.37404114149964796,0.37404114149964796
20250524_openhands_claude_4_sonnet/django__django-13449,django__django-13449,0,3,"('step', 'cos_step', 20, 4)",0.39203148057058534,0.32833001789893135,0.32833001789893135
20250524_openhands_claude_4_sonnet/django__django-13807,django__django-13807,0,3,"('step', 'cos_step', 20, 4)",0.39203148057058534,0.37404114149964796,0.37404114149964796
20250524_openhands_claude_4_sonnet/django__django-13837,django__django-13837,0,3,"('step', 'cos_step', 20, 4)",0.39203148057058534,0.37404114149964773,0.37404114149964773
20250524_openhands_claude_4_sonnet/django__django-13933,django__django-13933,0,3,"('step', 'cos_step', 20, 4)",0.39203148057058534,0.35189220675125554,0.35189220675125554
20250524_openhands_claude_4_sonnet/django__django-14089,django__django-14089,0,3,"('step', 'cos_step', 20, 4)",0.39203148057058534,0.35189220675125554,0.35189220675125554
20250524_openhands_claude_4_sonnet/django__django-14493,django__django-14493,0,3,"('step', 'cos_step', 20, 4)",0.39203148057058534,0.451028307346001,0.451028307346001
20250524_openhands_claude_4_sonnet/django__django-14539,django__django-14539,0,3,"('step', 'cos_step', 20, 4)",0.39203148057058534,0.4131642735182304,0.4131642735182304
20250524_openhands_claude_4_sonnet/django__django-14608,django__django-14608,0,3,"('step', 'cos_step', 20, 4)",0.39203148057058534,0.41400551753889875,0.41400551753889875
20250524_openhands_claude_4_sonnet/django__django-14672,django__django-14672,0,3,"('step', 'cos_step', 20, 4)",0.39203148057058534,0.35189220675125554,0.35189220675125554
20250524_openhands_claude_4_sonnet/django__django-14855,django__django-14855,0,3,"('step', 'cos_step', 20, 4)",0.39203148057058534,0.30365224728640294,0.30365224728640294
20250524_openhands_claude_4_sonnet/django__django-15104,django__django-15104,0,3,"('step', 'cos_step', 20, 4)",0.39203148057058534,0.4425529810201018,0.4425529810201018
20250524_openhands_claude_4_sonnet/django__django-15561,django__django-15561,0,3,"('step', 'cos_step', 20, 4)",0.39203148057058534,0.37404114149964796,0.37404114149964796
20250524_openhands_claude_4_sonnet/django__django-15572,django__django-15572,0,3,"('step', 'cos_step', 20, 4)",0.39203148057058534,0.37404114149964796,0.37404114149964796
20250524_openhands_claude_4_sonnet/django__django-15814,django__django-15814,0,3,"('step', 'cos_step', 20, 4)",0.39203148057058534,0.3760711254151516,0.3760711254151516
20250524_openhands_claude_4_sonnet/django__django-15851,django__django-15851,0,3,"('step', 'cos_step', 20, 4)",0.39203148057058534,0.37404114149964796,0.37404114149964796
20250524_openhands_claude_4_sonnet/django__django-15987,django__django-15987,0,3,"('step', 'cos_step', 20, 4)",0.39203148057058534,0.35189220675125554,0.35189220675125554
20250524_openhands_claude_4_sonnet/django__django-16082,django__django-16082,0,3,"('step', 'cos_step', 20, 4)",0.39203148057058534,0.41400551753889875,0.41400551753889875
20250524_openhands_claude_4_sonnet/django__django-16100,django__django-16100,0,3,"('step', 'cos_step', 20, 4)",0.39203148057058534,0.4300073298416588,0.4300073298416588
20250524_openhands_claude_4_sonnet/django__django-16255,django__django-16255,0,3,"('step', 'cos_step', 20, 4)",0.39203148057058534,0.41400551753889875,0.41400551753889875
20250524_openhands_claude_4_sonnet/django__django-16315,django__django-16315,0,3,"('step', 'cos_step', 20, 4)",0.39203148057058534,0.30365224728640294,0.30365224728640294
20250524_openhands_claude_4_sonnet/django__django-16429,django__django-16429,0,3,"('step', 'cos_step', 20, 4)",0.39203148057058534,0.41400551753889875,0.41400551753889875
20250524_openhands_claude_4_sonnet/django__django-16560,django__django-16560,0,3,"('step', 'cos_step', 20, 4)",0.39203148057058534,0.4131642735182304,0.4131642735182304
20250524_openhands_claude_4_sonnet/django__django-16569,django__django-16569,0,3,"('step', 'cos_step', 20, 4)",0.39203148057058534,0.37404114149964796,0.37404114149964796
20250524_openhands_claude_4_sonnet/django__django-16819,django__django-16819,0,3,"('step', 'cos_step', 20, 4)",0.39203148057058534,0.4146897916428607,0.4146897916428607
20250524_openhands_claude_4_sonnet/matplotlib__matplotlib-14623,matplotlib__matplotlib-14623,0,3,"('step', 'cos_step', 20, 4)",0.39203148057058534,0.3760711254151515,0.3760711254151515
20250524_openhands_claude_4_sonnet/matplotlib__matplotlib-20859,matplotlib__matplotlib-20859,0,3,"('step', 'cos_step', 20, 4)",0.39203148057058534,0.37404114149964796,0.37404114149964796
20250524_openhands_claude_4_sonnet/matplotlib__matplotlib-22719,matplotlib__matplotlib-22719,0,3,"('step', 'cos_step', 20, 4)",0.39203148057058534,0.3945304312998642,0.3945304312998642
20250524_openhands_claude_4_sonnet/matplotlib__matplotlib-24026,matplotlib__matplotlib-24026,0,3,"('step', 'cos_step', 20, 4)",0.39203148057058534,0.3760711254151515,0.3760711254151515
20250524_openhands_claude_4_sonnet/matplotlib__matplotlib-26113,matplotlib__matplotlib-26113,0,3,"('step', 'cos_step', 20, 4)",0.39203148057058534,0.37404114149964796,0.37404114149964796
20250524_openhands_claude_4_sonnet/matplotlib__matplotlib-26208,matplotlib__matplotlib-26208,0,3,"('step', 'cos_step', 20, 4)",0.39203148057058534,0.37404114149964796,0.37404114149964796
20250524_openhands_claude_4_sonnet/matplotlib__matplotlib-26342,matplotlib__matplotlib-26342,0,3,"('step', 'cos_step', 20, 4)",0.39203148057058534,0.3760711254151515,0.3760711254151515
20250524_openhands_claude_4_sonnet/mwaskom__seaborn-3187,mwaskom__seaborn-3187,0,3,"('step', 'cos_step', 20, 4)",0.39203148057058534,0.35189220675125554,0.35189220675125554
20250524_openhands_claude_4_sonnet/pydata__xarray-3151,pydata__xarray-3151,0,3,"('step', 'cos_step', 20, 4)",0.39203148057058534,0.35189220675125554,0.35189220675125554
20250524_openhands_claude_4_sonnet/pydata__xarray-6461,pydata__xarray-6461,0,3,"('step', 'cos_step', 20, 4)",0.39203148057058534,0.4410237252175098,0.4410237252175098
20250524_openhands_claude_4_sonnet/pylint-dev__pylint-6528,pylint-dev__pylint-6528,0,3,"('step', 'cos_step', 20, 4)",0.39203148057058534,0.37404114149964796,0.37404114149964796
20250524_openhands_claude_4_sonnet/pylint-dev__pylint-6903,pylint-dev__pylint-6903,0,3,"('step', 'cos_step', 20, 4)",0.39203148057058534,0.37404114149964796,0.37404114149964796
20250524_openhands_claude_4_sonnet/pytest-dev__pytest-7324,pytest-dev__pytest-7324,0,3,"('step', 'cos_step', 20, 4)",0.39203148057058534,0.39453043129986354,0.39453043129986354
20250524_openhands_claude_4_sonnet/scikit-learn__scikit-learn-10297,scikit-learn__scikit-learn-10297,0,3,"('step', 'cos_step', 20, 4)",0.39203148057058534,0.32833001789893135,0.32833001789893135
20250524_openhands_claude_4_sonnet/scikit-learn__scikit-learn-14894,scikit-learn__scikit-learn-14894,0,3,"('step', 'cos_step', 20, 4)",0.39203148057058534,0.37404114149964796,0.37404114149964796
20250524_openhands_claude_4_sonnet/scikit-learn__scikit-learn-26323,scikit-learn__scikit-learn-26323,0,3,"('step', 'cos_step', 20, 4)",0.39203148057058534,0.41400551753889847,0.41400551753889847
20250524_openhands_claude_4_sonnet/sphinx-doc__sphinx-10449,sphinx-doc__sphinx-10449,0,3,"('step', 'cos_step', 20, 4)",0.39203148057058534,0.3760711254151515,0.3760711254151515
20250524_openhands_claude_4_sonnet/sphinx-doc__sphinx-8035,sphinx-doc__sphinx-8035,0,3,"('step', 'cos_step', 20, 4)",0.39203148057058534,0.39453043129986437,0.39453043129986437
20250524_openhands_claude_4_sonnet/sphinx-doc__sphinx-8269,sphinx-doc__sphinx-8269,0,3,"('step', 'cos_step', 20, 4)",0.39203148057058534,0.37404114149964796,0.37404114149964796
20250524_openhands_claude_4_sonnet/sphinx-doc__sphinx-8459,sphinx-doc__sphinx-8459,0,3,"('step', 'cos_step', 20, 4)",0.39203148057058534,0.39598006006428577,0.39598006006428577
20250524_openhands_claude_4_sonnet/sphinx-doc__sphinx-8721,sphinx-doc__sphinx-8721,0,3,"('step', 'cos_step', 20, 4)",0.39203148057058534,0.41400551753889875,0.41400551753889875
20250524_openhands_claude_4_sonnet/sphinx-doc__sphinx-9673,sphinx-doc__sphinx-9673,0,3,"('step', 'cos_step', 20, 4)",0.39203148057058534,0.37404114149964796,0.37404114149964796
20250524_openhands_claude_4_sonnet/sphinx-doc__sphinx-9711,sphinx-doc__sphinx-9711,0,3,"('step', 'cos_step', 20, 4)",0.39203148057058534,0.41400551753889875,0.41400551753889875
20250524_openhands_claude_4_sonnet/sympy__sympy-11618,sympy__sympy-11618,0,3,"('step', 'cos_step', 20, 4)",0.39203148057058534,0.35189220675125554,0.35189220675125554
20250524_openhands_claude_4_sonnet/sympy__sympy-13031,sympy__sympy-13031,0,3,"('step', 'cos_step', 20, 4)",0.39203148057058534,0.3945304312998642,0.3945304312998642
20250524_openhands_claude_4_sonnet/sympy__sympy-13551,sympy__sympy-13551,0,3,"('step', 'cos_step', 20, 4)",0.39203148057058534,0.41400551753889875,0.41400551753889875
20250524_openhands_claude_4_sonnet/sympy__sympy-14976,sympy__sympy-14976,0,3,"('step', 'cos_step', 20, 4)",0.39203148057058534,0.41400551753889875,0.41400551753889875
20250524_openhands_claude_4_sonnet/sympy__sympy-15345,sympy__sympy-15345,0,3,"('step', 'cos_step', 20, 4)",0.39203148057058534,0.39598006006428543,0.39598006006428543
20250524_openhands_claude_4_sonnet/sympy__sympy-15875,sympy__sympy-15875,0,3,"('step', 'cos_step', 20, 4)",0.39203148057058534,0.41468979164286124,0.41468979164286124
20250524_openhands_claude_4_sonnet/sympy__sympy-18189,sympy__sympy-18189,0,3,"('step', 'cos_step', 20, 4)",0.39203148057058534,0.39453043129986354,0.39453043129986354
20250524_openhands_claude_4_sonnet/sympy__sympy-19040,sympy__sympy-19040,0,3,"('step', 'cos_step', 20, 4)",0.39203148057058534,0.41400551753889875,0.41400551753889875
20250524_openhands_claude_4_sonnet/sympy__sympy-24562,sympy__sympy-24562,0,3,"('step', 'cos_step', 20, 4)",0.39203148057058534,0.4140104151505848,0.4140104151505848
20250716_openhands_kimi_k2/astropy__astropy-14182,astropy__astropy-14182,1,3,"('step', 'cos_step', 20, 4)",0.39203148057058534,0.39453043129986354,0.39453043129986354
20250716_openhands_kimi_k2/astropy__astropy-14598,astropy__astropy-14598,1,3,"('step', 'cos_step', 20, 4)",0.39203148057058534,0.39598006006428615,0.39598006006428615
20250716_openhands_kimi_k2/django__django-10999,django__django-10999,1,3,"('step', 'cos_step', 20, 4)",0.39203148057058534,0.4131642735182304,0.4131642735182304
20250716_openhands_kimi_k2/django__django-11141,django__django-11141,1,3,"('step', 'cos_step', 20, 4)",0.39203148057058534,0.45294106064086825,0.45294106064086825
20250716_openhands_kimi_k2/django__django-11239,django__django-11239,1,3,"('step', 'cos_step', 20, 4)",0.39203148057058534,0.43006217383663503,0.43006217383663503
20250716_openhands_kimi_k2/django__django-11400,django__django-11400,1,3,"('step', 'cos_step', 20, 4)",0.39203148057058534,0.39598006006428615,0.39598006006428615
20250716_openhands_kimi_k2/django__django-11490,django__django-11490,1,3,"('step', 'cos_step', 20, 4)",0.39203148057058534,0.3945304312998642,0.3945304312998642
20250716_openhands_kimi_k2/django__django-11820,django__django-11820,1,3,"('step', 'cos_step', 20, 4)",0.39203148057058534,0.41468979164286124,0.41468979164286124
20250716_openhands_kimi_k2/django__django-11885,django__django-11885,1,3,"('step', 'cos_step', 20, 4)",0.39203148057058534,0.3760711254151515,0.3760711254151515
20250716_openhands_kimi_k2/django__django-13568,django__django-13568,1,3,"('step', 'cos_step', 20, 4)",0.39203148057058534,0.3760711254151516,0.3760711254151516
20250716_openhands_kimi_k2/django__django-13794,django__django-13794,1,3,"('step', 'cos_step', 20, 4)",0.39203148057058534,0.43006217383663503,0.43006217383663503
20250716_openhands_kimi_k2/django__django-13964,django__django-13964,1,3,"('step', 'cos_step', 20, 4)",0.39203148057058534,0.3518922067512558,0.3518922067512558
20250716_openhands_kimi_k2/django__django-14011,django__django-14011,1,3,"('step', 'cos_step', 20, 4)",0.39203148057058534,0.35189220675125554,0.35189220675125554
20250716_openhands_kimi_k2/django__django-14792,django__django-14792,1,3,"('step', 'cos_step', 20, 4)",0.39203148057058534,0.37404114149964796,0.37404114149964796
20250716_openhands_kimi_k2/django__django-15280,django__django-15280,1,3,"('step', 'cos_step', 20, 4)",0.39203148057058534,0.35189220675125554,0.35189220675125554
20250716_openhands_kimi_k2/django__django-16100,django__django-16100,1,3,"('step', 'cos_step', 20, 4)",0.39203148057058534,0.39453043129986354,0.39453043129986354
20250716_openhands_kimi_k2/django__django-16315,django__django-16315,1,3,"('step', 'cos_step', 20, 4)",0.39203148057058534,0.3945304312998642,0.3945304312998642
20250716_openhands_kimi_k2/django__django-16502,django__django-16502,1,3,"('step', 'cos_step', 20, 4)",0.39203148057058534,0.39453043129986437,0.39453043129986437
20250716_openhands_kimi_k2/django__django-16631,django__django-16631,1,3,"('step', 'cos_step', 20, 4)",0.39203148057058534,0.3760711254151516,0.3760711254151516
20250716_openhands_kimi_k2/django__django-16667,django__django-16667,1,3,"('step', 'cos_step', 20, 4)",0.39203148057058534,0.35189220675125554,0.35189220675125554
20250716_openhands_kimi_k2/matplotlib__matplotlib-14623,matplotlib__matplotlib-14623,1,3,"('step', 'cos_step', 20, 4)",0.39203148057058534,0.39727616961005885,0.39727616961005885
20250716_openhands_kimi_k2/matplotlib__matplotlib-25479,matplotlib__matplotlib-25479,1,3,"('step', 'cos_step', 20, 4)",0.39203148057058534,0.4452237834868958,0.4452237834868958
20250716_openhands_kimi_k2/matplotlib__matplotlib-26208,matplotlib__matplotlib-26208,1,3,"('step', 'cos_step', 20, 4)",0.39203148057058534,0.3945304312998642,0.3945304312998642
20250716_openhands_kimi_k2/mwaskom__seaborn-3187,mwaskom__seaborn-3187,1,3,"('step', 'cos_step', 20, 4)",0.39203148057058534,0.41400551753889847,0.41400551753889847
20250716_openhands_kimi_k2/psf__requests-1766,psf__requests-1766,1,3,"('step', 'cos_step', 20, 4)",0.39203148057058534,0.41400551753889875,0.41400551753889875
20250716_openhands_kimi_k2/pylint-dev__pylint-7080,pylint-dev__pylint-7080,1,3,"('step', 'cos_step', 20, 4)",0.39203148057058534,0.39453043129986354,0.39453043129986354
20250716_openhands_kimi_k2/pytest-dev__pytest-5840,pytest-dev__pytest-5840,1,3,"('step', 'cos_step', 20, 4)",0.39203148057058534,0.3283300178989322,0.3283300178989322
20250716_openhands_kimi_k2/scikit-learn__scikit-learn-26194,scikit-learn__scikit-learn-26194,1,3,"('step', 'cos_step', 20, 4)",0.39203148057058534,0.37404114149964773,0.37404114149964773
20250716_openhands_kimi_k2/sphinx-doc__sphinx-10449,sphinx-doc__sphinx-10449,1,3,"('step', 'cos_step', 20, 4)",0.39203148057058534,0.37404114149964796,0.37404114149964796
20250716_openhands_kimi_k2/sphinx-doc__sphinx-7985,sphinx-doc__sphinx-7985,1,3,"('step', 'cos_step', 20, 4)",0.39203148057058534,0.37404114149964796,0.37404114149964796
20250716_openhands_kimi_k2/sphinx-doc__sphinx-9229,sphinx-doc__sphinx-9229,1,3,"('step', 'cos_step', 20, 4)",0.39203148057058534,0.44430945321359744,0.44430945321359744
20250716_openhands_kimi_k2/sympy__sympy-12489,sympy__sympy-12489,1,3,"('step', 'cos_step', 20, 4)",0.39203148057058534,0.42967412641019515,0.42967412641019515
20250716_openhands_kimi_k2/sympy__sympy-13031,sympy__sympy-13031,1,3,"('step', 'cos_step', 20, 4)",0.39203148057058534,0.3740411414996471,0.3740411414996471
20250716_openhands_kimi_k2/sympy__sympy-17318,sympy__sympy-17318,1,3,"('step', 'cos_step', 20, 4)",0.39203148057058534,0.37404114149964796,0.37404114149964796
20250716_openhands_kimi_k2/sympy__sympy-19040,sympy__sympy-19040,1,3,"('step', 'cos_step', 20, 4)",0.39203148057058534,0.44185717834861743,0.44185717834861743
20250716_openhands_kimi_k2/sympy__sympy-20438,sympy__sympy-20438,1,3,"('step', 'cos_step', 20, 4)",0.39203148057058534,0.3283300178989322,0.3283300178989322
20250716_openhands_kimi_k2/sympy__sympy-21930,sympy__sympy-21930,1,3,"('step', 'cos_step', 20, 4)",0.39203148057058534,0.4131642735182308,0.4131642735182308
20250716_openhands_kimi_k2/astropy__astropy-13453,astropy__astropy-13453,0,3,"('step', 'cos_step', 20, 4)",0.39203148057058534,0.3945304312998642,0.3945304312998642
20250716_openhands_kimi_k2/astropy__astropy-14508,astropy__astropy-14508,0,3,"('step', 'cos_step', 20, 4)",0.39203148057058534,0.43000732984165824,0.43000732984165824
20250716_openhands_kimi_k2/django__django-11066,django__django-11066,0,3,"('step', 'cos_step', 20, 4)",0.39203148057058534,0.3945304312998642,0.3945304312998642
20250716_openhands_kimi_k2/django__django-11119,django__django-11119,0,3,"('step', 'cos_step', 20, 4)",0.39203148057058534,0.3945304312998642,0.3945304312998642
20250716_openhands_kimi_k2/django__django-11211,django__django-11211,0,3,"('step', 'cos_step', 20, 4)",0.39203148057058534,0.30365224728640294,0.30365224728640294
20250716_openhands_kimi_k2/django__django-11292,django__django-11292,0,3,"('step', 'cos_step', 20, 4)",0.39203148057058534,0.39453043129986437,0.39453043129986437
20250716_openhands_kimi_k2/django__django-11815,django__django-11815,0,3,"('step', 'cos_step', 20, 4)",0.39203148057058534,0.35189220675125554,0.35189220675125554
20250716_openhands_kimi_k2/django__django-11880,django__django-11880,0,3,"('step', 'cos_step', 20, 4)",0.39203148057058534,0.3760711254151515,0.3760711254151515
20250716_openhands_kimi_k2/django__django-12708,django__django-12708,0,3,"('step', 'cos_step', 20, 4)",0.39203148057058534,0.39598006006428543,0.39598006006428543
20250716_openhands_kimi_k2/django__django-13033,django__django-13033,0,3,"('step', 'cos_step', 20, 4)",0.39203148057058534,0.4131642735182308,0.4131642735182308
20250716_openhands_kimi_k2/django__django-13112,django__django-13112,0,3,"('step', 'cos_step', 20, 4)",0.39203148057058534,0.39598006006428615,0.39598006006428615
20250716_openhands_kimi_k2/django__django-13128,django__django-13128,0,3,"('step', 'cos_step', 20, 4)",0.39203148057058534,0.42979349331362465,0.42979349331362465
20250716_openhands_kimi_k2/django__django-13343,django__django-13343,0,3,"('step', 'cos_step', 20, 4)",0.39203148057058534,0.41316427351822965,0.41316427351822965
20250716_openhands_kimi_k2/django__django-13449,django__django-13449,0,3,"('step', 'cos_step', 20, 4)",0.39203148057058534,0.35189220675125554,0.35189220675125554
20250716_openhands_kimi_k2/django__django-13807,django__django-13807,0,3,"('step', 'cos_step', 20, 4)",0.39203148057058534,0.42900342608940706,0.42900342608940706
20250716_openhands_kimi_k2/django__django-13837,django__django-13837,0,3,"('step', 'cos_step', 20, 4)",0.39203148057058534,0.35189220675125554,0.35189220675125554
20250716_openhands_kimi_k2/django__django-13933,django__django-13933,0,3,"('step', 'cos_step', 20, 4)",0.39203148057058534,0.44185717834861743,0.44185717834861743
20250716_openhands_kimi_k2/django__django-14089,django__django-14089,0,3,"('step', 'cos_step', 20, 4)",0.39203148057058534,0.35189220675125554,0.35189220675125554
20250716_openhands_kimi_k2/django__django-14493,django__django-14493,0,3,"('step', 'cos_step', 20, 4)",0.39203148057058534,0.3283300178989322,0.3283300178989322
20250716_openhands_kimi_k2/django__django-14539,django__django-14539,0,3,"('step', 'cos_step', 20, 4)",0.39203148057058534,0.4410237252175098,0.4410237252175098
20250716_openhands_kimi_k2/django__django-14608,django__django-14608,0,3,"('step', 'cos_step', 20, 4)",0.39203148057058534,0.41400551753889875,0.41400551753889875
20250716_openhands_kimi_k2/django__django-14672,django__django-14672,0,3,"('step', 'cos_step', 20, 4)",0.39203148057058534,0.39598006006428615,0.39598006006428615
20250716_openhands_kimi_k2/django__django-14855,django__django-14855,0,3,"('step', 'cos_step', 20, 4)",0.39203148057058534,0.42900342608940706,0.42900342608940706
20250716_openhands_kimi_k2/django__django-15104,django__django-15104,0,3,"('step', 'cos_step', 20, 4)",0.39203148057058534,0.37404114149964796,0.37404114149964796
20250716_openhands_kimi_k2/django__django-15561,django__django-15561,0,3,"('step', 'cos_step', 20, 4)",0.39203148057058534,0.41400551753889875,0.41400551753889875
20250716_openhands_kimi_k2/django__django-15572,django__django-15572,0,3,"('step', 'cos_step', 20, 4)",0.39203148057058534,0.4300073298416588,0.4300073298416588
20250716_openhands_kimi_k2/django__django-15814,django__django-15814,0,3,"('step', 'cos_step', 20, 4)",0.39203148057058534,0.3760711254151515,0.3760711254151515
20250716_openhands_kimi_k2/django__django-15851,django__django-15851,0,3,"('step', 'cos_step', 20, 4)",0.39203148057058534,0.43006217383663503,0.43006217383663503
20250716_openhands_kimi_k2/django__django-15987,django__django-15987,0,3,"('step', 'cos_step', 20, 4)",0.39203148057058534,0.39598006006428615,0.39598006006428615
20250716_openhands_kimi_k2/django__django-16082,django__django-16082,0,3,"('step', 'cos_step', 20, 4)",0.39203148057058534,0.35189220675125554,0.35189220675125554
20250716_openhands_kimi_k2/django__django-16255,django__django-16255,0,3,"('step', 'cos_step', 20, 4)",0.39203148057058534,0.39598006006428615,0.39598006006428615
20250716_openhands_kimi_k2/django__django-16429,django__django-16429,0,3,"('step', 'cos_step', 20, 4)",0.39203148057058534,0.39453043129986376,0.39453043129986376
20250716_openhands_kimi_k2/django__django-16560,django__django-16560,0,3,"('step', 'cos_step', 20, 4)",0.39203148057058534,0.4140104151505848,0.4140104151505848
20250716_openhands_kimi_k2/django__django-16569,django__django-16569,0,3,"('step', 'cos_step', 20, 4)",0.39203148057058534,0.35189220675125554,0.35189220675125554
20250716_openhands_kimi_k2/django__django-16819,django__django-16819,0,3,"('step', 'cos_step', 20, 4)",0.39203148057058534,0.43000732984165824,0.43000732984165824
20250716_openhands_kimi_k2/matplotlib__matplotlib-20676,matplotlib__matplotlib-20676,0,3,"('step', 'cos_step', 20, 4)",0.39203148057058534,0.3760711254151515,0.3760711254151515
20250716_openhands_kimi_k2/matplotlib__matplotlib-20859,matplotlib__matplotlib-20859,0,3,"('step', 'cos_step', 20, 4)",0.39203148057058534,0.39453043129986354,0.39453043129986354
20250716_openhands_kimi_k2/matplotlib__matplotlib-22719,matplotlib__matplotlib-22719,0,3,"('step', 'cos_step', 20, 4)",0.39203148057058534,0.3740411414996471,0.3740411414996471
20250716_openhands_kimi_k2/matplotlib__matplotlib-24026,matplotlib__matplotlib-24026,0,3,"('step', 'cos_step', 20, 4)",0.39203148057058534,0.39453043129986437,0.39453043129986437
20250716_openhands_kimi_k2/matplotlib__matplotlib-26113,matplotlib__matplotlib-26113,0,3,"('step', 'cos_step', 20, 4)",0.39203148057058534,0.3760711254151508,0.3760711254151508
20250716_openhands_kimi_k2/matplotlib__matplotlib-26342,matplotlib__matplotlib-26342,0,3,"('step', 'cos_step', 20, 4)",0.39203148057058534,0.41400551753889875,0.41400551753889875
20250716_openhands_kimi_k2/pydata__xarray-3151,pydata__xarray-3151,0,3,"('step', 'cos_step', 20, 4)",0.39203148057058534,0.39598006006428615,0.39598006006428615
20250716_openhands_kimi_k2/pydata__xarray-6461,pydata__xarray-6461,0,3,"('step', 'cos_step', 20, 4)",0.39203148057058534,0.41468979164286124,0.41468979164286124
20250716_openhands_kimi_k2/pylint-dev__pylint-6528,pylint-dev__pylint-6528,0,3,"('step', 'cos_step', 20, 4)",0.39203148057058534,0.3945304312998642,0.3945304312998642
20250716_openhands_kimi_k2/pylint-dev__pylint-6903,pylint-dev__pylint-6903,0,3,"('step', 'cos_step', 20, 4)",0.39203148057058534,0.41400551753889875,0.41400551753889875
20250716_openhands_kimi_k2/pytest-dev__pytest-7324,pytest-dev__pytest-7324,0,3,"('step', 'cos_step', 20, 4)",0.39203148057058534,0.39453043129986354,0.39453043129986354
20250716_openhands_kimi_k2/scikit-learn__scikit-learn-10297,scikit-learn__scikit-learn-10297,0,3,"('step', 'cos_step', 20, 4)",0.39203148057058534,0.3283300178989322,0.3283300178989322
20250716_openhands_kimi_k2/scikit-learn__scikit-learn-14894,scikit-learn__scikit-learn-14894,0,3,"('step', 'cos_step', 20, 4)",0.39203148057058534,0.41400551753889875,0.41400551753889875
20250716_openhands_kimi_k2/scikit-learn__scikit-learn-26323,scikit-learn__scikit-learn-26323,0,3,"('step', 'cos_step', 20, 4)",0.39203148057058534,0.4140104151505848,0.4140104151505848
20250716_openhands_kimi_k2/sphinx-doc__sphinx-8035,sphinx-doc__sphinx-8035,0,3,"('step', 'cos_step', 20, 4)",0.39203148057058534,0.39453043129986437,0.39453043129986437
20250716_openhands_kimi_k2/sphinx-doc__sphinx-8269,sphinx-doc__sphinx-8269,0,3,"('step', 'cos_step', 20, 4)",0.39203148057058534,0.43000732984165824,0.43000732984165824
20250716_openhands_kimi_k2/sphinx-doc__sphinx-8459,sphinx-doc__sphinx-8459,0,3,"('step', 'cos_step', 20, 4)",0.39203148057058534,0.43000732984165824,0.43000732984165824
20250716_openhands_kimi_k2/sphinx-doc__sphinx-8721,sphinx-doc__sphinx-8721,0,3,"('step', 'cos_step', 20, 4)",0.39203148057058534,0.39598006006428615,0.39598006006428615
20250716_openhands_kimi_k2/sphinx-doc__sphinx-9658,sphinx-doc__sphinx-9658,0,3,"('step', 'cos_step', 20, 4)",0.39203148057058534,0.39598006006428615,0.39598006006428615
20250716_openhands_kimi_k2/sphinx-doc__sphinx-9673,sphinx-doc__sphinx-9673,0,3,"('step', 'cos_step', 20, 4)",0.39203148057058534,0.3760711254151516,0.3760711254151516
20250716_openhands_kimi_k2/sphinx-doc__sphinx-9711,sphinx-doc__sphinx-9711,0,3,"('step', 'cos_step', 20, 4)",0.39203148057058534,0.44430945321359744,0.44430945321359744
20250716_openhands_kimi_k2/sympy__sympy-11618,sympy__sympy-11618,0,3,"('step', 'cos_step', 20, 4)",0.39203148057058534,0.4131642735182304,0.4131642735182304
20250716_openhands_kimi_k2/sympy__sympy-13551,sympy__sympy-13551,0,3,"('step', 'cos_step', 20, 4)",0.39203148057058534,0.39453043129986376,0.39453043129986376
20250716_openhands_kimi_k2/sympy__sympy-14976,sympy__sympy-14976,0,3,"('step', 'cos_step', 20, 4)",0.39203148057058534,0.3518922067512558,0.3518922067512558
20250716_openhands_kimi_k2/sympy__sympy-15345,sympy__sympy-15345,0,3,"('step', 'cos_step', 20, 4)",0.39203148057058534,0.39697007529645356,0.39697007529645356
20250716_openhands_kimi_k2/sympy__sympy-15875,sympy__sympy-15875,0,3,"('step', 'cos_step', 20, 4)",0.39203148057058534,0.41400551753889875,0.41400551753889875
20250716_openhands_kimi_k2/sympy__sympy-18189,sympy__sympy-18189,0,3,"('step', 'cos_step', 20, 4)",0.39203148057058534,0.37404114149964796,0.37404114149964796
20250716_openhands_kimi_k2/sympy__sympy-24562,sympy__sympy-24562,0,3,"('step', 'cos_step', 20, 4)",0.39203148057058534,0.39598006006428615,0.39598006006428615
20250807_openhands_gpt5/django__django-11141,django__django-11141,1,3,"('step', 'cos_step', 20, 4)",0.39203148057058534,0.30365224728640294,0.30365224728640294
20250807_openhands_gpt5/django__django-11400,django__django-11400,1,3,"('step', 'cos_step', 20, 4)",0.39203148057058534,0.37404114149964796,0.37404114149964796
20250807_openhands_gpt5/django__django-11490,django__django-11490,1,3,"('step', 'cos_step', 20, 4)",0.39203148057058534,0.35189220675125554,0.35189220675125554
20250807_openhands_gpt5/django__django-11815,django__django-11815,1,3,"('step', 'cos_step', 20, 4)",0.39203148057058534,0.37404114149964773,0.37404114149964773
20250807_openhands_gpt5/django__django-11820,django__django-11820,1,3,"('step', 'cos_step', 20, 4)",0.39203148057058534,0.41400551753889875,0.41400551753889875
20250807_openhands_gpt5/django__django-11885,django__django-11885,1,3,"('step', 'cos_step', 20, 4)",0.39203148057058534,0.37404114149964796,0.37404114149964796
20250807_openhands_gpt5/django__django-13794,django__django-13794,1,3,"('step', 'cos_step', 20, 4)",0.39203148057058534,0.3945304312998642,0.3945304312998642
20250807_openhands_gpt5/django__django-14011,django__django-14011,1,3,"('step', 'cos_step', 20, 4)",0.39203148057058534,0.37404114149964796,0.37404114149964796
20250807_openhands_gpt5/django__django-14792,django__django-14792,1,3,"('step', 'cos_step', 20, 4)",0.39203148057058534,0.39598006006428577,0.39598006006428577
20250807_openhands_gpt5/django__django-15280,django__django-15280,1,3,"('step', 'cos_step', 20, 4)",0.39203148057058534,0.43006217383663503,0.43006217383663503
20250807_openhands_gpt5/django__django-16502,django__django-16502,1,3,"('step', 'cos_step', 20, 4)",0.39203148057058534,0.3760711254151516,0.3760711254151516
20250807_openhands_gpt5/django__django-16631,django__django-16631,1,3,"('step', 'cos_step', 20, 4)",0.39203148057058534,0.4566368915561663,0.4566368915561663
20250807_openhands_gpt5/django__django-16667,django__django-16667,1,3,"('step', 'cos_step', 20, 4)",0.39203148057058534,0.35189220675125554,0.35189220675125554
20250807_openhands_gpt5/matplotlib__matplotlib-20676,matplotlib__matplotlib-20676,1,3,"('step', 'cos_step', 20, 4)",0.39203148057058534,0.41400551753889875,0.41400551753889875
20250807_openhands_gpt5/matplotlib__matplotlib-25479,matplotlib__matplotlib-25479,1,3,"('step', 'cos_step', 20, 4)",0.39203148057058534,0.39453043129986354,0.39453043129986354
20250807_openhands_gpt5/matplotlib__matplotlib-26208,matplotlib__matplotlib-26208,1,3,"('step', 'cos_step', 20, 4)",0.39203148057058534,0.39598006006428543,0.39598006006428543
20250807_openhands_gpt5/mwaskom__seaborn-3187,mwaskom__seaborn-3187,1,3,"('step', 'cos_step', 20, 4)",0.39203148057058534,0.37404114149964796,0.37404114149964796
20250807_openhands_gpt5/psf__requests-1766,psf__requests-1766,1,3,"('step', 'cos_step', 20, 4)",0.39203148057058534,0.37404114149964796,0.37404114149964796
20250807_openhands_gpt5/pylint-dev__pylint-7080,pylint-dev__pylint-7080,1,3,"('step', 'cos_step', 20, 4)",0.39203148057058534,0.39453043129986376,0.39453043129986376
20250807_openhands_gpt5/pytest-dev__pytest-5840,pytest-dev__pytest-5840,1,3,"('step', 'cos_step', 20, 4)",0.39203148057058534,0.39598006006428543,0.39598006006428543
20250807_openhands_gpt5/scikit-learn__scikit-learn-26194,scikit-learn__scikit-learn-26194,1,3,"('step', 'cos_step', 20, 4)",0.39203148057058534,0.39598006006428543,0.39598006006428543
20250807_openhands_gpt5/sphinx-doc__sphinx-7985,sphinx-doc__sphinx-7985,1,3,"('step', 'cos_step', 20, 4)",0.39203148057058534,0.4131642735182304,0.4131642735182304
20250807_openhands_gpt5/sphinx-doc__sphinx-9229,sphinx-doc__sphinx-9229,1,3,"('step', 'cos_step', 20, 4)",0.39203148057058534,0.39453043129986354,0.39453043129986354
20250807_openhands_gpt5/sphinx-doc__sphinx-9658,sphinx-doc__sphinx-9658,1,3,"('step', 'cos_step', 20, 4)",0.39203148057058534,0.37404114149964796,0.37404114149964796
20250807_openhands_gpt5/sympy__sympy-14976,sympy__sympy-14976,1,3,"('step', 'cos_step', 20, 4)",0.39203148057058534,0.39453043129986354,0.39453043129986354
20250807_openhands_gpt5/sympy__sympy-17318,sympy__sympy-17318,1,3,"('step', 'cos_step', 20, 4)",0.39203148057058534,0.35189220675125554,0.35189220675125554
20250807_openhands_gpt5/sympy__sympy-19040,sympy__sympy-19040,1,3,"('step', 'cos_step', 20, 4)",0.39203148057058534,0.3945304312998642,0.3945304312998642
20250807_openhands_gpt5/sympy__sympy-20438,sympy__sympy-20438,1,3,"('step', 'cos_step', 20, 4)",0.39203148057058534,0.32833001789893135,0.32833001789893135
20250807_openhands_gpt5/sympy__sympy-21930,sympy__sympy-21930,1,3,"('step', 'cos_step', 20, 4)",0.39203148057058534,0.35189220675125554,0.35189220675125554
20250807_openhands_gpt5/astropy__astropy-13453,astropy__astropy-13453,0,3,"('step', 'cos_step', 20, 4)",0.39203148057058534,0.42979349331362465,0.42979349331362465
20250807_openhands_gpt5/astropy__astropy-14598,astropy__astropy-14598,0,3,"('step', 'cos_step', 20, 4)",0.39203148057058534,0.37404114149964796,0.37404114149964796
20250807_openhands_gpt5/django__django-11119,django__django-11119,0,3,"('step', 'cos_step', 20, 4)",0.39203148057058534,0.35189220675125554,0.35189220675125554
20250807_openhands_gpt5/django__django-11211,django__django-11211,0,3,"('step', 'cos_step', 20, 4)",0.39203148057058534,0.35189220675125554,0.35189220675125554
20250807_openhands_gpt5/django__django-11239,django__django-11239,0,3,"('step', 'cos_step', 20, 4)",0.39203148057058534,0.39453043129986376,0.39453043129986376
20250807_openhands_gpt5/django__django-11292,django__django-11292,0,3,"('step', 'cos_step', 20, 4)",0.39203148057058534,0.4300073298416588,0.4300073298416588
20250807_openhands_gpt5/django__django-11880,django__django-11880,0,3,"('step', 'cos_step', 20, 4)",0.39203148057058534,0.37404114149964796,0.37404114149964796
20250807_openhands_gpt5/django__django-12708,django__django-12708,0,3,"('step', 'cos_step', 20, 4)",0.39203148057058534,0.3760711254151516,0.3760711254151516
20250807_openhands_gpt5/django__django-13033,django__django-13033,0,3,"('step', 'cos_step', 20, 4)",0.39203148057058534,0.4410237252175098,0.4410237252175098
20250807_openhands_gpt5/django__django-13112,django__django-13112,0,3,"('step', 'cos_step', 20, 4)",0.39203148057058534,0.37404114149964796,0.37404114149964796
20250807_openhands_gpt5/django__django-13343,django__django-13343,0,3,"('step', 'cos_step', 20, 4)",0.39203148057058534,0.41316427351822965,0.41316427351822965
20250807_openhands_gpt5/django__django-13449,django__django-13449,0,3,"('step', 'cos_step', 20, 4)",0.39203148057058534,0.3283300178989322,0.3283300178989322
20250807_openhands_gpt5/django__django-13568,django__django-13568,0,3,"('step', 'cos_step', 20, 4)",0.39203148057058534,0.4131642735182304,0.4131642735182304
20250807_openhands_gpt5/django__django-13807,django__django-13807,0,3,"('step', 'cos_step', 20, 4)",0.39203148057058534,0.35189220675125554,0.35189220675125554
20250807_openhands_gpt5/django__django-13837,django__django-13837,0,3,"('step', 'cos_step', 20, 4)",0.39203148057058534,0.37404114149964796,0.37404114149964796
20250807_openhands_gpt5/django__django-13933,django__django-13933,0,3,"('step', 'cos_step', 20, 4)",0.39203148057058534,0.39598006006428615,0.39598006006428615
20250807_openhands_gpt5/django__django-13964,django__django-13964,0,3,"('step', 'cos_step', 20, 4)",0.39203148057058534,0.39453043129986376,0.39453043129986376
20250807_openhands_gpt5/django__django-14089,django__django-14089,0,3,"('step', 'cos_step', 20, 4)",0.39203148057058534,0.39598006006428543,0.39598006006428543
20250807_openhands_gpt5/django__django-14493,django__django-14493,0,3,"('step', 'cos_step', 20, 4)",0.39203148057058534,0.3518922067512558,0.3518922067512558
20250807_openhands_gpt5/django__django-14539,django__django-14539,0,3,"('step', 'cos_step', 20, 4)",0.39203148057058534,0.4131642735182304,0.4131642735182304
20250807_openhands_gpt5/django__django-14608,django__django-14608,0,3,"('step', 'cos_step', 20, 4)",0.39203148057058534,0.39453043129986437,0.39453043129986437
20250807_openhands_gpt5/django__django-14672,django__django-14672,0,3,"('step', 'cos_step', 20, 4)",0.39203148057058534,0.39598006006428577,0.39598006006428577
20250807_openhands_gpt5/django__django-14855,django__django-14855,0,3,"('step', 'cos_step', 20, 4)",0.39203148057058534,0.35189220675125554,0.35189220675125554
20250807_openhands_gpt5/django__django-15561,django__django-15561,0,3,"('step', 'cos_step', 20, 4)",0.39203148057058534,0.35189220675125554,0.35189220675125554
20250807_openhands_gpt5/django__django-15572,django__django-15572,0,3,"('step', 'cos_step', 20, 4)",0.39203148057058534,0.4131642735182308,0.4131642735182308
20250807_openhands_gpt5/django__django-15814,django__django-15814,0,3,"('step', 'cos_step', 20, 4)",0.39203148057058534,0.39453043129986354,0.39453043129986354
20250807_openhands_gpt5/django__django-15851,django__django-15851,0,3,"('step', 'cos_step', 20, 4)",0.39203148057058534,0.41400551753889875,0.41400551753889875
20250807_openhands_gpt5/django__django-15987,django__django-15987,0,3,"('step', 'cos_step', 20, 4)",0.39203148057058534,0.37404114149964796,0.37404114149964796
20250807_openhands_gpt5/django__django-16082,django__django-16082,0,3,"('step', 'cos_step', 20, 4)",0.39203148057058534,0.4263142598909397,0.4263142598909397
20250807_openhands_gpt5/django__django-16100,django__django-16100,0,3,"('step', 'cos_step', 20, 4)",0.39203148057058534,0.37404114149964796,0.37404114149964796
20250807_openhands_gpt5/django__django-16315,django__django-16315,0,3,"('step', 'cos_step', 20, 4)",0.39203148057058534,0.39598006006428543,0.39598006006428543
20250807_openhands_gpt5/django__django-16560,django__django-16560,0,3,"('step', 'cos_step', 20, 4)",0.39203148057058534,0.37404114149964796,0.37404114149964796
20250807_openhands_gpt5/django__django-16819,django__django-16819,0,3,"('step', 'cos_step', 20, 4)",0.39203148057058534,0.39598006006428615,0.39598006006428615
20250807_openhands_gpt5/matplotlib__matplotlib-14623,matplotlib__matplotlib-14623,0,3,"('step', 'cos_step', 20, 4)",0.39203148057058534,0.41468979164286124,0.41468979164286124
20250807_openhands_gpt5/matplotlib__matplotlib-24026,matplotlib__matplotlib-24026,0,3,"('step', 'cos_step', 20, 4)",0.39203148057058534,0.35189220675125554,0.35189220675125554
20250807_openhands_gpt5/matplotlib__matplotlib-26113,matplotlib__matplotlib-26113,0,3,"('step', 'cos_step', 20, 4)",0.39203148057058534,0.37404114149964796,0.37404114149964796
20250807_openhands_gpt5/matplotlib__matplotlib-26342,matplotlib__matplotlib-26342,0,3,"('step', 'cos_step', 20, 4)",0.39203148057058534,0.35189220675125554,0.35189220675125554
20250807_openhands_gpt5/pydata__xarray-6461,pydata__xarray-6461,0,3,"('step', 'cos_step', 20, 4)",0.39203148057058534,0.4432984073235489,0.4432984073235489
20250807_openhands_gpt5/pylint-dev__pylint-6528,pylint-dev__pylint-6528,0,3,"('step', 'cos_step', 20, 4)",0.39203148057058534,0.41316427351823004,0.41316427351823004
20250807_openhands_gpt5/pylint-dev__pylint-6903,pylint-dev__pylint-6903,0,3,"('step', 'cos_step', 20, 4)",0.39203148057058534,0.4140104151505848,0.4140104151505848
20250807_openhands_gpt5/pytest-dev__pytest-7324,pytest-dev__pytest-7324,0,3,"('step', 'cos_step', 20, 4)",0.39203148057058534,0.4525084706247871,0.4525084706247871
20250807_openhands_gpt5/scikit-learn__scikit-learn-26323,scikit-learn__scikit-learn-26323,0,3,"('step', 'cos_step', 20, 4)",0.39203148057058534,0.4131642735182304,0.4131642735182304
20250807_openhands_gpt5/sphinx-doc__sphinx-10449,sphinx-doc__sphinx-10449,0,3,"('step', 'cos_step', 20, 4)",0.39203148057058534,0.32833001789893135,0.32833001789893135
20250807_openhands_gpt5/sphinx-doc__sphinx-8035,sphinx-doc__sphinx-8035,0,3,"('step', 'cos_step', 20, 4)",0.39203148057058534,0.37404114149964796,0.37404114149964796
20250807_openhands_gpt5/sphinx-doc__sphinx-8459,sphinx-doc__sphinx-8459,0,3,"('step', 'cos_step', 20, 4)",0.39203148057058534,0.35189220675125554,0.35189220675125554
20250807_openhands_gpt5/sphinx-doc__sphinx-9673,sphinx-doc__sphinx-9673,0,3,"('step', 'cos_step', 20, 4)",0.39203148057058534,0.43787325365824115,0.43787325365824115
20250807_openhands_gpt5/sphinx-doc__sphinx-9711,sphinx-doc__sphinx-9711,0,3,"('step', 'cos_step', 20, 4)",0.39203148057058534,0.39453043129986376,0.39453043129986376
20250807_openhands_gpt5/sympy__sympy-12489,sympy__sympy-12489,0,3,"('step', 'cos_step', 20, 4)",0.39203148057058534,0.39598006006428615,0.39598006006428615
20250807_openhands_gpt5/sympy__sympy-13031,sympy__sympy-13031,0,3,"('step', 'cos_step', 20, 4)",0.39203148057058534,0.43006217383663503,0.43006217383663503
20250807_openhands_gpt5/sympy__sympy-13551,sympy__sympy-13551,0,3,"('step', 'cos_step', 20, 4)",0.39203148057058534,0.39598006006428577,0.39598006006428577
20250807_openhands_gpt5/sympy__sympy-15345,sympy__sympy-15345,0,3,"('step', 'cos_step', 20, 4)",0.39203148057058534,0.39453043129986354,0.39453043129986354
20241029_OpenHands-CodeAct-2.1-sonnet-20241022/django__django-11477,django__django-11477,1,4,"('step', 'cos_step', 20, 4)",0.40009818360333826,0.40127355504462087,0.40127355504462087
20241029_OpenHands-CodeAct-2.1-sonnet-20241022/django__django-11555,django__django-11555,1,4,"('step', 'cos_step', 20, 4)",0.40009818360333826,0.4249583499893777,0.4249583499893777
20241029_OpenHands-CodeAct-2.1-sonnet-20241022/django__django-12125,django__django-12125,1,4,"('step', 'cos_step', 20, 4)",0.40009818360333826,0.44498008301297665,0.44498008301297665
20241029_OpenHands-CodeAct-2.1-sonnet-20241022/django__django-12308,django__django-12308,1,4,"('step', 'cos_step', 20, 4)",0.40009818360333826,0.4664259372334898,0.4664259372334898
20241029_OpenHands-CodeAct-2.1-sonnet-20241022/django__django-12754,django__django-12754,1,4,"('step', 'cos_step', 20, 4)",0.40009818360333826,0.3952270975163088,0.3952270975163088
20241029_OpenHands-CodeAct-2.1-sonnet-20241022/django__django-12965,django__django-12965,1,4,"('step', 'cos_step', 20, 4)",0.40009818360333826,0.41908612782956634,0.41908612782956634
20241029_OpenHands-CodeAct-2.1-sonnet-20241022/django__django-13121,django__django-13121,1,4,"('step', 'cos_step', 20, 4)",0.40009818360333826,0.41269501684698606,0.41269501684698606
20241029_OpenHands-CodeAct-2.1-sonnet-20241022/django__django-13315,django__django-13315,1,4,"('step', 'cos_step', 20, 4)",0.40009818360333826,0.40127355504462087,0.40127355504462087
20241029_OpenHands-CodeAct-2.1-sonnet-20241022/django__django-13925,django__django-13925,1,4,"('step', 'cos_step', 20, 4)",0.40009818360333826,0.44498008301297665,0.44498008301297665
20241029_OpenHands-CodeAct-2.1-sonnet-20241022/django__django-14351,django__django-14351,1,4,"('step', 'cos_step', 20, 4)",0.40009818360333826,0.3849008256375131,0.3849008256375131
20241029_OpenHands-CodeAct-2.1-sonnet-20241022/django__django-15375,django__django-15375,1,4,"('step', 'cos_step', 20, 4)",0.40009818360333826,0.3753939561892157,0.3753939561892157
20241029_OpenHands-CodeAct-2.1-sonnet-20241022/django__django-15380,django__django-15380,1,4,"('step', 'cos_step', 20, 4)",0.40009818360333826,0.3952270975163088,0.3952270975163088
20241029_OpenHands-CodeAct-2.1-sonnet-20241022/django__django-15629,django__django-15629,1,4,"('step', 'cos_step', 20, 4)",0.40009818360333826,0.40127355504462114,0.40127355504462114
20241029_OpenHands-CodeAct-2.1-sonnet-20241022/django__django-15973,django__django-15973,1,4,"('step', 'cos_step', 20, 4)",0.40009818360333826,0.5228078370294009,0.5228078370294009
20241029_OpenHands-CodeAct-2.1-sonnet-20241022/matplotlib__matplotlib-21568,matplotlib__matplotlib-21568,1,4,"('step', 'cos_step', 20, 4)",0.40009818360333826,0.40127355504462114,0.40127355504462114
20241029_OpenHands-CodeAct-2.1-sonnet-20241022/matplotlib__matplotlib-23299,matplotlib__matplotlib-23299,1,4,"('step', 'cos_step', 20, 4)",0.40009818360333826,0.3753939561892157,0.3753939561892157
20241029_OpenHands-CodeAct-2.1-sonnet-20241022/matplotlib__matplotlib-24870,matplotlib__matplotlib-24870,1,4,"('step', 'cos_step', 20, 4)",0.40009818360333826,0.3849008256375131,0.3849008256375131
20241029_OpenHands-CodeAct-2.1-sonnet-20241022/pydata__xarray-4687,pydata__xarray-4687,1,4,"('step', 'cos_step', 20, 4)",0.40009818360333826,0.3849008256375131,0.3849008256375131
20241029_OpenHands-CodeAct-2.1-sonnet-20241022/pydata__xarray-4695,pydata__xarray-4695,1,4,"('step', 'cos_step', 20, 4)",0.40009818360333826,0.4591880892935302,0.4591880892935302
20241029_OpenHands-CodeAct-2.1-sonnet-20241022/pydata__xarray-7393,pydata__xarray-7393,1,4,"('step', 'cos_step', 20, 4)",0.40009818360333826,0.3849008256375131,0.3849008256375131
20241029_OpenHands-CodeAct-2.1-sonnet-20241022/sphinx-doc__sphinx-10614,sphinx-doc__sphinx-10614,1,4,"('step', 'cos_step', 20, 4)",0.40009818360333826,0.40127355504462114,0.40127355504462114
20241029_OpenHands-CodeAct-2.1-sonnet-20241022/sphinx-doc__sphinx-11445,sphinx-doc__sphinx-11445,1,4,"('step', 'cos_step', 20, 4)",0.40009818360333826,0.4063852014264437,0.4063852014264437
20241029_OpenHands-CodeAct-2.1-sonnet-20241022/sphinx-doc__sphinx-9591,sphinx-doc__sphinx-9591,1,4,"('step', 'cos_step', 20, 4)",0.40009818360333826,0.3952270975163088,0.3952270975163088
20241029_OpenHands-CodeAct-2.1-sonnet-20241022/sympy__sympy-13615,sympy__sympy-13615,1,4,"('step', 'cos_step', 20, 4)",0.40009818360333826,0.3753939561892157,0.3753939561892157
20241029_OpenHands-CodeAct-2.1-sonnet-20241022/sympy__sympy-14248,sympy__sympy-14248,1,4,"('step', 'cos_step', 20, 4)",0.40009818360333826,0.3753939561892157,0.3753939561892157
20241029_OpenHands-CodeAct-2.1-sonnet-20241022/sympy__sympy-21379,sympy__sympy-21379,1,4,"('step', 'cos_step', 20, 4)",0.40009818360333826,0.4498345228067294,0.4498345228067294
20241029_OpenHands-CodeAct-2.1-sonnet-20241022/sympy__sympy-21612,sympy__sympy-21612,1,4,"('step', 'cos_step', 20, 4)",0.40009818360333826,0.43806738332155254,0.43806738332155254
20241029_OpenHands-CodeAct-2.1-sonnet-20241022/sympy__sympy-23824,sympy__sympy-23824,1,4,"('step', 'cos_step', 20, 4)",0.40009818360333826,0.44498008301297665,0.44498008301297665
20241029_OpenHands-CodeAct-2.1-sonnet-20241022/django__django-11551,django__django-11551,0,4,"('step', 'cos_step', 20, 4)",0.40009818360333826,0.41269501684698606,0.41269501684698606
20241029_OpenHands-CodeAct-2.1-sonnet-20241022/django__django-11740,django__django-11740,0,4,"('step', 'cos_step', 20, 4)",0.40009818360333826,0.4519675364845034,0.4519675364845034
20241029_OpenHands-CodeAct-2.1-sonnet-20241022/django__django-13569,django__django-13569,0,4,"('step', 'cos_step', 20, 4)",0.40009818360333826,0.3952270975163088,0.3952270975163088
20241029_OpenHands-CodeAct-2.1-sonnet-20241022/django__django-14580,django__django-14580,0,4,"('step', 'cos_step', 20, 4)",0.40009818360333826,0.44498008301297665,0.44498008301297665
20241029_OpenHands-CodeAct-2.1-sonnet-20241022/django__django-14752,django__django-14752,0,4,"('step', 'cos_step', 20, 4)",0.40009818360333826,0.39068602866538293,0.39068602866538293
20241029_OpenHands-CodeAct-2.1-sonnet-20241022/django__django-15315,django__django-15315,0,4,"('step', 'cos_step', 20, 4)",0.40009818360333826,0.4430870577322915,0.4430870577322915
20241029_OpenHands-CodeAct-2.1-sonnet-20241022/django__django-15382,django__django-15382,0,4,"('step', 'cos_step', 20, 4)",0.40009818360333826,0.4664259372334898,0.4664259372334898
20241029_OpenHands-CodeAct-2.1-sonnet-20241022/django__django-16032,django__django-16032,0,4,"('step', 'cos_step', 20, 4)",0.40009818360333826,0.39068602866538293,0.39068602866538293
20241029_OpenHands-CodeAct-2.1-sonnet-20241022/django__django-16612,django__django-16612,0,4,"('step', 'cos_step', 20, 4)",0.40009818360333826,0.395227097516309,0.395227097516309
20241029_OpenHands-CodeAct-2.1-sonnet-20241022/django__django-7530,django__django-7530,0,4,"('step', 'cos_step', 20, 4)",0.40009818360333826,0.395227097516309,0.395227097516309
20241029_OpenHands-CodeAct-2.1-sonnet-20241022/sphinx-doc__sphinx-9230,sphinx-doc__sphinx-9230,0,4,"('step', 'cos_step', 20, 4)",0.40009818360333826,0.3849008256375131,0.3849008256375131
20241029_OpenHands-CodeAct-2.1-sonnet-20241022/sympy__sympy-12419,sympy__sympy-12419,0,4,"('step', 'cos_step', 20, 4)",0.40009818360333826,0.395227097516309,0.395227097516309
20241029_OpenHands-CodeAct-2.1-sonnet-20241022/sympy__sympy-13878,sympy__sympy-13878,0,4,"('step', 'cos_step', 20, 4)",0.40009818360333826,0.395227097516309,0.395227097516309
20250415_openhands/astropy__astropy-13033,astropy__astropy-13033,1,4,"('step', 'cos_step', 20, 4)",0.40009818360333826,0.39068602866538293,0.39068602866538293
20250415_openhands/astropy__astropy-8707,astropy__astropy-8707,1,4,"('step', 'cos_step', 20, 4)",0.40009818360333826,0.3753939561892157,0.3753939561892157
20250415_openhands/astropy__astropy-8872,astropy__astropy-8872,1,4,"('step', 'cos_step', 20, 4)",0.40009818360333826,0.3753939561892157,0.3753939561892157
20250415_openhands/django__django-11433,django__django-11433,1,4,"('step', 'cos_step', 20, 4)",0.40009818360333826,0.3849008256375131,0.3849008256375131
20250415_openhands/django__django-11477,django__django-11477,1,4,"('step', 'cos_step', 20, 4)",0.40009818360333826,0.39068602866538293,0.39068602866538293
20250415_openhands/django__django-11532,django__django-11532,1,4,"('step', 'cos_step', 20, 4)",0.40009818360333826,0.456865072612404,0.456865072612404
20250415_openhands/django__django-11555,django__django-11555,1,4,"('step', 'cos_step', 20, 4)",0.40009818360333826,0.4316115017509244,0.4316115017509244
20250415_openhands/django__django-12308,django__django-12308,1,4,"('step', 'cos_step', 20, 4)",0.40009818360333826,0.41269501684698606,0.41269501684698606
20250415_openhands/django__django-13195,django__django-13195,1,4,"('step', 'cos_step', 20, 4)",0.40009818360333826,0.44498008301297665,0.44498008301297665
20250415_openhands/django__django-13315,django__django-13315,1,4,"('step', 'cos_step', 20, 4)",0.40009818360333826,0.395227097516309,0.395227097516309
20250415_openhands/django__django-14315,django__django-14315,1,4,"('step', 'cos_step', 20, 4)",0.40009818360333826,0.43834249916913437,0.43834249916913437
20250415_openhands/django__django-14580,django__django-14580,1,4,"('step', 'cos_step', 20, 4)",0.40009818360333826,0.40127355504462087,0.40127355504462087
20250415_openhands/django__django-15629,django__django-15629,1,4,"('step', 'cos_step', 20, 4)",0.40009818360333826,0.3952270975163088,0.3952270975163088
20250415_openhands/django__django-15973,django__django-15973,1,4,"('step', 'cos_step', 20, 4)",0.40009818360333826,0.42495834998937737,0.42495834998937737
20250415_openhands/matplotlib__matplotlib-20826,matplotlib__matplotlib-20826,1,4,"('step', 'cos_step', 20, 4)",0.40009818360333826,0.42495834998937737,0.42495834998937737
20250415_openhands/matplotlib__matplotlib-21568,matplotlib__matplotlib-21568,1,4,"('step', 'cos_step', 20, 4)",0.40009818360333826,0.4063852014264437,0.4063852014264437
20250415_openhands/matplotlib__matplotlib-23299,matplotlib__matplotlib-23299,1,4,"('step', 'cos_step', 20, 4)",0.40009818360333826,0.395227097516309,0.395227097516309
20250415_openhands/matplotlib__matplotlib-24177,matplotlib__matplotlib-24177,1,4,"('step', 'cos_step', 20, 4)",0.40009818360333826,0.41269501684698606,0.41269501684698606
20250415_openhands/matplotlib__matplotlib-24870,matplotlib__matplotlib-24870,1,4,"('step', 'cos_step', 20, 4)",0.40009818360333826,0.3849008256375131,0.3849008256375131
20250415_openhands/pydata__xarray-4687,pydata__xarray-4687,1,4,"('step', 'cos_step', 20, 4)",0.40009818360333826,0.3849008256375131,0.3849008256375131
20250415_openhands/pydata__xarray-6721,pydata__xarray-6721,1,4,"('step', 'cos_step', 20, 4)",0.40009818360333826,0.4063852014264437,0.4063852014264437
20250415_openhands/pydata__xarray-6938,pydata__xarray-6938,1,4,"('step', 'cos_step', 20, 4)",0.40009818360333826,0.395227097516309,0.395227097516309
20250415_openhands/sphinx-doc__sphinx-10614,sphinx-doc__sphinx-10614,1,4,"('step', 'cos_step', 20, 4)",0.40009818360333826,0.456865072612404,0.456865072612404
20250415_openhands/sphinx-doc__sphinx-11445,sphinx-doc__sphinx-11445,1,4,"('step', 'cos_step', 20, 4)",0.40009818360333826,0.40127355504462087,0.40127355504462087
20250415_openhands/sphinx-doc__sphinx-8265,sphinx-doc__sphinx-8265,1,4,"('step', 'cos_step', 20, 4)",0.40009818360333826,0.3849008256375131,0.3849008256375131
20250415_openhands/sphinx-doc__sphinx-9230,sphinx-doc__sphinx-9230,1,4,"('step', 'cos_step', 20, 4)",0.40009818360333826,0.41908612782956634,0.41908612782956634
20250415_openhands/sphinx-doc__sphinx-9591,sphinx-doc__sphinx-9591,1,4,"('step', 'cos_step', 20, 4)",0.40009818360333826,0.42495834998937754,0.42495834998937754
20250415_openhands/sympy__sympy-13615,sympy__sympy-13615,1,4,"('step', 'cos_step', 20, 4)",0.40009818360333826,0.4063852014264437,0.4063852014264437
20250415_openhands/sympy__sympy-14248,sympy__sympy-14248,1,4,"('step', 'cos_step', 20, 4)",0.40009818360333826,0.41908612782956634,0.41908612782956634
20250415_openhands/sympy__sympy-18698,sympy__sympy-18698,1,4,"('step', 'cos_step', 20, 4)",0.40009818360333826,0.395227097516309,0.395227097516309
20250415_openhands/sympy__sympy-21379,sympy__sympy-21379,1,4,"('step', 'cos_step', 20, 4)",0.40009818360333826,0.40638520142644385,0.40638520142644385
20250415_openhands/sympy__sympy-21612,sympy__sympy-21612,1,4,"('step', 'cos_step', 20, 4)",0.40009818360333826,0.395227097516309,0.395227097516309
20250415_openhands/astropy__astropy-14539,astropy__astropy-14539,0,4,"('step', 'cos_step', 20, 4)",0.40009818360333826,0.3753939561892157,0.3753939561892157
20250415_openhands/django__django-11138,django__django-11138,0,4,"('step', 'cos_step', 20, 4)",0.40009818360333826,0.3849008256375131,0.3849008256375131
20250415_openhands/django__django-11276,django__django-11276,0,4,"('step', 'cos_step', 20, 4)",0.40009818360333826,0.4249583499893777,0.4249583499893777
20250415_openhands/django__django-11451,django__django-11451,0,4,"('step', 'cos_step', 20, 4)",0.40009818360333826,0.4063852014264437,0.4063852014264437
20250415_openhands/django__django-11551,django__django-11551,0,4,"('step', 'cos_step', 20, 4)",0.40009818360333826,0.40127355504462114,0.40127355504462114
20250415_openhands/django__django-11740,django__django-11740,0,4,"('step', 'cos_step', 20, 4)",0.40009818360333826,0.41269501684698606,0.41269501684698606
20250415_openhands/django__django-12125,django__django-12125,0,4,"('step', 'cos_step', 20, 4)",0.40009818360333826,0.395227097516309,0.395227097516309
20250415_openhands/django__django-12741,django__django-12741,0,4,"('step', 'cos_step', 20, 4)",0.40009818360333826,0.3753939561892157,0.3753939561892157
20250415_openhands/django__django-12754,django__django-12754,0,4,"('step', 'cos_step', 20, 4)",0.40009818360333826,0.3849008256375131,0.3849008256375131
20250415_openhands/django__django-12965,django__django-12965,0,4,"('step', 'cos_step', 20, 4)",0.40009818360333826,0.3849008256375131,0.3849008256375131
20250415_openhands/django__django-13121,django__django-13121,0,4,"('step', 'cos_step', 20, 4)",0.40009818360333826,0.44498008301297665,0.44498008301297665
20250415_openhands/django__django-13297,django__django-13297,0,4,"('step', 'cos_step', 20, 4)",0.40009818360333826,0.40127355504462087,0.40127355504462087
20250415_openhands/django__django-13569,django__django-13569,0,4,"('step', 'cos_step', 20, 4)",0.40009818360333826,0.4063852014264437,0.4063852014264437
20250415_openhands/django__django-13810,django__django-13810,0,4,"('step', 'cos_step', 20, 4)",0.40009818360333826,0.35877945793378274,0.35877945793378274
20250415_openhands/django__django-13925,django__django-13925,0,4,"('step', 'cos_step', 20, 4)",0.40009818360333826,0.39068602866538293,0.39068602866538293
20250415_openhands/django__django-14351,django__django-14351,0,4,"('step', 'cos_step', 20, 4)",0.40009818360333826,0.4236269519435796,0.4236269519435796
20250415_openhands/django__django-14559,django__django-14559,0,4,"('step', 'cos_step', 20, 4)",0.40009818360333826,0.3849008256375131,0.3849008256375131
20250415_openhands/django__django-14787,django__django-14787,0,4,"('step', 'cos_step', 20, 4)",0.40009818360333826,0.40127355504462087,0.40127355504462087
20250415_openhands/django__django-15022,django__django-15022,0,4,"('step', 'cos_step', 20, 4)",0.40009818360333826,0.3849008256375131,0.3849008256375131
20250415_openhands/django__django-15315,django__django-15315,0,4,"('step', 'cos_step', 20, 4)",0.40009818360333826,0.395227097516309,0.395227097516309
20250415_openhands/django__django-15368,django__django-15368,0,4,"('step', 'cos_step', 20, 4)",0.40009818360333826,0.41838473136655757,0.41838473136655757
20250415_openhands/django__django-15375,django__django-15375,0,4,"('step', 'cos_step', 20, 4)",0.40009818360333826,0.4249583499893777,0.4249583499893777
20250415_openhands/django__django-15380,django__django-15380,0,4,"('step', 'cos_step', 20, 4)",0.40009818360333826,0.40127355504462114,0.40127355504462114
20250415_openhands/django__django-15382,django__django-15382,0,4,"('step', 'cos_step', 20, 4)",0.40009818360333826,0.41838473136655757,0.41838473136655757
20250415_openhands/django__django-15741,django__django-15741,0,4,"('step', 'cos_step', 20, 4)",0.40009818360333826,0.3952270975163088,0.3952270975163088
20250415_openhands/django__django-16032,django__django-16032,0,4,"('step', 'cos_step', 20, 4)",0.40009818360333826,0.41269501684698606,0.41269501684698606
20250415_openhands/django__django-16116,django__django-16116,0,4,"('step', 'cos_step', 20, 4)",0.40009818360333826,0.39068602866538293,0.39068602866538293
20250415_openhands/django__django-16612,django__django-16612,0,4,"('step', 'cos_step', 20, 4)",0.40009818360333826,0.43631045507101396,0.43631045507101396
20250415_openhands/django__django-16801,django__django-16801,0,4,"('step', 'cos_step', 20, 4)",0.40009818360333826,0.41269501684698606,0.41269501684698606
20250415_openhands/django__django-7530,django__django-7530,0,4,"('step', 'cos_step', 20, 4)",0.40009818360333826,0.41838473136655757,0.41838473136655757
20250415_openhands/matplotlib__matplotlib-23314,matplotlib__matplotlib-23314,0,4,"('step', 'cos_step', 20, 4)",0.40009818360333826,0.3753939561892157,0.3753939561892157
20250415_openhands/matplotlib__matplotlib-24570,matplotlib__matplotlib-24570,0,4,"('step', 'cos_step', 20, 4)",0.40009818360333826,0.40127355504462087,0.40127355504462087
20250415_openhands/matplotlib__matplotlib-25287,matplotlib__matplotlib-25287,0,4,"('step', 'cos_step', 20, 4)",0.40009818360333826,0.41269501684698606,0.41269501684698606
20250415_openhands/psf__requests-2931,psf__requests-2931,0,4,"('step', 'cos_step', 20, 4)",0.40009818360333826,0.4063852014264437,0.4063852014264437
20250415_openhands/pydata__xarray-3993,pydata__xarray-3993,0,4,"('step', 'cos_step', 20, 4)",0.40009818360333826,0.3849008256375131,0.3849008256375131
20250415_openhands/pydata__xarray-4356,pydata__xarray-4356,0,4,"('step', 'cos_step', 20, 4)",0.40009818360333826,0.5410895287598093,0.5410895287598093
20250415_openhands/pydata__xarray-4695,pydata__xarray-4695,0,4,"('step', 'cos_step', 20, 4)",0.40009818360333826,0.39068602866538293,0.39068602866538293
20250415_openhands/pydata__xarray-7393,pydata__xarray-7393,0,4,"('step', 'cos_step', 20, 4)",0.40009818360333826,0.36669206106182145,0.36669206106182145
20250415_openhands/pylint-dev__pylint-7277,pylint-dev__pylint-7277,0,4,"('step', 'cos_step', 20, 4)",0.40009818360333826,0.40127355504462087,0.40127355504462087
20250415_openhands/pytest-dev__pytest-10051,pytest-dev__pytest-10051,0,4,"('step', 'cos_step', 20, 4)",0.40009818360333826,0.395227097516309,0.395227097516309
20250415_openhands/pytest-dev__pytest-6202,pytest-dev__pytest-6202,0,4,"('step', 'cos_step', 20, 4)",0.40009818360333826,0.4316115017509244,0.4316115017509244
20250415_openhands/pytest-dev__pytest-7432,pytest-dev__pytest-7432,0,4,"('step', 'cos_step', 20, 4)",0.40009818360333826,0.4236269519435796,0.4236269519435796
20250415_openhands/pytest-dev__pytest-7490,pytest-dev__pytest-7490,0,4,"('step', 'cos_step', 20, 4)",0.40009818360333826,0.39068602866538293,0.39068602866538293
20250415_openhands/pytest-dev__pytest-7521,pytest-dev__pytest-7521,0,4,"('step', 'cos_step', 20, 4)",0.40009818360333826,0.4430870577322915,0.4430870577322915
20250415_openhands/pytest-dev__pytest-8399,pytest-dev__pytest-8399,0,4,"('step', 'cos_step', 20, 4)",0.40009818360333826,0.41269501684698606,0.41269501684698606
20250415_openhands/scikit-learn__scikit-learn-13142,scikit-learn__scikit-learn-13142,0,4,"('step', 'cos_step', 20, 4)",0.40009818360333826,0.3753939561892157,0.3753939561892157
20250415_openhands/scikit-learn__scikit-learn-15100,scikit-learn__scikit-learn-15100,0,4,"('step', 'cos_step', 20, 4)",0.40009818360333826,0.4727560866093181,0.4727560866093181
20250415_openhands/sphinx-doc__sphinx-7440,sphinx-doc__sphinx-7440,0,4,"('step', 'cos_step', 20, 4)",0.40009818360333826,0.3849008256375131,0.3849008256375131
20250415_openhands/sympy__sympy-12419,sympy__sympy-12419,0,4,"('step', 'cos_step', 20, 4)",0.40009818360333826,0.3952270975163088,0.3952270975163088
20250415_openhands/sympy__sympy-13878,sympy__sympy-13878,0,4,"('step', 'cos_step', 20, 4)",0.40009818360333826,0.41178380388446617,0.41178380388446617
20250415_openhands/sympy__sympy-14711,sympy__sympy-14711,0,4,"('step', 'cos_step', 20, 4)",0.40009818360333826,0.40127355504462087,0.40127355504462087
20250415_openhands/sympy__sympy-16766,sympy__sympy-16766,0,4,"('step', 'cos_step', 20, 4)",0.40009818360333826,0.3753939561892157,0.3753939561892157
20250415_openhands/sympy__sympy-16792,sympy__sympy-16792,0,4,"('step', 'cos_step', 20, 4)",0.40009818360333826,0.3952270975163088,0.3952270975163088
20250415_openhands/sympy__sympy-17139,sympy__sympy-17139,0,4,"('step', 'cos_step', 20, 4)",0.40009818360333826,0.3753939561892157,0.3753939561892157
20250415_openhands/sympy__sympy-19954,sympy__sympy-19954,0,4,"('step', 'cos_step', 20, 4)",0.40009818360333826,0.4449800830129765,0.4449800830129765
20250415_openhands/sympy__sympy-22456,sympy__sympy-22456,0,4,"('step', 'cos_step', 20, 4)",0.40009818360333826,0.395227097516309,0.395227097516309
20250415_openhands/sympy__sympy-22914,sympy__sympy-22914,0,4,"('step', 'cos_step', 20, 4)",0.40009818360333826,0.4063852014264437,0.4063852014264437
20250415_openhands/sympy__sympy-24443,sympy__sympy-24443,0,4,"('step', 'cos_step', 20, 4)",0.40009818360333826,0.41908612782956634,0.41908612782956634
20250415_openhands/sympy__sympy-24661,sympy__sympy-24661,0,4,"('step', 'cos_step', 20, 4)",0.40009818360333826,0.395227097516309,0.395227097516309
20250520_openhands_devstral_small/astropy__astropy-13033,astropy__astropy-13033,1,4,"('step', 'cos_step', 20, 4)",0.40009818360333826,0.3753939561892157,0.3753939561892157
20250520_openhands_devstral_small/astropy__astropy-8707,astropy__astropy-8707,1,4,"('step', 'cos_step', 20, 4)",0.40009818360333826,0.3753939561892157,0.3753939561892157
20250520_openhands_devstral_small/astropy__astropy-8872,astropy__astropy-8872,1,4,"('step', 'cos_step', 20, 4)",0.40009818360333826,0.40127355504462087,0.40127355504462087
20250520_openhands_devstral_small/django__django-11138,django__django-11138,1,4,"('step', 'cos_step', 20, 4)",0.40009818360333826,0.4063852014264437,0.4063852014264437
20250520_openhands_devstral_small/django__django-11433,django__django-11433,1,4,"('step', 'cos_step', 20, 4)",0.40009818360333826,0.41269501684698606,0.41269501684698606
20250520_openhands_devstral_small/django__django-11477,django__django-11477,1,4,"('step', 'cos_step', 20, 4)",0.40009818360333826,0.40740225473622493,0.40740225473622493
20250520_openhands_devstral_small/django__django-11555,django__django-11555,1,4,"('step', 'cos_step', 20, 4)",0.40009818360333826,0.395227097516309,0.395227097516309
20250520_openhands_devstral_small/django__django-12125,django__django-12125,1,4,"('step', 'cos_step', 20, 4)",0.40009818360333826,0.4920542718883564,0.4920542718883564
20250520_openhands_devstral_small/django__django-12308,django__django-12308,1,4,"('step', 'cos_step', 20, 4)",0.40009818360333826,0.3753939561892157,0.3753939561892157
20250520_openhands_devstral_small/django__django-12754,django__django-12754,1,4,"('step', 'cos_step', 20, 4)",0.40009818360333826,0.43834635106422026,0.43834635106422026
20250520_openhands_devstral_small/django__django-12965,django__django-12965,1,4,"('step', 'cos_step', 20, 4)",0.40009818360333826,0.43014548121573815,0.43014548121573815
20250520_openhands_devstral_small/django__django-13121,django__django-13121,1,4,"('step', 'cos_step', 20, 4)",0.40009818360333826,0.3952270975163088,0.3952270975163088
20250520_openhands_devstral_small/django__django-13195,django__django-13195,1,4,"('step', 'cos_step', 20, 4)",0.40009818360333826,0.4236269519435796,0.4236269519435796
20250520_openhands_devstral_small/django__django-13297,django__django-13297,1,4,"('step', 'cos_step', 20, 4)",0.40009818360333826,0.40127355504462087,0.40127355504462087
20250520_openhands_devstral_small/django__django-13315,django__django-13315,1,4,"('step', 'cos_step', 20, 4)",0.40009818360333826,0.41269501684698606,0.41269501684698606
20250520_openhands_devstral_small/django__django-13925,django__django-13925,1,4,"('step', 'cos_step', 20, 4)",0.40009818360333826,0.3753939561892157,0.3753939561892157
20250520_openhands_devstral_small/django__django-14559,django__django-14559,1,4,"('step', 'cos_step', 20, 4)",0.40009818360333826,0.41269501684698606,0.41269501684698606
20250520_openhands_devstral_small/django__django-15022,django__django-15022,1,4,"('step', 'cos_step', 20, 4)",0.40009818360333826,0.3753939561892157,0.3753939561892157
20250520_openhands_devstral_small/django__django-15375,django__django-15375,1,4,"('step', 'cos_step', 20, 4)",0.40009818360333826,0.39068602866538293,0.39068602866538293
20250520_openhands_devstral_small/django__django-15382,django__django-15382,1,4,"('step', 'cos_step', 20, 4)",0.40009818360333826,0.3952270975163088,0.3952270975163088
20250520_openhands_devstral_small/django__django-15629,django__django-15629,1,4,"('step', 'cos_step', 20, 4)",0.40009818360333826,0.3849008256375131,0.3849008256375131
20250520_openhands_devstral_small/django__django-15973,django__django-15973,1,4,"('step', 'cos_step', 20, 4)",0.40009818360333826,0.45155212740260303,0.45155212740260303
20250520_openhands_devstral_small/django__django-16032,django__django-16032,1,4,"('step', 'cos_step', 20, 4)",0.40009818360333826,0.40127355504462114,0.40127355504462114
20250520_openhands_devstral_small/django__django-16877,django__django-16877,1,4,"('step', 'cos_step', 20, 4)",0.40009818360333826,0.41908612782956634,0.41908612782956634
20250520_openhands_devstral_small/matplotlib__matplotlib-20826,matplotlib__matplotlib-20826,1,4,"('step', 'cos_step', 20, 4)",0.40009818360333826,0.3753939561892157,0.3753939561892157
20250520_openhands_devstral_small/matplotlib__matplotlib-21568,matplotlib__matplotlib-21568,1,4,"('step', 'cos_step', 20, 4)",0.40009818360333826,0.4236269519435796,0.4236269519435796
20250520_openhands_devstral_small/matplotlib__matplotlib-23299,matplotlib__matplotlib-23299,1,4,"('step', 'cos_step', 20, 4)",0.40009818360333826,0.3952270975163088,0.3952270975163088
20250520_openhands_devstral_small/matplotlib__matplotlib-24177,matplotlib__matplotlib-24177,1,4,"('step', 'cos_step', 20, 4)",0.40009818360333826,0.39068602866538293,0.39068602866538293
20250520_openhands_devstral_small/matplotlib__matplotlib-24570,matplotlib__matplotlib-24570,1,4,"('step', 'cos_step', 20, 4)",0.40009818360333826,0.40127355504462114,0.40127355504462114
20250520_openhands_devstral_small/matplotlib__matplotlib-24870,matplotlib__matplotlib-24870,1,4,"('step', 'cos_step', 20, 4)",0.40009818360333826,0.41908612782956634,0.41908612782956634
20250520_openhands_devstral_small/psf__requests-1921,psf__requests-1921,1,4,"('step', 'cos_step', 20, 4)",0.40009818360333826,0.3753939561892157,0.3753939561892157
20250520_openhands_devstral_small/psf__requests-2931,psf__requests-2931,1,4,"('step', 'cos_step', 20, 4)",0.40009818360333826,0.40127355504462087,0.40127355504462087
20250520_openhands_devstral_small/pydata__xarray-3993,pydata__xarray-3993,1,4,"('step', 'cos_step', 20, 4)",0.40009818360333826,0.3849008256375131,0.3849008256375131
20250520_openhands_devstral_small/pydata__xarray-4687,pydata__xarray-4687,1,4,"('step', 'cos_step', 20, 4)",0.40009818360333826,0.40127355504462114,0.40127355504462114
20250520_openhands_devstral_small/pydata__xarray-4695,pydata__xarray-4695,1,4,"('step', 'cos_step', 20, 4)",0.40009818360333826,0.3753939561892157,0.3753939561892157
20250520_openhands_devstral_small/pydata__xarray-6721,pydata__xarray-6721,1,4,"('step', 'cos_step', 20, 4)",0.40009818360333826,0.4316115017509244,0.4316115017509244
20250520_openhands_devstral_small/pydata__xarray-6938,pydata__xarray-6938,1,4,"('step', 'cos_step', 20, 4)",0.40009818360333826,0.36669206106182145,0.36669206106182145
20250520_openhands_devstral_small/pylint-dev__pylint-7277,pylint-dev__pylint-7277,1,4,"('step', 'cos_step', 20, 4)",0.40009818360333826,0.4249583499893777,0.4249583499893777
20250520_openhands_devstral_small/pytest-dev__pytest-10051,pytest-dev__pytest-10051,1,4,"('step', 'cos_step', 20, 4)",0.40009818360333826,0.3849008256375131,0.3849008256375131
20250520_openhands_devstral_small/pytest-dev__pytest-7490,pytest-dev__pytest-7490,1,4,"('step', 'cos_step', 20, 4)",0.40009818360333826,0.3952270975163088,0.3952270975163088
20250520_openhands_devstral_small/pytest-dev__pytest-7521,pytest-dev__pytest-7521,1,4,"('step', 'cos_step', 20, 4)",0.40009818360333826,0.41269501684698606,0.41269501684698606
20250520_openhands_devstral_small/sphinx-doc__sphinx-10614,sphinx-doc__sphinx-10614,1,4,"('step', 'cos_step', 20, 4)",0.40009818360333826,0.3849008256375131,0.3849008256375131
20250520_openhands_devstral_small/sphinx-doc__sphinx-11445,sphinx-doc__sphinx-11445,1,4,"('step', 'cos_step', 20, 4)",0.40009818360333826,0.41908612782956617,0.41908612782956617
20250520_openhands_devstral_small/sphinx-doc__sphinx-8265,sphinx-doc__sphinx-8265,1,4,"('step', 'cos_step', 20, 4)",0.40009818360333826,0.3849008256375131,0.3849008256375131
20250520_openhands_devstral_small/sphinx-doc__sphinx-9230,sphinx-doc__sphinx-9230,1,4,"('step', 'cos_step', 20, 4)",0.40009818360333826,0.3952270975163088,0.3952270975163088
20250520_openhands_devstral_small/sphinx-doc__sphinx-9591,sphinx-doc__sphinx-9591,1,4,"('step', 'cos_step', 20, 4)",0.40009818360333826,0.39068602866538293,0.39068602866538293
20250520_openhands_devstral_small/sympy__sympy-12419,sympy__sympy-12419,1,4,"('step', 'cos_step', 20, 4)",0.40009818360333826,0.4063852014264437,0.4063852014264437
20250520_openhands_devstral_small/sympy__sympy-13615,sympy__sympy-13615,1,4,"('step', 'cos_step', 20, 4)",0.40009818360333826,0.40127355504462087,0.40127355504462087
20250520_openhands_devstral_small/sympy__sympy-14248,sympy__sympy-14248,1,4,"('step', 'cos_step', 20, 4)",0.40009818360333826,0.4316115017509244,0.4316115017509244
20250520_openhands_devstral_small/sympy__sympy-16792,sympy__sympy-16792,1,4,"('step', 'cos_step', 20, 4)",0.40009818360333826,0.3849008256375131,0.3849008256375131
20250520_openhands_devstral_small/sympy__sympy-17139,sympy__sympy-17139,1,4,"('step', 'cos_step', 20, 4)",0.40009818360333826,0.41269501684698606,0.41269501684698606
20250520_openhands_devstral_small/sympy__sympy-18698,sympy__sympy-18698,1,4,"('step', 'cos_step', 20, 4)",0.40009818360333826,0.3849008256375131,0.3849008256375131
20250520_openhands_devstral_small/sympy__sympy-21612,sympy__sympy-21612,1,4,"('step', 'cos_step', 20, 4)",0.40009818360333826,0.3952270975163088,0.3952270975163088
20250520_openhands_devstral_small/sympy__sympy-22456,sympy__sympy-22456,1,4,"('step', 'cos_step', 20, 4)",0.40009818360333826,0.41178380388446595,0.41178380388446595
20250520_openhands_devstral_small/sympy__sympy-23824,sympy__sympy-23824,1,4,"('step', 'cos_step', 20, 4)",0.40009818360333826,0.395227097516309,0.395227097516309
20250520_openhands_devstral_small/astropy__astropy-14539,astropy__astropy-14539,0,4,"('step', 'cos_step', 20, 4)",0.40009818360333826,0.395227097516309,0.395227097516309
20250520_openhands_devstral_small/django__django-11276,django__django-11276,0,4,"('step', 'cos_step', 20, 4)",0.40009818360333826,0.4591880892935302,0.4591880892935302
20250520_openhands_devstral_small/django__django-11451,django__django-11451,0,4,"('step', 'cos_step', 20, 4)",0.40009818360333826,0.40127355504462114,0.40127355504462114
20250520_openhands_devstral_small/django__django-11532,django__django-11532,0,4,"('step', 'cos_step', 20, 4)",0.40009818360333826,0.395227097516309,0.395227097516309
20250520_openhands_devstral_small/django__django-11551,django__django-11551,0,4,"('step', 'cos_step', 20, 4)",0.40009818360333826,0.3753939561892157,0.3753939561892157
20250520_openhands_devstral_small/django__django-11740,django__django-11740,0,4,"('step', 'cos_step', 20, 4)",0.40009818360333826,0.3849008256375131,0.3849008256375131
20250520_openhands_devstral_small/django__django-12741,django__django-12741,0,4,"('step', 'cos_step', 20, 4)",0.40009818360333826,0.42495834998937737,0.42495834998937737
20250520_openhands_devstral_small/django__django-13569,django__django-13569,0,4,"('step', 'cos_step', 20, 4)",0.40009818360333826,0.43806738332155254,0.43806738332155254
20250520_openhands_devstral_small/django__django-13810,django__django-13810,0,4,"('step', 'cos_step', 20, 4)",0.40009818360333826,0.4063852014264437,0.4063852014264437
20250520_openhands_devstral_small/django__django-14315,django__django-14315,0,4,"('step', 'cos_step', 20, 4)",0.40009818360333826,0.40127355504462087,0.40127355504462087
20250520_openhands_devstral_small/django__django-14351,django__django-14351,0,4,"('step', 'cos_step', 20, 4)",0.40009818360333826,0.42495834998937754,0.42495834998937754
20250520_openhands_devstral_small/django__django-14580,django__django-14580,0,4,"('step', 'cos_step', 20, 4)",0.40009818360333826,0.3952270975163088,0.3952270975163088
20250520_openhands_devstral_small/django__django-14752,django__django-14752,0,4,"('step', 'cos_step', 20, 4)",0.40009818360333826,0.3849008256375131,0.3849008256375131
20250520_openhands_devstral_small/django__django-15315,django__django-15315,0,4,"('step', 'cos_step', 20, 4)",0.40009818360333826,0.395227097516309,0.395227097516309
20250520_openhands_devstral_small/django__django-15368,django__django-15368,0,4,"('step', 'cos_step', 20, 4)",0.40009818360333826,0.36669206106182145,0.36669206106182145
20250520_openhands_devstral_small/django__django-15380,django__django-15380,0,4,"('step', 'cos_step', 20, 4)",0.40009818360333826,0.4316115017509244,0.4316115017509244
20250520_openhands_devstral_small/django__django-15741,django__django-15741,0,4,"('step', 'cos_step', 20, 4)",0.40009818360333826,0.41269501684698606,0.41269501684698606
20250520_openhands_devstral_small/django__django-16116,django__django-16116,0,4,"('step', 'cos_step', 20, 4)",0.40009818360333826,0.3753939561892157,0.3753939561892157
20250520_openhands_devstral_small/django__django-16612,django__django-16612,0,4,"('step', 'cos_step', 20, 4)",0.40009818360333826,0.3849008256375131,0.3849008256375131
20250520_openhands_devstral_small/django__django-16801,django__django-16801,0,4,"('step', 'cos_step', 20, 4)",0.40009818360333826,0.3753939561892157,0.3753939561892157
20250520_openhands_devstral_small/django__django-7530,django__django-7530,0,4,"('step', 'cos_step', 20, 4)",0.40009818360333826,0.395227097516309,0.395227097516309
20250520_openhands_devstral_small/django__django-9296,django__django-9296,0,4,"('step', 'cos_step', 20, 4)",0.40009818360333826,0.41178380388446617,0.41178380388446617
20250520_openhands_devstral_small/matplotlib__matplotlib-23314,matplotlib__matplotlib-23314,0,4,"('step', 'cos_step', 20, 4)",0.40009818360333826,0.43014548121573815,0.43014548121573815
20250520_openhands_devstral_small/matplotlib__matplotlib-25287,matplotlib__matplotlib-25287,0,4,"('step', 'cos_step', 20, 4)",0.40009818360333826,0.3666920610618212,0.3666920610618212
20250520_openhands_devstral_small/pydata__xarray-4356,pydata__xarray-4356,0,4,"('step', 'cos_step', 20, 4)",0.40009818360333826,0.3753939561892157,0.3753939561892157
20250520_openhands_devstral_small/pydata__xarray-7393,pydata__xarray-7393,0,4,"('step', 'cos_step', 20, 4)",0.40009818360333826,0.3753939561892157,0.3753939561892157
20250520_openhands_devstral_small/pytest-dev__pytest-6202,pytest-dev__pytest-6202,0,4,"('step', 'cos_step', 20, 4)",0.40009818360333826,0.45686507261240394,0.45686507261240394
20250520_openhands_devstral_small/pytest-dev__pytest-7432,pytest-dev__pytest-7432,0,4,"('step', 'cos_step', 20, 4)",0.40009818360333826,0.36669206106182145,0.36669206106182145
20250520_openhands_devstral_small/pytest-dev__pytest-8399,pytest-dev__pytest-8399,0,4,"('step', 'cos_step', 20, 4)",0.40009818360333826,0.3753939561892157,0.3753939561892157
20250520_openhands_devstral_small/scikit-learn__scikit-learn-10844,scikit-learn__scikit-learn-10844,0,4,"('step', 'cos_step', 20, 4)",0.40009818360333826,0.3849008256375131,0.3849008256375131
20250520_openhands_devstral_small/scikit-learn__scikit-learn-13142,scikit-learn__scikit-learn-13142,0,4,"('step', 'cos_step', 20, 4)",0.40009818360333826,0.4249583499893777,0.4249583499893777
20250520_openhands_devstral_small/scikit-learn__scikit-learn-13779,scikit-learn__scikit-learn-13779,0,4,"('step', 'cos_step', 20, 4)",0.40009818360333826,0.3849008256375131,0.3849008256375131
20250520_openhands_devstral_small/scikit-learn__scikit-learn-15100,scikit-learn__scikit-learn-15100,0,4,"('step', 'cos_step', 20, 4)",0.40009818360333826,0.48784481258487583,0.48784481258487583
20250520_openhands_devstral_small/sphinx-doc__sphinx-7440,sphinx-doc__sphinx-7440,0,4,"('step', 'cos_step', 20, 4)",0.40009818360333826,0.42495834998937737,0.42495834998937737
20250520_openhands_devstral_small/sympy__sympy-13878,sympy__sympy-13878,0,4,"('step', 'cos_step', 20, 4)",0.40009818360333826,0.3849008256375131,0.3849008256375131
20250520_openhands_devstral_small/sympy__sympy-14711,sympy__sympy-14711,0,4,"('step', 'cos_step', 20, 4)",0.40009818360333826,0.395227097516309,0.395227097516309
20250520_openhands_devstral_small/sympy__sympy-16766,sympy__sympy-16766,0,4,"('step', 'cos_step', 20, 4)",0.40009818360333826,0.3849008256375131,0.3849008256375131
20250520_openhands_devstral_small/sympy__sympy-16886,sympy__sympy-16886,0,4,"('step', 'cos_step', 20, 4)",0.40009818360333826,0.42495834998937737,0.42495834998937737
20250520_openhands_devstral_small/sympy__sympy-19954,sympy__sympy-19954,0,4,"('step', 'cos_step', 20, 4)",0.40009818360333826,0.40127355504462087,0.40127355504462087
20250520_openhands_devstral_small/sympy__sympy-21379,sympy__sympy-21379,0,4,"('step', 'cos_step', 20, 4)",0.40009818360333826,0.41269501684698606,0.41269501684698606
20250520_openhands_devstral_small/sympy__sympy-22914,sympy__sympy-22914,0,4,"('step', 'cos_step', 20, 4)",0.40009818360333826,0.3952270975163088,0.3952270975163088
20250520_openhands_devstral_small/sympy__sympy-24443,sympy__sympy-24443,0,4,"('step', 'cos_step', 20, 4)",0.40009818360333826,0.4236269519435796,0.4236269519435796
20250520_openhands_devstral_small/sympy__sympy-24661,sympy__sympy-24661,0,4,"('step', 'cos_step', 20, 4)",0.40009818360333826,0.3849008256375131,0.3849008256375131
20250524_openhands_claude_4_sonnet/astropy__astropy-13033,astropy__astropy-13033,1,4,"('step', 'cos_step', 20, 4)",0.40009818360333826,0.3753939561892157,0.3753939561892157
20250524_openhands_claude_4_sonnet/astropy__astropy-8707,astropy__astropy-8707,1,4,"('step', 'cos_step', 20, 4)",0.40009818360333826,0.3952270975163088,0.3952270975163088
20250524_openhands_claude_4_sonnet/astropy__astropy-8872,astropy__astropy-8872,1,4,"('step', 'cos_step', 20, 4)",0.40009818360333826,0.3753939561892157,0.3753939561892157
20250524_openhands_claude_4_sonnet/django__django-11138,django__django-11138,1,4,"('step', 'cos_step', 20, 4)",0.40009818360333826,0.3849008256375131,0.3849008256375131
20250524_openhands_claude_4_sonnet/django__django-11433,django__django-11433,1,4,"('step', 'cos_step', 20, 4)",0.40009818360333826,0.40127355504462087,0.40127355504462087
20250524_openhands_claude_4_sonnet/django__django-11477,django__django-11477,1,4,"('step', 'cos_step', 20, 4)",0.40009818360333826,0.3849008256375131,0.3849008256375131
20250524_openhands_claude_4_sonnet/django__django-13195,django__django-13195,1,4,"('step', 'cos_step', 20, 4)",0.40009818360333826,0.40127355504462114,0.40127355504462114
20250524_openhands_claude_4_sonnet/django__django-13925,django__django-13925,1,4,"('step', 'cos_step', 20, 4)",0.40009818360333826,0.395227097516309,0.395227097516309
20250524_openhands_claude_4_sonnet/django__django-14315,django__django-14315,1,4,"('step', 'cos_step', 20, 4)",0.40009818360333826,0.3849008256375131,0.3849008256375131
20250524_openhands_claude_4_sonnet/django__django-15629,django__django-15629,1,4,"('step', 'cos_step', 20, 4)",0.40009818360333826,0.40127355504462087,0.40127355504462087
20250524_openhands_claude_4_sonnet/django__django-15973,django__django-15973,1,4,"('step', 'cos_step', 20, 4)",0.40009818360333826,0.35877945793378274,0.35877945793378274
20250524_openhands_claude_4_sonnet/django__django-16877,django__django-16877,1,4,"('step', 'cos_step', 20, 4)",0.40009818360333826,0.3666920610618214,0.3666920610618214
20250524_openhands_claude_4_sonnet/matplotlib__matplotlib-20826,matplotlib__matplotlib-20826,1,4,"('step', 'cos_step', 20, 4)",0.40009818360333826,0.41269501684698606,0.41269501684698606
20250524_openhands_claude_4_sonnet/matplotlib__matplotlib-21568,matplotlib__matplotlib-21568,1,4,"('step', 'cos_step', 20, 4)",0.40009818360333826,0.43631045507101396,0.43631045507101396
20250524_openhands_claude_4_sonnet/matplotlib__matplotlib-23299,matplotlib__matplotlib-23299,1,4,"('step', 'cos_step', 20, 4)",0.40009818360333826,0.3952270975163088,0.3952270975163088
20250524_openhands_claude_4_sonnet/matplotlib__matplotlib-24177,matplotlib__matplotlib-24177,1,4,"('step', 'cos_step', 20, 4)",0.40009818360333826,0.40127355504462087,0.40127355504462087
20250524_openhands_claude_4_sonnet/matplotlib__matplotlib-24570,matplotlib__matplotlib-24570,1,4,"('step', 'cos_step', 20, 4)",0.40009818360333826,0.395227097516309,0.395227097516309
20250524_openhands_claude_4_sonnet/matplotlib__matplotlib-24870,matplotlib__matplotlib-24870,1,4,"('step', 'cos_step', 20, 4)",0.40009818360333826,0.3753939561892157,0.3753939561892157
20250524_openhands_claude_4_sonnet/psf__requests-1921,psf__requests-1921,1,4,"('step', 'cos_step', 20, 4)",0.40009818360333826,0.4316115017509244,0.4316115017509244
20250524_openhands_claude_4_sonnet/psf__requests-2931,psf__requests-2931,1,4,"('step', 'cos_step', 20, 4)",0.40009818360333826,0.395227097516309,0.395227097516309
20250524_openhands_claude_4_sonnet/pydata__xarray-6938,pydata__xarray-6938,1,4,"('step', 'cos_step', 20, 4)",0.40009818360333826,0.44498008301297665,0.44498008301297665
20250524_openhands_claude_4_sonnet/pytest-dev__pytest-10051,pytest-dev__pytest-10051,1,4,"('step', 'cos_step', 20, 4)",0.40009818360333826,0.39068602866538293,0.39068602866538293
20250524_openhands_claude_4_sonnet/pytest-dev__pytest-7490,pytest-dev__pytest-7490,1,4,"('step', 'cos_step', 20, 4)",0.40009818360333826,0.3753939561892157,0.3753939561892157
20250524_openhands_claude_4_sonnet/sphinx-doc__sphinx-10614,sphinx-doc__sphinx-10614,1,4,"('step', 'cos_step', 20, 4)",0.40009818360333826,0.3849008256375131,0.3849008256375131
20250524_openhands_claude_4_sonnet/sympy__sympy-14248,sympy__sympy-14248,1,4,"('step', 'cos_step', 20, 4)",0.40009818360333826,0.40127355504462114,0.40127355504462114
20250524_openhands_claude_4_sonnet/sympy__sympy-18698,sympy__sympy-18698,1,4,"('step', 'cos_step', 20, 4)",0.40009818360333826,0.3849008256375131,0.3849008256375131
20250524_openhands_claude_4_sonnet/sympy__sympy-21612,sympy__sympy-21612,1,4,"('step', 'cos_step', 20, 4)",0.40009818360333826,0.3952270975163088,0.3952270975163088
20250524_openhands_claude_4_sonnet/astropy__astropy-14539,astropy__astropy-14539,0,4,"('step', 'cos_step', 20, 4)",0.40009818360333826,0.41269501684698606,0.41269501684698606
20250524_openhands_claude_4_sonnet/django__django-11276,django__django-11276,0,4,"('step', 'cos_step', 20, 4)",0.40009818360333826,0.4249583499893777,0.4249583499893777
20250524_openhands_claude_4_sonnet/django__django-11451,django__django-11451,0,4,"('step', 'cos_step', 20, 4)",0.40009818360333826,0.4063852014264437,0.4063852014264437
20250524_openhands_claude_4_sonnet/django__django-11532,django__django-11532,0,4,"('step', 'cos_step', 20, 4)",0.40009818360333826,0.395227097516309,0.395227097516309
20250524_openhands_claude_4_sonnet/django__django-11551,django__django-11551,0,4,"('step', 'cos_step', 20, 4)",0.40009818360333826,0.4316115017509244,0.4316115017509244
20250524_openhands_claude_4_sonnet/django__django-11555,django__django-11555,0,4,"('step', 'cos_step', 20, 4)",0.40009818360333826,0.40127355504462114,0.40127355504462114
20250524_openhands_claude_4_sonnet/django__django-11740,django__django-11740,0,4,"('step', 'cos_step', 20, 4)",0.40009818360333826,0.3849008256375131,0.3849008256375131
20250524_openhands_claude_4_sonnet/django__django-12125,django__django-12125,0,4,"('step', 'cos_step', 20, 4)",0.40009818360333826,0.3849008256375131,0.3849008256375131
20250524_openhands_claude_4_sonnet/django__django-12308,django__django-12308,0,4,"('step', 'cos_step', 20, 4)",0.40009818360333826,0.395227097516309,0.395227097516309
20250524_openhands_claude_4_sonnet/django__django-12741,django__django-12741,0,4,"('step', 'cos_step', 20, 4)",0.40009818360333826,0.41178380388446595,0.41178380388446595
20250524_openhands_claude_4_sonnet/django__django-12754,django__django-12754,0,4,"('step', 'cos_step', 20, 4)",0.40009818360333826,0.3849008256375131,0.3849008256375131
20250524_openhands_claude_4_sonnet/django__django-12965,django__django-12965,0,4,"('step', 'cos_step', 20, 4)",0.40009818360333826,0.3849008256375131,0.3849008256375131
20250524_openhands_claude_4_sonnet/django__django-13121,django__django-13121,0,4,"('step', 'cos_step', 20, 4)",0.40009818360333826,0.4063852014264437,0.4063852014264437
20250524_openhands_claude_4_sonnet/django__django-13297,django__django-13297,0,4,"('step', 'cos_step', 20, 4)",0.40009818360333826,0.3753939561892157,0.3753939561892157
20250524_openhands_claude_4_sonnet/django__django-13315,django__django-13315,0,4,"('step', 'cos_step', 20, 4)",0.40009818360333826,0.44498008301297665,0.44498008301297665
20250524_openhands_claude_4_sonnet/django__django-13569,django__django-13569,0,4,"('step', 'cos_step', 20, 4)",0.40009818360333826,0.3952270975163088,0.3952270975163088
20250524_openhands_claude_4_sonnet/django__django-13810,django__django-13810,0,4,"('step', 'cos_step', 20, 4)",0.40009818360333826,0.36669206106182145,0.36669206106182145
20250524_openhands_claude_4_sonnet/django__django-14351,django__django-14351,0,4,"('step', 'cos_step', 20, 4)",0.40009818360333826,0.4063852014264437,0.4063852014264437
20250524_openhands_claude_4_sonnet/django__django-14559,django__django-14559,0,4,"('step', 'cos_step', 20, 4)",0.40009818360333826,0.42495834998937754,0.42495834998937754
20250524_openhands_claude_4_sonnet/django__django-14580,django__django-14580,0,4,"('step', 'cos_step', 20, 4)",0.40009818360333826,0.40127355504462114,0.40127355504462114
20250524_openhands_claude_4_sonnet/django__django-14752,django__django-14752,0,4,"('step', 'cos_step', 20, 4)",0.40009818360333826,0.40127355504462114,0.40127355504462114
20250524_openhands_claude_4_sonnet/django__django-14787,django__django-14787,0,4,"('step', 'cos_step', 20, 4)",0.40009818360333826,0.41908612782956634,0.41908612782956634
20250524_openhands_claude_4_sonnet/django__django-15022,django__django-15022,0,4,"('step', 'cos_step', 20, 4)",0.40009818360333826,0.3849008256375131,0.3849008256375131
20250524_openhands_claude_4_sonnet/django__django-15315,django__django-15315,0,4,"('step', 'cos_step', 20, 4)",0.40009818360333826,0.41269501684698606,0.41269501684698606
20250524_openhands_claude_4_sonnet/django__django-15368,django__django-15368,0,4,"('step', 'cos_step', 20, 4)",0.40009818360333826,0.4063852014264437,0.4063852014264437
20250524_openhands_claude_4_sonnet/django__django-15375,django__django-15375,0,4,"('step', 'cos_step', 20, 4)",0.40009818360333826,0.41269501684698606,0.41269501684698606
20250524_openhands_claude_4_sonnet/django__django-15380,django__django-15380,0,4,"('step', 'cos_step', 20, 4)",0.40009818360333826,0.3666920610618212,0.3666920610618212
20250524_openhands_claude_4_sonnet/django__django-15382,django__django-15382,0,4,"('step', 'cos_step', 20, 4)",0.40009818360333826,0.41908612782956634,0.41908612782956634
20250524_openhands_claude_4_sonnet/django__django-15741,django__django-15741,0,4,"('step', 'cos_step', 20, 4)",0.40009818360333826,0.48784481258487583,0.48784481258487583
20250524_openhands_claude_4_sonnet/django__django-16032,django__django-16032,0,4,"('step', 'cos_step', 20, 4)",0.40009818360333826,0.3753939561892157,0.3753939561892157
20250524_openhands_claude_4_sonnet/django__django-16116,django__django-16116,0,4,"('step', 'cos_step', 20, 4)",0.40009818360333826,0.3753939561892157,0.3753939561892157
20250524_openhands_claude_4_sonnet/django__django-16612,django__django-16612,0,4,"('step', 'cos_step', 20, 4)",0.40009818360333826,0.41269501684698606,0.41269501684698606
20250524_openhands_claude_4_sonnet/django__django-16801,django__django-16801,0,4,"('step', 'cos_step', 20, 4)",0.40009818360333826,0.4519675364845034,0.4519675364845034
20250524_openhands_claude_4_sonnet/django__django-7530,django__django-7530,0,4,"('step', 'cos_step', 20, 4)",0.40009818360333826,0.40127355504462087,0.40127355504462087
20250524_openhands_claude_4_sonnet/django__django-9296,django__django-9296,0,4,"('step', 'cos_step', 20, 4)",0.40009818360333826,0.45155212740260303,0.45155212740260303
20250524_openhands_claude_4_sonnet/matplotlib__matplotlib-23314,matplotlib__matplotlib-23314,0,4,"('step', 'cos_step', 20, 4)",0.40009818360333826,0.41269501684698606,0.41269501684698606
20250524_openhands_claude_4_sonnet/matplotlib__matplotlib-25287,matplotlib__matplotlib-25287,0,4,"('step', 'cos_step', 20, 4)",0.40009818360333826,0.3849008256375131,0.3849008256375131
20250524_openhands_claude_4_sonnet/pydata__xarray-3993,pydata__xarray-3993,0,4,"('step', 'cos_step', 20, 4)",0.40009818360333826,0.41269501684698606,0.41269501684698606
20250524_openhands_claude_4_sonnet/pydata__xarray-4356,pydata__xarray-4356,0,4,"('step', 'cos_step', 20, 4)",0.40009818360333826,0.39068602866538293,0.39068602866538293
20250524_openhands_claude_4_sonnet/pydata__xarray-4687,pydata__xarray-4687,0,4,"('step', 'cos_step', 20, 4)",0.40009818360333826,0.41269501684698606,0.41269501684698606
20250524_openhands_claude_4_sonnet/pydata__xarray-4695,pydata__xarray-4695,0,4,"('step', 'cos_step', 20, 4)",0.40009818360333826,0.395227097516309,0.395227097516309
20250524_openhands_claude_4_sonnet/pydata__xarray-6721,pydata__xarray-6721,0,4,"('step', 'cos_step', 20, 4)",0.40009818360333826,0.4063852014264437,0.4063852014264437
20250524_openhands_claude_4_sonnet/pydata__xarray-7393,pydata__xarray-7393,0,4,"('step', 'cos_step', 20, 4)",0.40009818360333826,0.4316115017509244,0.4316115017509244
20250524_openhands_claude_4_sonnet/pylint-dev__pylint-7277,pylint-dev__pylint-7277,0,4,"('step', 'cos_step', 20, 4)",0.40009818360333826,0.41908612782956634,0.41908612782956634
20250524_openhands_claude_4_sonnet/pytest-dev__pytest-6202,pytest-dev__pytest-6202,0,4,"('step', 'cos_step', 20, 4)",0.40009818360333826,0.3849008256375131,0.3849008256375131
20250524_openhands_claude_4_sonnet/pytest-dev__pytest-7432,pytest-dev__pytest-7432,0,4,"('step', 'cos_step', 20, 4)",0.40009818360333826,0.4714713558000251,0.4714713558000251
20250524_openhands_claude_4_sonnet/pytest-dev__pytest-7521,pytest-dev__pytest-7521,0,4,"('step', 'cos_step', 20, 4)",0.40009818360333826,0.40127355504462114,0.40127355504462114
20250524_openhands_claude_4_sonnet/pytest-dev__pytest-8399,pytest-dev__pytest-8399,0,4,"('step', 'cos_step', 20, 4)",0.40009818360333826,0.3849008256375131,0.3849008256375131
20250524_openhands_claude_4_sonnet/scikit-learn__scikit-learn-10844,scikit-learn__scikit-learn-10844,0,4,"('step', 'cos_step', 20, 4)",0.40009818360333826,0.3849008256375131,0.3849008256375131
20250524_openhands_claude_4_sonnet/scikit-learn__scikit-learn-13142,scikit-learn__scikit-learn-13142,0,4,"('step', 'cos_step', 20, 4)",0.40009818360333826,0.3952270975163088,0.3952270975163088
20250524_openhands_claude_4_sonnet/scikit-learn__scikit-learn-13779,scikit-learn__scikit-learn-13779,0,4,"('step', 'cos_step', 20, 4)",0.40009818360333826,0.3753939561892157,0.3753939561892157
20250524_openhands_claude_4_sonnet/scikit-learn__scikit-learn-14141,scikit-learn__scikit-learn-14141,0,4,"('step', 'cos_step', 20, 4)",0.40009818360333826,0.3849008256375131,0.3849008256375131
20250524_openhands_claude_4_sonnet/scikit-learn__scikit-learn-15100,scikit-learn__scikit-learn-15100,0,4,"('step', 'cos_step', 20, 4)",0.40009818360333826,0.395227097516309,0.395227097516309
20250524_openhands_claude_4_sonnet/sphinx-doc__sphinx-11445,sphinx-doc__sphinx-11445,0,4,"('step', 'cos_step', 20, 4)",0.40009818360333826,0.3849008256375131,0.3849008256375131
20250524_openhands_claude_4_sonnet/sphinx-doc__sphinx-7440,sphinx-doc__sphinx-7440,0,4,"('step', 'cos_step', 20, 4)",0.40009818360333826,0.3952270975163088,0.3952270975163088
20250524_openhands_claude_4_sonnet/sphinx-doc__sphinx-8265,sphinx-doc__sphinx-8265,0,4,"('step', 'cos_step', 20, 4)",0.40009818360333826,0.40127355504462114,0.40127355504462114
20250524_openhands_claude_4_sonnet/sphinx-doc__sphinx-9230,sphinx-doc__sphinx-9230,0,4,"('step', 'cos_step', 20, 4)",0.40009818360333826,0.36669206106182145,0.36669206106182145
20250524_openhands_claude_4_sonnet/sphinx-doc__sphinx-9591,sphinx-doc__sphinx-9591,0,4,"('step', 'cos_step', 20, 4)",0.40009818360333826,0.36669206106182145,0.36669206106182145
20250524_openhands_claude_4_sonnet/sympy__sympy-12419,sympy__sympy-12419,0,4,"('step', 'cos_step', 20, 4)",0.40009818360333826,0.36669206106182145,0.36669206106182145
20250524_openhands_claude_4_sonnet/sympy__sympy-13615,sympy__sympy-13615,0,4,"('step', 'cos_step', 20, 4)",0.40009818360333826,0.3849008256375131,0.3849008256375131
20250524_openhands_claude_4_sonnet/sympy__sympy-13878,sympy__sympy-13878,0,4,"('step', 'cos_step', 20, 4)",0.40009818360333826,0.3849008256375131,0.3849008256375131
20250524_openhands_claude_4_sonnet/sympy__sympy-14711,sympy__sympy-14711,0,4,"('step', 'cos_step', 20, 4)",0.40009818360333826,0.4063852014264437,0.4063852014264437
20250524_openhands_claude_4_sonnet/sympy__sympy-16766,sympy__sympy-16766,0,4,"('step', 'cos_step', 20, 4)",0.40009818360333826,0.3753939561892157,0.3753939561892157
20250524_openhands_claude_4_sonnet/sympy__sympy-16792,sympy__sympy-16792,0,4,"('step', 'cos_step', 20, 4)",0.40009818360333826,0.44498008301297665,0.44498008301297665
20250524_openhands_claude_4_sonnet/sympy__sympy-16886,sympy__sympy-16886,0,4,"('step', 'cos_step', 20, 4)",0.40009818360333826,0.401273555044621,0.401273555044621
20250524_openhands_claude_4_sonnet/sympy__sympy-17139,sympy__sympy-17139,0,4,"('step', 'cos_step', 20, 4)",0.40009818360333826,0.41908612782956634,0.41908612782956634
20250524_openhands_claude_4_sonnet/sympy__sympy-19954,sympy__sympy-19954,0,4,"('step', 'cos_step', 20, 4)",0.40009818360333826,0.39068602866538293,0.39068602866538293
20250524_openhands_claude_4_sonnet/sympy__sympy-21379,sympy__sympy-21379,0,4,"('step', 'cos_step', 20, 4)",0.40009818360333826,0.41269501684698606,0.41269501684698606
20250524_openhands_claude_4_sonnet/sympy__sympy-22456,sympy__sympy-22456,0,4,"('step', 'cos_step', 20, 4)",0.40009818360333826,0.40127355504462114,0.40127355504462114
20250524_openhands_claude_4_sonnet/sympy__sympy-22914,sympy__sympy-22914,0,4,"('step', 'cos_step', 20, 4)",0.40009818360333826,0.3753939561892157,0.3753939561892157
20250524_openhands_claude_4_sonnet/sympy__sympy-23824,sympy__sympy-23824,0,4,"('step', 'cos_step', 20, 4)",0.40009818360333826,0.3753939561892157,0.3753939561892157
20250524_openhands_claude_4_sonnet/sympy__sympy-24443,sympy__sympy-24443,0,4,"('step', 'cos_step', 20, 4)",0.40009818360333826,0.40127355504462087,0.40127355504462087
20250524_openhands_claude_4_sonnet/sympy__sympy-24661,sympy__sympy-24661,0,4,"('step', 'cos_step', 20, 4)",0.40009818360333826,0.395227097516309,0.395227097516309
20250716_openhands_kimi_k2/astropy__astropy-13033,astropy__astropy-13033,1,4,"('step', 'cos_step', 20, 4)",0.40009818360333826,0.4249583499893777,0.4249583499893777
20250716_openhands_kimi_k2/astropy__astropy-8707,astropy__astropy-8707,1,4,"('step', 'cos_step', 20, 4)",0.40009818360333826,0.395227097516309,0.395227097516309
20250716_openhands_kimi_k2/astropy__astropy-8872,astropy__astropy-8872,1,4,"('step', 'cos_step', 20, 4)",0.40009818360333826,0.456865072612404,0.456865072612404
20250716_openhands_kimi_k2/django__django-11138,django__django-11138,1,4,"('step', 'cos_step', 20, 4)",0.40009818360333826,0.4316115017509244,0.4316115017509244
20250716_openhands_kimi_k2/django__django-11433,django__django-11433,1,4,"('step', 'cos_step', 20, 4)",0.40009818360333826,0.41269501684698606,0.41269501684698606
20250716_openhands_kimi_k2/django__django-11477,django__django-11477,1,4,"('step', 'cos_step', 20, 4)",0.40009818360333826,0.3849008256375131,0.3849008256375131
20250716_openhands_kimi_k2/django__django-11532,django__django-11532,1,4,"('step', 'cos_step', 20, 4)",0.40009818360333826,0.3952270975163088,0.3952270975163088
20250716_openhands_kimi_k2/django__django-12308,django__django-12308,1,4,"('step', 'cos_step', 20, 4)",0.40009818360333826,0.401273555044621,0.401273555044621
20250716_openhands_kimi_k2/django__django-13195,django__django-13195,1,4,"('step', 'cos_step', 20, 4)",0.40009818360333826,0.40127355504462087,0.40127355504462087
20250716_openhands_kimi_k2/django__django-13297,django__django-13297,1,4,"('step', 'cos_step', 20, 4)",0.40009818360333826,0.43631045507101396,0.43631045507101396
20250716_openhands_kimi_k2/django__django-13315,django__django-13315,1,4,"('step', 'cos_step', 20, 4)",0.40009818360333826,0.41838473136655757,0.41838473136655757
20250716_openhands_kimi_k2/django__django-13925,django__django-13925,1,4,"('step', 'cos_step', 20, 4)",0.40009818360333826,0.3849008256375131,0.3849008256375131
20250716_openhands_kimi_k2/django__django-14315,django__django-14315,1,4,"('step', 'cos_step', 20, 4)",0.40009818360333826,0.3809213432943995,0.3809213432943995
20250716_openhands_kimi_k2/django__django-15375,django__django-15375,1,4,"('step', 'cos_step', 20, 4)",0.40009818360333826,0.4316115017509244,0.4316115017509244
20250716_openhands_kimi_k2/django__django-15629,django__django-15629,1,4,"('step', 'cos_step', 20, 4)",0.40009818360333826,0.3849008256375131,0.3849008256375131
20250716_openhands_kimi_k2/django__django-15973,django__django-15973,1,4,"('step', 'cos_step', 20, 4)",0.40009818360333826,0.3849008256375131,0.3849008256375131
20250716_openhands_kimi_k2/django__django-16877,django__django-16877,1,4,"('step', 'cos_step', 20, 4)",0.40009818360333826,0.40127355504462114,0.40127355504462114
20250716_openhands_kimi_k2/matplotlib__matplotlib-21568,matplotlib__matplotlib-21568,1,4,"('step', 'cos_step', 20, 4)",0.40009818360333826,0.3753939561892157,0.3753939561892157
20250716_openhands_kimi_k2/matplotlib__matplotlib-23299,matplotlib__matplotlib-23299,1,4,"('step', 'cos_step', 20, 4)",0.40009818360333826,0.3849008256375131,0.3849008256375131
20250716_openhands_kimi_k2/matplotlib__matplotlib-24177,matplotlib__matplotlib-24177,1,4,"('step', 'cos_step', 20, 4)",0.40009818360333826,0.41269501684698606,0.41269501684698606
20250716_openhands_kimi_k2/matplotlib__matplotlib-24870,matplotlib__matplotlib-24870,1,4,"('step', 'cos_step', 20, 4)",0.40009818360333826,0.36669206106182145,0.36669206106182145
20250716_openhands_kimi_k2/psf__requests-1921,psf__requests-1921,1,4,"('step', 'cos_step', 20, 4)",0.40009818360333826,0.40638520142644385,0.40638520142644385
20250716_openhands_kimi_k2/pydata__xarray-4695,pydata__xarray-4695,1,4,"('step', 'cos_step', 20, 4)",0.40009818360333826,0.41269501684698606,0.41269501684698606
20250716_openhands_kimi_k2/pydata__xarray-6721,pydata__xarray-6721,1,4,"('step', 'cos_step', 20, 4)",0.40009818360333826,0.40127355504462087,0.40127355504462087
20250716_openhands_kimi_k2/pydata__xarray-6938,pydata__xarray-6938,1,4,"('step', 'cos_step', 20, 4)",0.40009818360333826,0.3849008256375131,0.3849008256375131
20250716_openhands_kimi_k2/pytest-dev__pytest-10051,pytest-dev__pytest-10051,1,4,"('step', 'cos_step', 20, 4)",0.40009818360333826,0.3849008256375131,0.3849008256375131
20250716_openhands_kimi_k2/pytest-dev__pytest-7490,pytest-dev__pytest-7490,1,4,"('step', 'cos_step', 20, 4)",0.40009818360333826,0.3952270975163088,0.3952270975163088
20250716_openhands_kimi_k2/sphinx-doc__sphinx-10614,sphinx-doc__sphinx-10614,1,4,"('step', 'cos_step', 20, 4)",0.40009818360333826,0.41269501684698606,0.41269501684698606
20250716_openhands_kimi_k2/sphinx-doc__sphinx-8265,sphinx-doc__sphinx-8265,1,4,"('step', 'cos_step', 20, 4)",0.40009818360333826,0.3849008256375131,0.3849008256375131
20250716_openhands_kimi_k2/sphinx-doc__sphinx-9591,sphinx-doc__sphinx-9591,1,4,"('step', 'cos_step', 20, 4)",0.40009818360333826,0.41178380388446617,0.41178380388446617
20250716_openhands_kimi_k2/sympy__sympy-14248,sympy__sympy-14248,1,4,"('step', 'cos_step', 20, 4)",0.40009818360333826,0.41838473136655757,0.41838473136655757
20250716_openhands_kimi_k2/sympy__sympy-21612,sympy__sympy-21612,1,4,"('step', 'cos_step', 20, 4)",0.40009818360333826,0.4063852014264437,0.4063852014264437
20250716_openhands_kimi_k2/astropy__astropy-14539,astropy__astropy-14539,0,4,"('step', 'cos_step', 20, 4)",0.40009818360333826,0.3753939561892157,0.3753939561892157
20250716_openhands_kimi_k2/django__django-11276,django__django-11276,0,4,"('step', 'cos_step', 20, 4)",0.40009818360333826,0.3952270975163088,0.3952270975163088
20250716_openhands_kimi_k2/django__django-11451,django__django-11451,0,4,"('step', 'cos_step', 20, 4)",0.40009818360333826,0.3849008256375131,0.3849008256375131
20250716_openhands_kimi_k2/django__django-11551,django__django-11551,0,4,"('step', 'cos_step', 20, 4)",0.40009818360333826,0.42495834998937754,0.42495834998937754
20250716_openhands_kimi_k2/django__django-11555,django__django-11555,0,4,"('step', 'cos_step', 20, 4)",0.40009818360333826,0.395227097516309,0.395227097516309
20250716_openhands_kimi_k2/django__django-11740,django__django-11740,0,4,"('step', 'cos_step', 20, 4)",0.40009818360333826,0.3753939561892157,0.3753939561892157
20250716_openhands_kimi_k2/django__django-12125,django__django-12125,0,4,"('step', 'cos_step', 20, 4)",0.40009818360333826,0.4236269519435796,0.4236269519435796
20250716_openhands_kimi_k2/django__django-12741,django__django-12741,0,4,"('step', 'cos_step', 20, 4)",0.40009818360333826,0.3849008256375131,0.3849008256375131
20250716_openhands_kimi_k2/django__django-12754,django__django-12754,0,4,"('step', 'cos_step', 20, 4)",0.40009818360333826,0.395227097516309,0.395227097516309
20250716_openhands_kimi_k2/django__django-12965,django__django-12965,0,4,"('step', 'cos_step', 20, 4)",0.40009818360333826,0.3849008256375131,0.3849008256375131
20250716_openhands_kimi_k2/django__django-13121,django__django-13121,0,4,"('step', 'cos_step', 20, 4)",0.40009818360333826,0.40127355504462114,0.40127355504462114
20250716_openhands_kimi_k2/django__django-13569,django__django-13569,0,4,"('step', 'cos_step', 20, 4)",0.40009818360333826,0.41269501684698606,0.41269501684698606
20250716_openhands_kimi_k2/django__django-13810,django__django-13810,0,4,"('step', 'cos_step', 20, 4)",0.40009818360333826,0.4236269519435796,0.4236269519435796
20250716_openhands_kimi_k2/django__django-14351,django__django-14351,0,4,"('step', 'cos_step', 20, 4)",0.40009818360333826,0.3753939561892157,0.3753939561892157
20250716_openhands_kimi_k2/django__django-14559,django__django-14559,0,4,"('step', 'cos_step', 20, 4)",0.40009818360333826,0.4063852014264437,0.4063852014264437
20250716_openhands_kimi_k2/django__django-14580,django__django-14580,0,4,"('step', 'cos_step', 20, 4)",0.40009818360333826,0.43631045507101396,0.43631045507101396
20250716_openhands_kimi_k2/django__django-14752,django__django-14752,0,4,"('step', 'cos_step', 20, 4)",0.40009818360333826,0.43631045507101396,0.43631045507101396
20250716_openhands_kimi_k2/django__django-14787,django__django-14787,0,4,"('step', 'cos_step', 20, 4)",0.40009818360333826,0.3753939561892157,0.3753939561892157
20250716_openhands_kimi_k2/django__django-15022,django__django-15022,0,4,"('step', 'cos_step', 20, 4)",0.40009818360333826,0.3849008256375131,0.3849008256375131
20250716_openhands_kimi_k2/django__django-15315,django__django-15315,0,4,"('step', 'cos_step', 20, 4)",0.40009818360333826,0.3849008256375131,0.3849008256375131
20250716_openhands_kimi_k2/django__django-15368,django__django-15368,0,4,"('step', 'cos_step', 20, 4)",0.40009818360333826,0.3753939561892157,0.3753939561892157
20250716_openhands_kimi_k2/django__django-15380,django__django-15380,0,4,"('step', 'cos_step', 20, 4)",0.40009818360333826,0.40127355504462114,0.40127355504462114
20250716_openhands_kimi_k2/django__django-15382,django__django-15382,0,4,"('step', 'cos_step', 20, 4)",0.40009818360333826,0.3849008256375131,0.3849008256375131
20250716_openhands_kimi_k2/django__django-15741,django__django-15741,0,4,"('step', 'cos_step', 20, 4)",0.40009818360333826,0.3753939561892157,0.3753939561892157
20250716_openhands_kimi_k2/django__django-16032,django__django-16032,0,4,"('step', 'cos_step', 20, 4)",0.40009818360333826,0.42495834998937754,0.42495834998937754
20250716_openhands_kimi_k2/django__django-16116,django__django-16116,0,4,"('step', 'cos_step', 20, 4)",0.40009818360333826,0.456865072612404,0.456865072612404
20250716_openhands_kimi_k2/django__django-16612,django__django-16612,0,4,"('step', 'cos_step', 20, 4)",0.40009818360333826,0.41269501684698606,0.41269501684698606
20250716_openhands_kimi_k2/django__django-16801,django__django-16801,0,4,"('step', 'cos_step', 20, 4)",0.40009818360333826,0.40127355504462114,0.40127355504462114
20250716_openhands_kimi_k2/django__django-7530,django__django-7530,0,4,"('step', 'cos_step', 20, 4)",0.40009818360333826,0.40740225473622493,0.40740225473622493
20250716_openhands_kimi_k2/django__django-9296,django__django-9296,0,4,"('step', 'cos_step', 20, 4)",0.40009818360333826,0.3849008256375131,0.3849008256375131
20250716_openhands_kimi_k2/matplotlib__matplotlib-20826,matplotlib__matplotlib-20826,0,4,"('step', 'cos_step', 20, 4)",0.40009818360333826,0.395227097516309,0.395227097516309
20250716_openhands_kimi_k2/matplotlib__matplotlib-23314,matplotlib__matplotlib-23314,0,4,"('step', 'cos_step', 20, 4)",0.40009818360333826,0.42495834998937737,0.42495834998937737
20250716_openhands_kimi_k2/matplotlib__matplotlib-24570,matplotlib__matplotlib-24570,0,4,"('step', 'cos_step', 20, 4)",0.40009818360333826,0.4236269519435796,0.4236269519435796
20250716_openhands_kimi_k2/matplotlib__matplotlib-25287,matplotlib__matplotlib-25287,0,4,"('step', 'cos_step', 20, 4)",0.40009818360333826,0.36669206106182145,0.36669206106182145
20250716_openhands_kimi_k2/psf__requests-2931,psf__requests-2931,0,4,"('step', 'cos_step', 20, 4)",0.40009818360333826,0.41269501684698606,0.41269501684698606
20250716_openhands_kimi_k2/pydata__xarray-3993,pydata__xarray-3993,0,4,"('step', 'cos_step', 20, 4)",0.40009818360333826,0.3753939561892157,0.3753939561892157
20250716_openhands_kimi_k2/pydata__xarray-4356,pydata__xarray-4356,0,4,"('step', 'cos_step', 20, 4)",0.40009818360333826,0.4063852014264437,0.4063852014264437
20250716_openhands_kimi_k2/pydata__xarray-4687,pydata__xarray-4687,0,4,"('step', 'cos_step', 20, 4)",0.40009818360333826,0.3952270975163088,0.3952270975163088
20250716_openhands_kimi_k2/pydata__xarray-7393,pydata__xarray-7393,0,4,"('step', 'cos_step', 20, 4)",0.40009818360333826,0.42495834998937754,0.42495834998937754
20250716_openhands_kimi_k2/pylint-dev__pylint-7277,pylint-dev__pylint-7277,0,4,"('step', 'cos_step', 20, 4)",0.40009818360333826,0.3952270975163088,0.3952270975163088
20250716_openhands_kimi_k2/pytest-dev__pytest-6202,pytest-dev__pytest-6202,0,4,"('step', 'cos_step', 20, 4)",0.40009818360333826,0.395227097516309,0.395227097516309
20250716_openhands_kimi_k2/pytest-dev__pytest-7432,pytest-dev__pytest-7432,0,4,"('step', 'cos_step', 20, 4)",0.40009818360333826,0.401273555044621,0.401273555044621
20250716_openhands_kimi_k2/pytest-dev__pytest-7521,pytest-dev__pytest-7521,0,4,"('step', 'cos_step', 20, 4)",0.40009818360333826,0.40127355504462087,0.40127355504462087
20250716_openhands_kimi_k2/pytest-dev__pytest-8399,pytest-dev__pytest-8399,0,4,"('step', 'cos_step', 20, 4)",0.40009818360333826,0.3753939561892157,0.3753939561892157
20250716_openhands_kimi_k2/scikit-learn__scikit-learn-10844,scikit-learn__scikit-learn-10844,0,4,"('step', 'cos_step', 20, 4)",0.40009818360333826,0.3753939561892157,0.3753939561892157
20250716_openhands_kimi_k2/scikit-learn__scikit-learn-13142,scikit-learn__scikit-learn-13142,0,4,"('step', 'cos_step', 20, 4)",0.40009818360333826,0.40127355504462087,0.40127355504462087
20250716_openhands_kimi_k2/scikit-learn__scikit-learn-13779,scikit-learn__scikit-learn-13779,0,4,"('step', 'cos_step', 20, 4)",0.40009818360333826,0.3849008256375131,0.3849008256375131
20250716_openhands_kimi_k2/scikit-learn__scikit-learn-14141,scikit-learn__scikit-learn-14141,0,4,"('step', 'cos_step', 20, 4)",0.40009818360333826,0.3753939561892157,0.3753939561892157
20250716_openhands_kimi_k2/scikit-learn__scikit-learn-15100,scikit-learn__scikit-learn-15100,0,4,"('step', 'cos_step', 20, 4)",0.40009818360333826,0.41269501684698606,0.41269501684698606
20250716_openhands_kimi_k2/sphinx-doc__sphinx-11445,sphinx-doc__sphinx-11445,0,4,"('step', 'cos_step', 20, 4)",0.40009818360333826,0.3849008256375131,0.3849008256375131
20250716_openhands_kimi_k2/sphinx-doc__sphinx-7440,sphinx-doc__sphinx-7440,0,4,"('step', 'cos_step', 20, 4)",0.40009818360333826,0.3952270975163088,0.3952270975163088
20250716_openhands_kimi_k2/sphinx-doc__sphinx-9230,sphinx-doc__sphinx-9230,0,4,"('step', 'cos_step', 20, 4)",0.40009818360333826,0.42495834998937737,0.42495834998937737
20250716_openhands_kimi_k2/sympy__sympy-12419,sympy__sympy-12419,0,4,"('step', 'cos_step', 20, 4)",0.40009818360333826,0.41269501684698606,0.41269501684698606
20250716_openhands_kimi_k2/sympy__sympy-13615,sympy__sympy-13615,0,4,"('step', 'cos_step', 20, 4)",0.40009818360333826,0.3809213432943995,0.3809213432943995
20250716_openhands_kimi_k2/sympy__sympy-13878,sympy__sympy-13878,0,4,"('step', 'cos_step', 20, 4)",0.40009818360333826,0.3849008256375131,0.3849008256375131
20250716_openhands_kimi_k2/sympy__sympy-14711,sympy__sympy-14711,0,4,"('step', 'cos_step', 20, 4)",0.40009818360333826,0.4591880892935302,0.4591880892935302
20250716_openhands_kimi_k2/sympy__sympy-16766,sympy__sympy-16766,0,4,"('step', 'cos_step', 20, 4)",0.40009818360333826,0.3666920610618212,0.3666920610618212
20250716_openhands_kimi_k2/sympy__sympy-16792,sympy__sympy-16792,0,4,"('step', 'cos_step', 20, 4)",0.40009818360333826,0.395227097516309,0.395227097516309
20250716_openhands_kimi_k2/sympy__sympy-16886,sympy__sympy-16886,0,4,"('step', 'cos_step', 20, 4)",0.40009818360333826,0.395227097516309,0.395227097516309
20250716_openhands_kimi_k2/sympy__sympy-17139,sympy__sympy-17139,0,4,"('step', 'cos_step', 20, 4)",0.40009818360333826,0.3849008256375131,0.3849008256375131
20250716_openhands_kimi_k2/sympy__sympy-18698,sympy__sympy-18698,0,4,"('step', 'cos_step', 20, 4)",0.40009818360333826,0.3849008256375131,0.3849008256375131
20250716_openhands_kimi_k2/sympy__sympy-19954,sympy__sympy-19954,0,4,"('step', 'cos_step', 20, 4)",0.40009818360333826,0.456865072612404,0.456865072612404
20250716_openhands_kimi_k2/sympy__sympy-21379,sympy__sympy-21379,0,4,"('step', 'cos_step', 20, 4)",0.40009818360333826,0.4063852014264437,0.4063852014264437
20250716_openhands_kimi_k2/sympy__sympy-22456,sympy__sympy-22456,0,4,"('step', 'cos_step', 20, 4)",0.40009818360333826,0.395227097516309,0.395227097516309
20250716_openhands_kimi_k2/sympy__sympy-22914,sympy__sympy-22914,0,4,"('step', 'cos_step', 20, 4)",0.40009818360333826,0.3849008256375131,0.3849008256375131
20250716_openhands_kimi_k2/sympy__sympy-23824,sympy__sympy-23824,0,4,"('step', 'cos_step', 20, 4)",0.40009818360333826,0.3753939561892157,0.3753939561892157
20250716_openhands_kimi_k2/sympy__sympy-24443,sympy__sympy-24443,0,4,"('step', 'cos_step', 20, 4)",0.40009818360333826,0.395227097516309,0.395227097516309
20250716_openhands_kimi_k2/sympy__sympy-24661,sympy__sympy-24661,0,4,"('step', 'cos_step', 20, 4)",0.40009818360333826,0.3849008256375131,0.3849008256375131
20250807_openhands_gpt5/astropy__astropy-8707,astropy__astropy-8707,1,4,"('step', 'cos_step', 20, 4)",0.40009818360333826,0.36669206106182145,0.36669206106182145
20250807_openhands_gpt5/astropy__astropy-8872,astropy__astropy-8872,1,4,"('step', 'cos_step', 20, 4)",0.40009818360333826,0.3849008256375131,0.3849008256375131
20250807_openhands_gpt5/django__django-11477,django__django-11477,1,4,"('step', 'cos_step', 20, 4)",0.40009818360333826,0.3753939561892157,0.3753939561892157
20250807_openhands_gpt5/django__django-12308,django__django-12308,1,4,"('step', 'cos_step', 20, 4)",0.40009818360333826,0.41838473136655757,0.41838473136655757
20250807_openhands_gpt5/django__django-14315,django__django-14315,1,4,"('step', 'cos_step', 20, 4)",0.40009818360333826,0.3753939561892157,0.3753939561892157
20250807_openhands_gpt5/django__django-15629,django__django-15629,1,4,"('step', 'cos_step', 20, 4)",0.40009818360333826,0.40127355504462114,0.40127355504462114
20250807_openhands_gpt5/django__django-15973,django__django-15973,1,4,"('step', 'cos_step', 20, 4)",0.40009818360333826,0.3849008256375131,0.3849008256375131
20250807_openhands_gpt5/django__django-16877,django__django-16877,1,4,"('step', 'cos_step', 20, 4)",0.40009818360333826,0.4236269519435796,0.4236269519435796
20250807_openhands_gpt5/matplotlib__matplotlib-20826,matplotlib__matplotlib-20826,1,4,"('step', 'cos_step', 20, 4)",0.40009818360333826,0.3753939561892157,0.3753939561892157
20250807_openhands_gpt5/matplotlib__matplotlib-23299,matplotlib__matplotlib-23299,1,4,"('step', 'cos_step', 20, 4)",0.40009818360333826,0.41908612782956634,0.41908612782956634
20250807_openhands_gpt5/matplotlib__matplotlib-24870,matplotlib__matplotlib-24870,1,4,"('step', 'cos_step', 20, 4)",0.40009818360333826,0.41908612782956634,0.41908612782956634
20250807_openhands_gpt5/psf__requests-2931,psf__requests-2931,1,4,"('step', 'cos_step', 20, 4)",0.40009818360333826,0.3849008256375131,0.3849008256375131
20250807_openhands_gpt5/pydata__xarray-4687,pydata__xarray-4687,1,4,"('step', 'cos_step', 20, 4)",0.40009818360333826,0.395227097516309,0.395227097516309
20250807_openhands_gpt5/pydata__xarray-6938,pydata__xarray-6938,1,4,"('step', 'cos_step', 20, 4)",0.40009818360333826,0.3849008256375131,0.3849008256375131
20250807_openhands_gpt5/sphinx-doc__sphinx-10614,sphinx-doc__sphinx-10614,1,4,"('step', 'cos_step', 20, 4)",0.40009818360333826,0.395227097516309,0.395227097516309
20250807_openhands_gpt5/sphinx-doc__sphinx-8265,sphinx-doc__sphinx-8265,1,4,"('step', 'cos_step', 20, 4)",0.40009818360333826,0.395227097516309,0.395227097516309
20250807_openhands_gpt5/sphinx-doc__sphinx-9591,sphinx-doc__sphinx-9591,1,4,"('step', 'cos_step', 20, 4)",0.40009818360333826,0.4063852014264437,0.4063852014264437
20250807_openhands_gpt5/sympy__sympy-14248,sympy__sympy-14248,1,4,"('step', 'cos_step', 20, 4)",0.40009818360333826,0.41269501684698606,0.41269501684698606
20250807_openhands_gpt5/sympy__sympy-18698,sympy__sympy-18698,1,4,"('step', 'cos_step', 20, 4)",0.40009818360333826,0.3849008256375131,0.3849008256375131
20250807_openhands_gpt5/sympy__sympy-21612,sympy__sympy-21612,1,4,"('step', 'cos_step', 20, 4)",0.40009818360333826,0.3753939561892157,0.3753939561892157
20250807_openhands_gpt5/django__django-11138,django__django-11138,0,4,"('step', 'cos_step', 20, 4)",0.40009818360333826,0.40127355504462087,0.40127355504462087
20250807_openhands_gpt5/django__django-11276,django__django-11276,0,4,"('step', 'cos_step', 20, 4)",0.40009818360333826,0.3849008256375131,0.3849008256375131
20250807_openhands_gpt5/django__django-11433,django__django-11433,0,4,"('step', 'cos_step', 20, 4)",0.40009818360333826,0.3753939561892157,0.3753939561892157
20250807_openhands_gpt5/django__django-11451,django__django-11451,0,4,"('step', 'cos_step', 20, 4)",0.40009818360333826,0.4063852014264437,0.4063852014264437
20250807_openhands_gpt5/django__django-11551,django__django-11551,0,4,"('step', 'cos_step', 20, 4)",0.40009818360333826,0.395227097516309,0.395227097516309
20250807_openhands_gpt5/django__django-11555,django__django-11555,0,4,"('step', 'cos_step', 20, 4)",0.40009818360333826,0.40127355504462087,0.40127355504462087
20250807_openhands_gpt5/django__django-11740,django__django-11740,0,4,"('step', 'cos_step', 20, 4)",0.40009818360333826,0.41269501684698606,0.41269501684698606
20250807_openhands_gpt5/django__django-12125,django__django-12125,0,4,"('step', 'cos_step', 20, 4)",0.40009818360333826,0.41838473136655757,0.41838473136655757
20250807_openhands_gpt5/django__django-12741,django__django-12741,0,4,"('step', 'cos_step', 20, 4)",0.40009818360333826,0.395227097516309,0.395227097516309
20250807_openhands_gpt5/django__django-12754,django__django-12754,0,4,"('step', 'cos_step', 20, 4)",0.40009818360333826,0.395227097516309,0.395227097516309
20250807_openhands_gpt5/django__django-12965,django__django-12965,0,4,"('step', 'cos_step', 20, 4)",0.40009818360333826,0.4519675364845034,0.4519675364845034
20250807_openhands_gpt5/django__django-13121,django__django-13121,0,4,"('step', 'cos_step', 20, 4)",0.40009818360333826,0.3952270975163088,0.3952270975163088
20250807_openhands_gpt5/django__django-13195,django__django-13195,0,4,"('step', 'cos_step', 20, 4)",0.40009818360333826,0.4063852014264437,0.4063852014264437
20250807_openhands_gpt5/django__django-13297,django__django-13297,0,4,"('step', 'cos_step', 20, 4)",0.40009818360333826,0.3849008256375131,0.3849008256375131
20250807_openhands_gpt5/django__django-13315,django__django-13315,0,4,"('step', 'cos_step', 20, 4)",0.40009818360333826,0.395227097516309,0.395227097516309
20250807_openhands_gpt5/django__django-13569,django__django-13569,0,4,"('step', 'cos_step', 20, 4)",0.40009818360333826,0.40127355504462114,0.40127355504462114
20250807_openhands_gpt5/django__django-13810,django__django-13810,0,4,"('step', 'cos_step', 20, 4)",0.40009818360333826,0.4063852014264437,0.4063852014264437
20250807_openhands_gpt5/django__django-13925,django__django-13925,0,4,"('step', 'cos_step', 20, 4)",0.40009818360333826,0.41269501684698606,0.41269501684698606
20250807_openhands_gpt5/django__django-14351,django__django-14351,0,4,"('step', 'cos_step', 20, 4)",0.40009818360333826,0.41269501684698606,0.41269501684698606
20250807_openhands_gpt5/django__django-14559,django__django-14559,0,4,"('step', 'cos_step', 20, 4)",0.40009818360333826,0.4316115017509244,0.4316115017509244
20250807_openhands_gpt5/django__django-14580,django__django-14580,0,4,"('step', 'cos_step', 20, 4)",0.40009818360333826,0.395227097516309,0.395227097516309
20250807_openhands_gpt5/django__django-14752,django__django-14752,0,4,"('step', 'cos_step', 20, 4)",0.40009818360333826,0.395227097516309,0.395227097516309
20250807_openhands_gpt5/django__django-15022,django__django-15022,0,4,"('step', 'cos_step', 20, 4)",0.40009818360333826,0.3849008256375131,0.3849008256375131
20250807_openhands_gpt5/django__django-15315,django__django-15315,0,4,"('step', 'cos_step', 20, 4)",0.40009818360333826,0.401273555044621,0.401273555044621
20250807_openhands_gpt5/django__django-15368,django__django-15368,0,4,"('step', 'cos_step', 20, 4)",0.40009818360333826,0.3849008256375131,0.3849008256375131
20250807_openhands_gpt5/django__django-15375,django__django-15375,0,4,"('step', 'cos_step', 20, 4)",0.40009818360333826,0.40127355504462114,0.40127355504462114
20250807_openhands_gpt5/django__django-15380,django__django-15380,0,4,"('step', 'cos_step', 20, 4)",0.40009818360333826,0.3666920610618212,0.3666920610618212
20250807_openhands_gpt5/django__django-15382,django__django-15382,0,4,"('step', 'cos_step', 20, 4)",0.40009818360333826,0.395227097516309,0.395227097516309
20250807_openhands_gpt5/django__django-15741,django__django-15741,0,4,"('step', 'cos_step', 20, 4)",0.40009818360333826,0.41838473136655757,0.41838473136655757
20250807_openhands_gpt5/django__django-16032,django__django-16032,0,4,"('step', 'cos_step', 20, 4)",0.40009818360333826,0.3849008256375131,0.3849008256375131
20250807_openhands_gpt5/django__django-16116,django__django-16116,0,4,"('step', 'cos_step', 20, 4)",0.40009818360333826,0.3849008256375131,0.3849008256375131
20250807_openhands_gpt5/django__django-16612,django__django-16612,0,4,"('step', 'cos_step', 20, 4)",0.40009818360333826,0.4316115017509244,0.4316115017509244
20250807_openhands_gpt5/django__django-7530,django__django-7530,0,4,"('step', 'cos_step', 20, 4)",0.40009818360333826,0.4316115017509244,0.4316115017509244
20250807_openhands_gpt5/matplotlib__matplotlib-23314,matplotlib__matplotlib-23314,0,4,"('step', 'cos_step', 20, 4)",0.40009818360333826,0.3952270975163088,0.3952270975163088
20250807_openhands_gpt5/matplotlib__matplotlib-24177,matplotlib__matplotlib-24177,0,4,"('step', 'cos_step', 20, 4)",0.40009818360333826,0.4063852014264437,0.4063852014264437
20250807_openhands_gpt5/matplotlib__matplotlib-24570,matplotlib__matplotlib-24570,0,4,"('step', 'cos_step', 20, 4)",0.40009818360333826,0.4063852014264437,0.4063852014264437
20250807_openhands_gpt5/matplotlib__matplotlib-25287,matplotlib__matplotlib-25287,0,4,"('step', 'cos_step', 20, 4)",0.40009818360333826,0.41269501684698606,0.41269501684698606
20250807_openhands_gpt5/psf__requests-1921,psf__requests-1921,0,4,"('step', 'cos_step', 20, 4)",0.40009818360333826,0.395227097516309,0.395227097516309
20250807_openhands_gpt5/pydata__xarray-3993,pydata__xarray-3993,0,4,"('step', 'cos_step', 20, 4)",0.40009818360333826,0.40127355504462087,0.40127355504462087
20250807_openhands_gpt5/pydata__xarray-4356,pydata__xarray-4356,0,4,"('step', 'cos_step', 20, 4)",0.40009818360333826,0.3753939561892157,0.3753939561892157
20250807_openhands_gpt5/pydata__xarray-4695,pydata__xarray-4695,0,4,"('step', 'cos_step', 20, 4)",0.40009818360333826,0.3849008256375131,0.3849008256375131
20250807_openhands_gpt5/pydata__xarray-6721,pydata__xarray-6721,0,4,"('step', 'cos_step', 20, 4)",0.40009818360333826,0.3753939561892157,0.3753939561892157
20250807_openhands_gpt5/pydata__xarray-7393,pydata__xarray-7393,0,4,"('step', 'cos_step', 20, 4)",0.40009818360333826,0.40127355504462087,0.40127355504462087
20250807_openhands_gpt5/pylint-dev__pylint-7277,pylint-dev__pylint-7277,0,4,"('step', 'cos_step', 20, 4)",0.40009818360333826,0.41269501684698606,0.41269501684698606
20250807_openhands_gpt5/pytest-dev__pytest-10051,pytest-dev__pytest-10051,0,4,"('step', 'cos_step', 20, 4)",0.40009818360333826,0.395227097516309,0.395227097516309
20250807_openhands_gpt5/pytest-dev__pytest-7432,pytest-dev__pytest-7432,0,4,"('step', 'cos_step', 20, 4)",0.40009818360333826,0.42495834998937754,0.42495834998937754
20250807_openhands_gpt5/pytest-dev__pytest-8399,pytest-dev__pytest-8399,0,4,"('step', 'cos_step', 20, 4)",0.40009818360333826,0.3849008256375131,0.3849008256375131
20250807_openhands_gpt5/sphinx-doc__sphinx-11445,sphinx-doc__sphinx-11445,0,4,"('step', 'cos_step', 20, 4)",0.40009818360333826,0.41838473136655757,0.41838473136655757
20250807_openhands_gpt5/sphinx-doc__sphinx-7440,sphinx-doc__sphinx-7440,0,4,"('step', 'cos_step', 20, 4)",0.40009818360333826,0.3753939561892157,0.3753939561892157
20250807_openhands_gpt5/sphinx-doc__sphinx-9230,sphinx-doc__sphinx-9230,0,4,"('step', 'cos_step', 20, 4)",0.40009818360333826,0.3849008256375131,0.3849008256375131
20250807_openhands_gpt5/sympy__sympy-12419,sympy__sympy-12419,0,4,"('step', 'cos_step', 20, 4)",0.40009818360333826,0.44498008301297665,0.44498008301297665
20250807_openhands_gpt5/sympy__sympy-13878,sympy__sympy-13878,0,4,"('step', 'cos_step', 20, 4)",0.40009818360333826,0.3849008256375131,0.3849008256375131
20250807_openhands_gpt5/sympy__sympy-16766,sympy__sympy-16766,0,4,"('step', 'cos_step', 20, 4)",0.40009818360333826,0.39068602866538293,0.39068602866538293
20250807_openhands_gpt5/sympy__sympy-16792,sympy__sympy-16792,0,4,"('step', 'cos_step', 20, 4)",0.40009818360333826,0.3849008256375131,0.3849008256375131
20250807_openhands_gpt5/sympy__sympy-21379,sympy__sympy-21379,0,4,"('step', 'cos_step', 20, 4)",0.40009818360333826,0.36669206106182145,0.36669206106182145
20250807_openhands_gpt5/sympy__sympy-22456,sympy__sympy-22456,0,4,"('step', 'cos_step', 20, 4)",0.40009818360333826,0.3952270975163088,0.3952270975163088
20250807_openhands_gpt5/sympy__sympy-22914,sympy__sympy-22914,0,4,"('step', 'cos_step', 20, 4)",0.40009818360333826,0.3753939561892157,0.3753939561892157
20250807_openhands_gpt5/sympy__sympy-24443,sympy__sympy-24443,0,4,"('step', 'cos_step', 20, 4)",0.40009818360333826,0.41838473136655757,0.41838473136655757
