run_id,task_id,agent_id,model_id,model_family,label,seg,n_frag_total,n_steps_total
20241029_OpenHands-CodeAct-2.1-sonnet-20241022/astropy__astropy-13033,astropy__astropy-13033,20241029_OpenHands-CodeAct-2.1-sonnet-20241022,20241029_OpenHands-CodeAct-2.1-sonnet-20241022,20241029_OpenHands-CodeAct-2.1-sonnet-20241022,1,step,15,15
20241029_OpenHands-CodeAct-2.1-sonnet-20241022/astropy__astropy-13236,astropy__astropy-13236,20241029_OpenHands-CodeAct-2.1-sonnet-20241022,20241029_OpenHands-CodeAct-2.1-sonnet-20241022,20241029_OpenHands-CodeAct-2.1-sonnet-20241022,1,step,12,12
20241029_OpenHands-CodeAct-2.1-sonnet-20241022/astropy__astropy-13398,astropy__astropy-13398,20241029_OpenHands-CodeAct-2.1-sonnet-20241022,20241029_OpenHands-CodeAct-2.1-sonnet-20241022,20241029_OpenHands-CodeAct-2.1-sonnet-20241022,1,step,12,12
20241029_OpenHands-CodeAct-2.1-sonnet-20241022/astropy__astropy-13453,astropy__astropy-13453,20241029_OpenHands-CodeAct-2.1-sonnet-20241022,20241029_OpenHands-CodeAct-2.1-sonnet-20241022,20241029_OpenHands-CodeAct-2.1-sonnet-20241022,1,step,32,32
20241029_OpenHands-CodeAct-2.1-sonnet-20241022/astropy__astropy-13977,astropy__astropy-13977,20241029_OpenHands-CodeAct-2.1-sonnet-20241022,20241029_OpenHands-CodeAct-2.1-sonnet-20241022,20241029_OpenHands-CodeAct-2.1-sonnet-20241022,1,step,32,32
20241029_OpenHands-CodeAct-2.1-sonnet-20241022/astropy__astropy-14182,astropy__astropy-14182,20241029_OpenHands-CodeAct-2.1-sonnet-20241022,20241029_OpenHands-CodeAct-2.1-sonnet-20241022,20241029_OpenHands-CodeAct-2.1-sonnet-20241022,1,step,10,10
20241029_OpenHands-CodeAct-2.1-sonnet-20241022/astropy__astropy-14365,astropy__astropy-14365,20241029_OpenHands-CodeAct-2.1-sonnet-20241022,20241029_OpenHands-CodeAct-2.1-sonnet-20241022,20241029_OpenHands-CodeAct-2.1-sonnet-20241022,1,step,15,15
20241029_OpenHands-CodeAct-2.1-sonnet-20241022/astropy__astropy-14508,astropy__astropy-14508,20241029_OpenHands-CodeAct-2.1-sonnet-20241022,20241029_OpenHands-CodeAct-2.1-sonnet-20241022,20241029_OpenHands-CodeAct-2.1-sonnet-20241022,1,step,12,12
20241029_OpenHands-CodeAct-2.1-sonnet-20241022/astropy__astropy-14539,astropy__astropy-14539,20241029_OpenHands-CodeAct-2.1-sonnet-20241022,20241029_OpenHands-CodeAct-2.1-sonnet-20241022,20241029_OpenHands-CodeAct-2.1-sonnet-20241022,1,step,17,17
20241029_OpenHands-CodeAct-2.1-sonnet-20241022/astropy__astropy-7606,astropy__astropy-7606,20241029_OpenHands-CodeAct-2.1-sonnet-20241022,20241029_OpenHands-CodeAct-2.1-sonnet-20241022,20241029_OpenHands-CodeAct-2.1-sonnet-20241022,1,step,11,11
20241029_OpenHands-CodeAct-2.1-sonnet-20241022/astropy__astropy-8707,astropy__astropy-8707,20241029_OpenHands-CodeAct-2.1-sonnet-20241022,20241029_OpenHands-CodeAct-2.1-sonnet-20241022,20241029_OpenHands-CodeAct-2.1-sonnet-20241022,1,step,12,12
20241029_OpenHands-CodeAct-2.1-sonnet-20241022/astropy__astropy-8872,astropy__astropy-8872,20241029_OpenHands-CodeAct-2.1-sonnet-20241022,20241029_OpenHands-CodeAct-2.1-sonnet-20241022,20241029_OpenHands-CodeAct-2.1-sonnet-20241022,1,step,9,9
20241029_OpenHands-CodeAct-2.1-sonnet-20241022/django__django-10097,django__django-10097,20241029_OpenHands-CodeAct-2.1-sonnet-20241022,20241029_OpenHands-CodeAct-2.1-sonnet-20241022,20241029_OpenHands-CodeAct-2.1-sonnet-20241022,1,step,99,99
20241029_OpenHands-CodeAct-2.1-sonnet-20241022/django__django-10554,django__django-10554,20241029_OpenHands-CodeAct-2.1-sonnet-20241022,20241029_OpenHands-CodeAct-2.1-sonnet-20241022,20241029_OpenHands-CodeAct-2.1-sonnet-20241022,1,step,99,99
20241029_OpenHands-CodeAct-2.1-sonnet-20241022/django__django-10999,django__django-10999,20241029_OpenHands-CodeAct-2.1-sonnet-20241022,20241029_OpenHands-CodeAct-2.1-sonnet-20241022,20241029_OpenHands-CodeAct-2.1-sonnet-20241022,1,step,8,8
20241029_OpenHands-CodeAct-2.1-sonnet-20241022/django__django-11087,django__django-11087,20241029_OpenHands-CodeAct-2.1-sonnet-20241022,20241029_OpenHands-CodeAct-2.1-sonnet-20241022,20241029_OpenHands-CodeAct-2.1-sonnet-20241022,1,step,99,99
20241029_OpenHands-CodeAct-2.1-sonnet-20241022/django__django-11138,django__django-11138,20241029_OpenHands-CodeAct-2.1-sonnet-20241022,20241029_OpenHands-CodeAct-2.1-sonnet-20241022,20241029_OpenHands-CodeAct-2.1-sonnet-20241022,1,step,18,18
20241029_OpenHands-CodeAct-2.1-sonnet-20241022/django__django-11141,django__django-11141,20241029_OpenHands-CodeAct-2.1-sonnet-20241022,20241029_OpenHands-CodeAct-2.1-sonnet-20241022,20241029_OpenHands-CodeAct-2.1-sonnet-20241022,1,step,8,8
20241029_OpenHands-CodeAct-2.1-sonnet-20241022/django__django-11149,django__django-11149,20241029_OpenHands-CodeAct-2.1-sonnet-20241022,20241029_OpenHands-CodeAct-2.1-sonnet-20241022,20241029_OpenHands-CodeAct-2.1-sonnet-20241022,1,step,99,99
20241029_OpenHands-CodeAct-2.1-sonnet-20241022/django__django-11206,django__django-11206,20241029_OpenHands-CodeAct-2.1-sonnet-20241022,20241029_OpenHands-CodeAct-2.1-sonnet-20241022,20241029_OpenHands-CodeAct-2.1-sonnet-20241022,1,step,16,16
20241029_OpenHands-CodeAct-2.1-sonnet-20241022/django__django-11239,django__django-11239,20241029_OpenHands-CodeAct-2.1-sonnet-20241022,20241029_OpenHands-CodeAct-2.1-sonnet-20241022,20241029_OpenHands-CodeAct-2.1-sonnet-20241022,1,step,12,12
20241029_OpenHands-CodeAct-2.1-sonnet-20241022/django__django-11299,django__django-11299,20241029_OpenHands-CodeAct-2.1-sonnet-20241022,20241029_OpenHands-CodeAct-2.1-sonnet-20241022,20241029_OpenHands-CodeAct-2.1-sonnet-20241022,1,step,55,55
20241029_OpenHands-CodeAct-2.1-sonnet-20241022/django__django-11400,django__django-11400,20241029_OpenHands-CodeAct-2.1-sonnet-20241022,20241029_OpenHands-CodeAct-2.1-sonnet-20241022,20241029_OpenHands-CodeAct-2.1-sonnet-20241022,1,step,28,28
20241029_OpenHands-CodeAct-2.1-sonnet-20241022/django__django-11433,django__django-11433,20241029_OpenHands-CodeAct-2.1-sonnet-20241022,20241029_OpenHands-CodeAct-2.1-sonnet-20241022,20241029_OpenHands-CodeAct-2.1-sonnet-20241022,1,step,15,15
20241029_OpenHands-CodeAct-2.1-sonnet-20241022/django__django-11477,django__django-11477,20241029_OpenHands-CodeAct-2.1-sonnet-20241022,20241029_OpenHands-CodeAct-2.1-sonnet-20241022,20241029_OpenHands-CodeAct-2.1-sonnet-20241022,1,step,20,20
20241029_OpenHands-CodeAct-2.1-sonnet-20241022/django__django-11490,django__django-11490,20241029_OpenHands-CodeAct-2.1-sonnet-20241022,20241029_OpenHands-CodeAct-2.1-sonnet-20241022,20241029_OpenHands-CodeAct-2.1-sonnet-20241022,1,step,36,36
20241029_OpenHands-CodeAct-2.1-sonnet-20241022/django__django-11555,django__django-11555,20241029_OpenHands-CodeAct-2.1-sonnet-20241022,20241029_OpenHands-CodeAct-2.1-sonnet-20241022,20241029_OpenHands-CodeAct-2.1-sonnet-20241022,1,step,36,36
20241029_OpenHands-CodeAct-2.1-sonnet-20241022/django__django-11728,django__django-11728,20241029_OpenHands-CodeAct-2.1-sonnet-20241022,20241029_OpenHands-CodeAct-2.1-sonnet-20241022,20241029_OpenHands-CodeAct-2.1-sonnet-20241022,1,step,17,17
20241029_OpenHands-CodeAct-2.1-sonnet-20241022/django__django-11734,django__django-11734,20241029_OpenHands-CodeAct-2.1-sonnet-20241022,20241029_OpenHands-CodeAct-2.1-sonnet-20241022,20241029_OpenHands-CodeAct-2.1-sonnet-20241022,1,step,99,99
20241029_OpenHands-CodeAct-2.1-sonnet-20241022/django__django-11790,django__django-11790,20241029_OpenHands-CodeAct-2.1-sonnet-20241022,20241029_OpenHands-CodeAct-2.1-sonnet-20241022,20241029_OpenHands-CodeAct-2.1-sonnet-20241022,1,step,16,16
20241029_OpenHands-CodeAct-2.1-sonnet-20241022/django__django-11820,django__django-11820,20241029_OpenHands-CodeAct-2.1-sonnet-20241022,20241029_OpenHands-CodeAct-2.1-sonnet-20241022,20241029_OpenHands-CodeAct-2.1-sonnet-20241022,1,step,55,55
20241029_OpenHands-CodeAct-2.1-sonnet-20241022/django__django-11848,django__django-11848,20241029_OpenHands-CodeAct-2.1-sonnet-20241022,20241029_OpenHands-CodeAct-2.1-sonnet-20241022,20241029_OpenHands-CodeAct-2.1-sonnet-20241022,1,step,12,12
20241029_OpenHands-CodeAct-2.1-sonnet-20241022/django__django-11885,django__django-11885,20241029_OpenHands-CodeAct-2.1-sonnet-20241022,20241029_OpenHands-CodeAct-2.1-sonnet-20241022,20241029_OpenHands-CodeAct-2.1-sonnet-20241022,1,step,99,99
20241029_OpenHands-CodeAct-2.1-sonnet-20241022/django__django-11964,django__django-11964,20241029_OpenHands-CodeAct-2.1-sonnet-20241022,20241029_OpenHands-CodeAct-2.1-sonnet-20241022,20241029_OpenHands-CodeAct-2.1-sonnet-20241022,1,step,52,52
20241029_OpenHands-CodeAct-2.1-sonnet-20241022/django__django-12039,django__django-12039,20241029_OpenHands-CodeAct-2.1-sonnet-20241022,20241029_OpenHands-CodeAct-2.1-sonnet-20241022,20241029_OpenHands-CodeAct-2.1-sonnet-20241022,1,step,15,15
20241029_OpenHands-CodeAct-2.1-sonnet-20241022/django__django-12125,django__django-12125,20241029_OpenHands-CodeAct-2.1-sonnet-20241022,20241029_OpenHands-CodeAct-2.1-sonnet-20241022,20241029_OpenHands-CodeAct-2.1-sonnet-20241022,1,step,24,24
20241029_OpenHands-CodeAct-2.1-sonnet-20241022/django__django-12262,django__django-12262,20241029_OpenHands-CodeAct-2.1-sonnet-20241022,20241029_OpenHands-CodeAct-2.1-sonnet-20241022,20241029_OpenHands-CodeAct-2.1-sonnet-20241022,1,step,35,35
20241029_OpenHands-CodeAct-2.1-sonnet-20241022/django__django-12273,django__django-12273,20241029_OpenHands-CodeAct-2.1-sonnet-20241022,20241029_OpenHands-CodeAct-2.1-sonnet-20241022,20241029_OpenHands-CodeAct-2.1-sonnet-20241022,1,step,26,26
20241029_OpenHands-CodeAct-2.1-sonnet-20241022/django__django-12308,django__django-12308,20241029_OpenHands-CodeAct-2.1-sonnet-20241022,20241029_OpenHands-CodeAct-2.1-sonnet-20241022,20241029_OpenHands-CodeAct-2.1-sonnet-20241022,1,step,55,55
20241029_OpenHands-CodeAct-2.1-sonnet-20241022/django__django-12325,django__django-12325,20241029_OpenHands-CodeAct-2.1-sonnet-20241022,20241029_OpenHands-CodeAct-2.1-sonnet-20241022,20241029_OpenHands-CodeAct-2.1-sonnet-20241022,1,step,28,28
20241029_OpenHands-CodeAct-2.1-sonnet-20241022/django__django-12406,django__django-12406,20241029_OpenHands-CodeAct-2.1-sonnet-20241022,20241029_OpenHands-CodeAct-2.1-sonnet-20241022,20241029_OpenHands-CodeAct-2.1-sonnet-20241022,1,step,43,43
20241029_OpenHands-CodeAct-2.1-sonnet-20241022/django__django-12754,django__django-12754,20241029_OpenHands-CodeAct-2.1-sonnet-20241022,20241029_OpenHands-CodeAct-2.1-sonnet-20241022,20241029_OpenHands-CodeAct-2.1-sonnet-20241022,1,step,53,53
20241029_OpenHands-CodeAct-2.1-sonnet-20241022/django__django-12774,django__django-12774,20241029_OpenHands-CodeAct-2.1-sonnet-20241022,20241029_OpenHands-CodeAct-2.1-sonnet-20241022,20241029_OpenHands-CodeAct-2.1-sonnet-20241022,1,step,20,20
20241029_OpenHands-CodeAct-2.1-sonnet-20241022/django__django-12965,django__django-12965,20241029_OpenHands-CodeAct-2.1-sonnet-20241022,20241029_OpenHands-CodeAct-2.1-sonnet-20241022,20241029_OpenHands-CodeAct-2.1-sonnet-20241022,1,step,99,99
20241029_OpenHands-CodeAct-2.1-sonnet-20241022/django__django-13012,django__django-13012,20241029_OpenHands-CodeAct-2.1-sonnet-20241022,20241029_OpenHands-CodeAct-2.1-sonnet-20241022,20241029_OpenHands-CodeAct-2.1-sonnet-20241022,1,step,41,41
20241029_OpenHands-CodeAct-2.1-sonnet-20241022/django__django-13112,django__django-13112,20241029_OpenHands-CodeAct-2.1-sonnet-20241022,20241029_OpenHands-CodeAct-2.1-sonnet-20241022,20241029_OpenHands-CodeAct-2.1-sonnet-20241022,1,step,42,42
20241029_OpenHands-CodeAct-2.1-sonnet-20241022/django__django-13121,django__django-13121,20241029_OpenHands-CodeAct-2.1-sonnet-20241022,20241029_OpenHands-CodeAct-2.1-sonnet-20241022,20241029_OpenHands-CodeAct-2.1-sonnet-20241022,1,step,26,26
20241029_OpenHands-CodeAct-2.1-sonnet-20241022/django__django-13128,django__django-13128,20241029_OpenHands-CodeAct-2.1-sonnet-20241022,20241029_OpenHands-CodeAct-2.1-sonnet-20241022,20241029_OpenHands-CodeAct-2.1-sonnet-20241022,1,step,61,61
20241029_OpenHands-CodeAct-2.1-sonnet-20241022/django__django-13195,django__django-13195,20241029_OpenHands-CodeAct-2.1-sonnet-20241022,20241029_OpenHands-CodeAct-2.1-sonnet-20241022,20241029_OpenHands-CodeAct-2.1-sonnet-20241022,1,step,12,12
20241029_OpenHands-CodeAct-2.1-sonnet-20241022/django__django-13212,django__django-13212,20241029_OpenHands-CodeAct-2.1-sonnet-20241022,20241029_OpenHands-CodeAct-2.1-sonnet-20241022,20241029_OpenHands-CodeAct-2.1-sonnet-20241022,1,step,17,17
20241029_OpenHands-CodeAct-2.1-sonnet-20241022/django__django-13297,django__django-13297,20241029_OpenHands-CodeAct-2.1-sonnet-20241022,20241029_OpenHands-CodeAct-2.1-sonnet-20241022,20241029_OpenHands-CodeAct-2.1-sonnet-20241022,1,step,17,17
20241029_OpenHands-CodeAct-2.1-sonnet-20241022/django__django-13315,django__django-13315,20241029_OpenHands-CodeAct-2.1-sonnet-20241022,20241029_OpenHands-CodeAct-2.1-sonnet-20241022,20241029_OpenHands-CodeAct-2.1-sonnet-20241022,1,step,33,33
20241029_OpenHands-CodeAct-2.1-sonnet-20241022/django__django-13344,django__django-13344,20241029_OpenHands-CodeAct-2.1-sonnet-20241022,20241029_OpenHands-CodeAct-2.1-sonnet-20241022,20241029_OpenHands-CodeAct-2.1-sonnet-20241022,1,step,52,52
20241029_OpenHands-CodeAct-2.1-sonnet-20241022/django__django-13346,django__django-13346,20241029_OpenHands-CodeAct-2.1-sonnet-20241022,20241029_OpenHands-CodeAct-2.1-sonnet-20241022,20241029_OpenHands-CodeAct-2.1-sonnet-20241022,1,step,99,99
20241029_OpenHands-CodeAct-2.1-sonnet-20241022/django__django-13449,django__django-13449,20241029_OpenHands-CodeAct-2.1-sonnet-20241022,20241029_OpenHands-CodeAct-2.1-sonnet-20241022,20241029_OpenHands-CodeAct-2.1-sonnet-20241022,1,step,33,33
20241029_OpenHands-CodeAct-2.1-sonnet-20241022/django__django-13512,django__django-13512,20241029_OpenHands-CodeAct-2.1-sonnet-20241022,20241029_OpenHands-CodeAct-2.1-sonnet-20241022,20241029_OpenHands-CodeAct-2.1-sonnet-20241022,1,step,32,32
20241029_OpenHands-CodeAct-2.1-sonnet-20241022/django__django-13513,django__django-13513,20241029_OpenHands-CodeAct-2.1-sonnet-20241022,20241029_OpenHands-CodeAct-2.1-sonnet-20241022,20241029_OpenHands-CodeAct-2.1-sonnet-20241022,1,step,10,10
20241029_OpenHands-CodeAct-2.1-sonnet-20241022/django__django-13551,django__django-13551,20241029_OpenHands-CodeAct-2.1-sonnet-20241022,20241029_OpenHands-CodeAct-2.1-sonnet-20241022,20241029_OpenHands-CodeAct-2.1-sonnet-20241022,1,step,20,20
20241029_OpenHands-CodeAct-2.1-sonnet-20241022/django__django-13568,django__django-13568,20241029_OpenHands-CodeAct-2.1-sonnet-20241022,20241029_OpenHands-CodeAct-2.1-sonnet-20241022,20241029_OpenHands-CodeAct-2.1-sonnet-20241022,1,step,44,44
20241029_OpenHands-CodeAct-2.1-sonnet-20241022/django__django-13794,django__django-13794,20241029_OpenHands-CodeAct-2.1-sonnet-20241022,20241029_OpenHands-CodeAct-2.1-sonnet-20241022,20241029_OpenHands-CodeAct-2.1-sonnet-20241022,1,step,14,14
20241029_OpenHands-CodeAct-2.1-sonnet-20241022/django__django-13807,django__django-13807,20241029_OpenHands-CodeAct-2.1-sonnet-20241022,20241029_OpenHands-CodeAct-2.1-sonnet-20241022,20241029_OpenHands-CodeAct-2.1-sonnet-20241022,1,step,38,38
20241029_OpenHands-CodeAct-2.1-sonnet-20241022/django__django-13810,django__django-13810,20241029_OpenHands-CodeAct-2.1-sonnet-20241022,20241029_OpenHands-CodeAct-2.1-sonnet-20241022,20241029_OpenHands-CodeAct-2.1-sonnet-20241022,1,step,16,16
20241029_OpenHands-CodeAct-2.1-sonnet-20241022/django__django-13837,django__django-13837,20241029_OpenHands-CodeAct-2.1-sonnet-20241022,20241029_OpenHands-CodeAct-2.1-sonnet-20241022,20241029_OpenHands-CodeAct-2.1-sonnet-20241022,1,step,21,21
20241029_OpenHands-CodeAct-2.1-sonnet-20241022/django__django-13925,django__django-13925,20241029_OpenHands-CodeAct-2.1-sonnet-20241022,20241029_OpenHands-CodeAct-2.1-sonnet-20241022,20241029_OpenHands-CodeAct-2.1-sonnet-20241022,1,step,22,22
20241029_OpenHands-CodeAct-2.1-sonnet-20241022/django__django-13964,django__django-13964,20241029_OpenHands-CodeAct-2.1-sonnet-20241022,20241029_OpenHands-CodeAct-2.1-sonnet-20241022,20241029_OpenHands-CodeAct-2.1-sonnet-20241022,1,step,98,98
20241029_OpenHands-CodeAct-2.1-sonnet-20241022/django__django-14011,django__django-14011,20241029_OpenHands-CodeAct-2.1-sonnet-20241022,20241029_OpenHands-CodeAct-2.1-sonnet-20241022,20241029_OpenHands-CodeAct-2.1-sonnet-20241022,1,step,41,41
20241029_OpenHands-CodeAct-2.1-sonnet-20241022/django__django-14034,django__django-14034,20241029_OpenHands-CodeAct-2.1-sonnet-20241022,20241029_OpenHands-CodeAct-2.1-sonnet-20241022,20241029_OpenHands-CodeAct-2.1-sonnet-20241022,1,step,15,15
20241029_OpenHands-CodeAct-2.1-sonnet-20241022/django__django-14053,django__django-14053,20241029_OpenHands-CodeAct-2.1-sonnet-20241022,20241029_OpenHands-CodeAct-2.1-sonnet-20241022,20241029_OpenHands-CodeAct-2.1-sonnet-20241022,1,step,11,11
20241029_OpenHands-CodeAct-2.1-sonnet-20241022/django__django-14140,django__django-14140,20241029_OpenHands-CodeAct-2.1-sonnet-20241022,20241029_OpenHands-CodeAct-2.1-sonnet-20241022,20241029_OpenHands-CodeAct-2.1-sonnet-20241022,1,step,10,10
20241029_OpenHands-CodeAct-2.1-sonnet-20241022/django__django-14155,django__django-14155,20241029_OpenHands-CodeAct-2.1-sonnet-20241022,20241029_OpenHands-CodeAct-2.1-sonnet-20241022,20241029_OpenHands-CodeAct-2.1-sonnet-20241022,1,step,12,12
20241029_OpenHands-CodeAct-2.1-sonnet-20241022/django__django-14170,django__django-14170,20241029_OpenHands-CodeAct-2.1-sonnet-20241022,20241029_OpenHands-CodeAct-2.1-sonnet-20241022,20241029_OpenHands-CodeAct-2.1-sonnet-20241022,1,step,23,23
20241029_OpenHands-CodeAct-2.1-sonnet-20241022/django__django-14311,django__django-14311,20241029_OpenHands-CodeAct-2.1-sonnet-20241022,20241029_OpenHands-CodeAct-2.1-sonnet-20241022,20241029_OpenHands-CodeAct-2.1-sonnet-20241022,1,step,14,14
20241029_OpenHands-CodeAct-2.1-sonnet-20241022/django__django-14315,django__django-14315,20241029_OpenHands-CodeAct-2.1-sonnet-20241022,20241029_OpenHands-CodeAct-2.1-sonnet-20241022,20241029_OpenHands-CodeAct-2.1-sonnet-20241022,1,step,10,10
20241029_OpenHands-CodeAct-2.1-sonnet-20241022/django__django-14351,django__django-14351,20241029_OpenHands-CodeAct-2.1-sonnet-20241022,20241029_OpenHands-CodeAct-2.1-sonnet-20241022,20241029_OpenHands-CodeAct-2.1-sonnet-20241022,1,step,58,58
20241029_OpenHands-CodeAct-2.1-sonnet-20241022/django__django-14376,django__django-14376,20241029_OpenHands-CodeAct-2.1-sonnet-20241022,20241029_OpenHands-CodeAct-2.1-sonnet-20241022,20241029_OpenHands-CodeAct-2.1-sonnet-20241022,1,step,14,14
20241029_OpenHands-CodeAct-2.1-sonnet-20241022/django__django-14404,django__django-14404,20241029_OpenHands-CodeAct-2.1-sonnet-20241022,20241029_OpenHands-CodeAct-2.1-sonnet-20241022,20241029_OpenHands-CodeAct-2.1-sonnet-20241022,1,step,26,26
20241029_OpenHands-CodeAct-2.1-sonnet-20241022/django__django-14500,django__django-14500,20241029_OpenHands-CodeAct-2.1-sonnet-20241022,20241029_OpenHands-CodeAct-2.1-sonnet-20241022,20241029_OpenHands-CodeAct-2.1-sonnet-20241022,1,step,99,99
20241029_OpenHands-CodeAct-2.1-sonnet-20241022/django__django-14534,django__django-14534,20241029_OpenHands-CodeAct-2.1-sonnet-20241022,20241029_OpenHands-CodeAct-2.1-sonnet-20241022,20241029_OpenHands-CodeAct-2.1-sonnet-20241022,1,step,16,16
20241029_OpenHands-CodeAct-2.1-sonnet-20241022/django__django-14559,django__django-14559,20241029_OpenHands-CodeAct-2.1-sonnet-20241022,20241029_OpenHands-CodeAct-2.1-sonnet-20241022,20241029_OpenHands-CodeAct-2.1-sonnet-20241022,1,step,13,13
20241029_OpenHands-CodeAct-2.1-sonnet-20241022/django__django-14631,django__django-14631,20241029_OpenHands-CodeAct-2.1-sonnet-20241022,20241029_OpenHands-CodeAct-2.1-sonnet-20241022,20241029_OpenHands-CodeAct-2.1-sonnet-20241022,1,step,99,99
20241029_OpenHands-CodeAct-2.1-sonnet-20241022/django__django-14725,django__django-14725,20241029_OpenHands-CodeAct-2.1-sonnet-20241022,20241029_OpenHands-CodeAct-2.1-sonnet-20241022,20241029_OpenHands-CodeAct-2.1-sonnet-20241022,1,step,25,25
20241029_OpenHands-CodeAct-2.1-sonnet-20241022/django__django-14771,django__django-14771,20241029_OpenHands-CodeAct-2.1-sonnet-20241022,20241029_OpenHands-CodeAct-2.1-sonnet-20241022,20241029_OpenHands-CodeAct-2.1-sonnet-20241022,1,step,53,53
20241029_OpenHands-CodeAct-2.1-sonnet-20241022/django__django-14792,django__django-14792,20241029_OpenHands-CodeAct-2.1-sonnet-20241022,20241029_OpenHands-CodeAct-2.1-sonnet-20241022,20241029_OpenHands-CodeAct-2.1-sonnet-20241022,1,step,11,11
20241029_OpenHands-CodeAct-2.1-sonnet-20241022/django__django-15037,django__django-15037,20241029_OpenHands-CodeAct-2.1-sonnet-20241022,20241029_OpenHands-CodeAct-2.1-sonnet-20241022,20241029_OpenHands-CodeAct-2.1-sonnet-20241022,1,step,26,26
20241029_OpenHands-CodeAct-2.1-sonnet-20241022/django__django-15098,django__django-15098,20241029_OpenHands-CodeAct-2.1-sonnet-20241022,20241029_OpenHands-CodeAct-2.1-sonnet-20241022,20241029_OpenHands-CodeAct-2.1-sonnet-20241022,1,step,22,22
20241029_OpenHands-CodeAct-2.1-sonnet-20241022/django__django-15127,django__django-15127,20241029_OpenHands-CodeAct-2.1-sonnet-20241022,20241029_OpenHands-CodeAct-2.1-sonnet-20241022,20241029_OpenHands-CodeAct-2.1-sonnet-20241022,1,step,13,13
20241029_OpenHands-CodeAct-2.1-sonnet-20241022/django__django-15161,django__django-15161,20241029_OpenHands-CodeAct-2.1-sonnet-20241022,20241029_OpenHands-CodeAct-2.1-sonnet-20241022,20241029_OpenHands-CodeAct-2.1-sonnet-20241022,1,step,14,14
20241029_OpenHands-CodeAct-2.1-sonnet-20241022/django__django-15252,django__django-15252,20241029_OpenHands-CodeAct-2.1-sonnet-20241022,20241029_OpenHands-CodeAct-2.1-sonnet-20241022,20241029_OpenHands-CodeAct-2.1-sonnet-20241022,1,step,22,22
20241029_OpenHands-CodeAct-2.1-sonnet-20241022/django__django-15280,django__django-15280,20241029_OpenHands-CodeAct-2.1-sonnet-20241022,20241029_OpenHands-CodeAct-2.1-sonnet-20241022,20241029_OpenHands-CodeAct-2.1-sonnet-20241022,1,step,98,98
20241029_OpenHands-CodeAct-2.1-sonnet-20241022/django__django-15375,django__django-15375,20241029_OpenHands-CodeAct-2.1-sonnet-20241022,20241029_OpenHands-CodeAct-2.1-sonnet-20241022,20241029_OpenHands-CodeAct-2.1-sonnet-20241022,1,step,99,99
20241029_OpenHands-CodeAct-2.1-sonnet-20241022/django__django-15380,django__django-15380,20241029_OpenHands-CodeAct-2.1-sonnet-20241022,20241029_OpenHands-CodeAct-2.1-sonnet-20241022,20241029_OpenHands-CodeAct-2.1-sonnet-20241022,1,step,99,99
20241029_OpenHands-CodeAct-2.1-sonnet-20241022/django__django-15503,django__django-15503,20241029_OpenHands-CodeAct-2.1-sonnet-20241022,20241029_OpenHands-CodeAct-2.1-sonnet-20241022,20241029_OpenHands-CodeAct-2.1-sonnet-20241022,1,step,30,30
20241029_OpenHands-CodeAct-2.1-sonnet-20241022/django__django-15554,django__django-15554,20241029_OpenHands-CodeAct-2.1-sonnet-20241022,20241029_OpenHands-CodeAct-2.1-sonnet-20241022,20241029_OpenHands-CodeAct-2.1-sonnet-20241022,1,step,84,84
20241029_OpenHands-CodeAct-2.1-sonnet-20241022/django__django-15563,django__django-15563,20241029_OpenHands-CodeAct-2.1-sonnet-20241022,20241029_OpenHands-CodeAct-2.1-sonnet-20241022,20241029_OpenHands-CodeAct-2.1-sonnet-20241022,1,step,28,28
20241029_OpenHands-CodeAct-2.1-sonnet-20241022/django__django-15629,django__django-15629,20241029_OpenHands-CodeAct-2.1-sonnet-20241022,20241029_OpenHands-CodeAct-2.1-sonnet-20241022,20241029_OpenHands-CodeAct-2.1-sonnet-20241022,1,step,42,42
20241029_OpenHands-CodeAct-2.1-sonnet-20241022/django__django-15695,django__django-15695,20241029_OpenHands-CodeAct-2.1-sonnet-20241022,20241029_OpenHands-CodeAct-2.1-sonnet-20241022,20241029_OpenHands-CodeAct-2.1-sonnet-20241022,1,step,27,27
20241029_OpenHands-CodeAct-2.1-sonnet-20241022/django__django-15732,django__django-15732,20241029_OpenHands-CodeAct-2.1-sonnet-20241022,20241029_OpenHands-CodeAct-2.1-sonnet-20241022,20241029_OpenHands-CodeAct-2.1-sonnet-20241022,1,step,99,99
20241029_OpenHands-CodeAct-2.1-sonnet-20241022/django__django-15741,django__django-15741,20241029_OpenHands-CodeAct-2.1-sonnet-20241022,20241029_OpenHands-CodeAct-2.1-sonnet-20241022,20241029_OpenHands-CodeAct-2.1-sonnet-20241022,1,step,14,14
20241029_OpenHands-CodeAct-2.1-sonnet-20241022/django__django-15863,django__django-15863,20241029_OpenHands-CodeAct-2.1-sonnet-20241022,20241029_OpenHands-CodeAct-2.1-sonnet-20241022,20241029_OpenHands-CodeAct-2.1-sonnet-20241022,1,step,14,14
20241029_OpenHands-CodeAct-2.1-sonnet-20241022/django__django-15930,django__django-15930,20241029_OpenHands-CodeAct-2.1-sonnet-20241022,20241029_OpenHands-CodeAct-2.1-sonnet-20241022,20241029_OpenHands-CodeAct-2.1-sonnet-20241022,1,step,89,89
20241029_OpenHands-CodeAct-2.1-sonnet-20241022/django__django-15957,django__django-15957,20241029_OpenHands-CodeAct-2.1-sonnet-20241022,20241029_OpenHands-CodeAct-2.1-sonnet-20241022,20241029_OpenHands-CodeAct-2.1-sonnet-20241022,1,step,36,36
20241029_OpenHands-CodeAct-2.1-sonnet-20241022/django__django-15973,django__django-15973,20241029_OpenHands-CodeAct-2.1-sonnet-20241022,20241029_OpenHands-CodeAct-2.1-sonnet-20241022,20241029_OpenHands-CodeAct-2.1-sonnet-20241022,1,step,36,36
20241029_OpenHands-CodeAct-2.1-sonnet-20241022/django__django-16256,django__django-16256,20241029_OpenHands-CodeAct-2.1-sonnet-20241022,20241029_OpenHands-CodeAct-2.1-sonnet-20241022,20241029_OpenHands-CodeAct-2.1-sonnet-20241022,1,step,99,99
20241029_OpenHands-CodeAct-2.1-sonnet-20241022/django__django-16263,django__django-16263,20241029_OpenHands-CodeAct-2.1-sonnet-20241022,20241029_OpenHands-CodeAct-2.1-sonnet-20241022,20241029_OpenHands-CodeAct-2.1-sonnet-20241022,1,step,66,66
20241029_OpenHands-CodeAct-2.1-sonnet-20241022/django__django-16315,django__django-16315,20241029_OpenHands-CodeAct-2.1-sonnet-20241022,20241029_OpenHands-CodeAct-2.1-sonnet-20241022,20241029_OpenHands-CodeAct-2.1-sonnet-20241022,1,step,18,18
20241029_OpenHands-CodeAct-2.1-sonnet-20241022/django__django-16454,django__django-16454,20241029_OpenHands-CodeAct-2.1-sonnet-20241022,20241029_OpenHands-CodeAct-2.1-sonnet-20241022,20241029_OpenHands-CodeAct-2.1-sonnet-20241022,1,step,12,12
20241029_OpenHands-CodeAct-2.1-sonnet-20241022/django__django-16502,django__django-16502,20241029_OpenHands-CodeAct-2.1-sonnet-20241022,20241029_OpenHands-CodeAct-2.1-sonnet-20241022,20241029_OpenHands-CodeAct-2.1-sonnet-20241022,1,step,25,25
20241029_OpenHands-CodeAct-2.1-sonnet-20241022/django__django-16560,django__django-16560,20241029_OpenHands-CodeAct-2.1-sonnet-20241022,20241029_OpenHands-CodeAct-2.1-sonnet-20241022,20241029_OpenHands-CodeAct-2.1-sonnet-20241022,1,step,30,30
20241029_OpenHands-CodeAct-2.1-sonnet-20241022/django__django-16631,django__django-16631,20241029_OpenHands-CodeAct-2.1-sonnet-20241022,20241029_OpenHands-CodeAct-2.1-sonnet-20241022,20241029_OpenHands-CodeAct-2.1-sonnet-20241022,1,step,19,19
20241029_OpenHands-CodeAct-2.1-sonnet-20241022/django__django-16642,django__django-16642,20241029_OpenHands-CodeAct-2.1-sonnet-20241022,20241029_OpenHands-CodeAct-2.1-sonnet-20241022,20241029_OpenHands-CodeAct-2.1-sonnet-20241022,1,step,21,21
20241029_OpenHands-CodeAct-2.1-sonnet-20241022/django__django-16667,django__django-16667,20241029_OpenHands-CodeAct-2.1-sonnet-20241022,20241029_OpenHands-CodeAct-2.1-sonnet-20241022,20241029_OpenHands-CodeAct-2.1-sonnet-20241022,1,step,16,16
20241029_OpenHands-CodeAct-2.1-sonnet-20241022/django__django-16877,django__django-16877,20241029_OpenHands-CodeAct-2.1-sonnet-20241022,20241029_OpenHands-CodeAct-2.1-sonnet-20241022,20241029_OpenHands-CodeAct-2.1-sonnet-20241022,1,step,12,12
20241029_OpenHands-CodeAct-2.1-sonnet-20241022/django__django-16938,django__django-16938,20241029_OpenHands-CodeAct-2.1-sonnet-20241022,20241029_OpenHands-CodeAct-2.1-sonnet-20241022,20241029_OpenHands-CodeAct-2.1-sonnet-20241022,1,step,57,57
20241029_OpenHands-CodeAct-2.1-sonnet-20241022/django__django-16950,django__django-16950,20241029_OpenHands-CodeAct-2.1-sonnet-20241022,20241029_OpenHands-CodeAct-2.1-sonnet-20241022,20241029_OpenHands-CodeAct-2.1-sonnet-20241022,1,step,51,51
20241029_OpenHands-CodeAct-2.1-sonnet-20241022/django__django-17084,django__django-17084,20241029_OpenHands-CodeAct-2.1-sonnet-20241022,20241029_OpenHands-CodeAct-2.1-sonnet-20241022,20241029_OpenHands-CodeAct-2.1-sonnet-20241022,1,step,59,59
20241029_OpenHands-CodeAct-2.1-sonnet-20241022/matplotlib__matplotlib-14623,matplotlib__matplotlib-14623,20241029_OpenHands-CodeAct-2.1-sonnet-20241022,20241029_OpenHands-CodeAct-2.1-sonnet-20241022,20241029_OpenHands-CodeAct-2.1-sonnet-20241022,1,step,14,14
20241029_OpenHands-CodeAct-2.1-sonnet-20241022/matplotlib__matplotlib-20488,matplotlib__matplotlib-20488,20241029_OpenHands-CodeAct-2.1-sonnet-20241022,20241029_OpenHands-CodeAct-2.1-sonnet-20241022,20241029_OpenHands-CodeAct-2.1-sonnet-20241022,1,step,40,40
20241029_OpenHands-CodeAct-2.1-sonnet-20241022/matplotlib__matplotlib-20676,matplotlib__matplotlib-20676,20241029_OpenHands-CodeAct-2.1-sonnet-20241022,20241029_OpenHands-CodeAct-2.1-sonnet-20241022,20241029_OpenHands-CodeAct-2.1-sonnet-20241022,1,step,18,18
20241029_OpenHands-CodeAct-2.1-sonnet-20241022/matplotlib__matplotlib-20826,matplotlib__matplotlib-20826,20241029_OpenHands-CodeAct-2.1-sonnet-20241022,20241029_OpenHands-CodeAct-2.1-sonnet-20241022,20241029_OpenHands-CodeAct-2.1-sonnet-20241022,1,step,19,19
20241029_OpenHands-CodeAct-2.1-sonnet-20241022/matplotlib__matplotlib-21568,matplotlib__matplotlib-21568,20241029_OpenHands-CodeAct-2.1-sonnet-20241022,20241029_OpenHands-CodeAct-2.1-sonnet-20241022,20241029_OpenHands-CodeAct-2.1-sonnet-20241022,1,step,22,22
20241029_OpenHands-CodeAct-2.1-sonnet-20241022/matplotlib__matplotlib-22871,matplotlib__matplotlib-22871,20241029_OpenHands-CodeAct-2.1-sonnet-20241022,20241029_OpenHands-CodeAct-2.1-sonnet-20241022,20241029_OpenHands-CodeAct-2.1-sonnet-20241022,1,step,11,11
20241029_OpenHands-CodeAct-2.1-sonnet-20241022/matplotlib__matplotlib-23299,matplotlib__matplotlib-23299,20241029_OpenHands-CodeAct-2.1-sonnet-20241022,20241029_OpenHands-CodeAct-2.1-sonnet-20241022,20241029_OpenHands-CodeAct-2.1-sonnet-20241022,1,step,24,24
20241029_OpenHands-CodeAct-2.1-sonnet-20241022/matplotlib__matplotlib-23476,matplotlib__matplotlib-23476,20241029_OpenHands-CodeAct-2.1-sonnet-20241022,20241029_OpenHands-CodeAct-2.1-sonnet-20241022,20241029_OpenHands-CodeAct-2.1-sonnet-20241022,1,step,21,21
20241029_OpenHands-CodeAct-2.1-sonnet-20241022/matplotlib__matplotlib-24177,matplotlib__matplotlib-24177,20241029_OpenHands-CodeAct-2.1-sonnet-20241022,20241029_OpenHands-CodeAct-2.1-sonnet-20241022,20241029_OpenHands-CodeAct-2.1-sonnet-20241022,1,step,12,12
20241029_OpenHands-CodeAct-2.1-sonnet-20241022/matplotlib__matplotlib-24637,matplotlib__matplotlib-24637,20241029_OpenHands-CodeAct-2.1-sonnet-20241022,20241029_OpenHands-CodeAct-2.1-sonnet-20241022,20241029_OpenHands-CodeAct-2.1-sonnet-20241022,1,step,22,22
20241029_OpenHands-CodeAct-2.1-sonnet-20241022/matplotlib__matplotlib-24870,matplotlib__matplotlib-24870,20241029_OpenHands-CodeAct-2.1-sonnet-20241022,20241029_OpenHands-CodeAct-2.1-sonnet-20241022,20241029_OpenHands-CodeAct-2.1-sonnet-20241022,1,step,30,30
20241029_OpenHands-CodeAct-2.1-sonnet-20241022/matplotlib__matplotlib-25311,matplotlib__matplotlib-25311,20241029_OpenHands-CodeAct-2.1-sonnet-20241022,20241029_OpenHands-CodeAct-2.1-sonnet-20241022,20241029_OpenHands-CodeAct-2.1-sonnet-20241022,1,step,15,15
20241029_OpenHands-CodeAct-2.1-sonnet-20241022/matplotlib__matplotlib-25479,matplotlib__matplotlib-25479,20241029_OpenHands-CodeAct-2.1-sonnet-20241022,20241029_OpenHands-CodeAct-2.1-sonnet-20241022,20241029_OpenHands-CodeAct-2.1-sonnet-20241022,1,step,15,15
20241029_OpenHands-CodeAct-2.1-sonnet-20241022/matplotlib__matplotlib-25960,matplotlib__matplotlib-25960,20241029_OpenHands-CodeAct-2.1-sonnet-20241022,20241029_OpenHands-CodeAct-2.1-sonnet-20241022,20241029_OpenHands-CodeAct-2.1-sonnet-20241022,1,step,20,20
20241029_OpenHands-CodeAct-2.1-sonnet-20241022/matplotlib__matplotlib-26208,matplotlib__matplotlib-26208,20241029_OpenHands-CodeAct-2.1-sonnet-20241022,20241029_OpenHands-CodeAct-2.1-sonnet-20241022,20241029_OpenHands-CodeAct-2.1-sonnet-20241022,1,step,99,99
20241029_OpenHands-CodeAct-2.1-sonnet-20241022/matplotlib__matplotlib-26342,matplotlib__matplotlib-26342,20241029_OpenHands-CodeAct-2.1-sonnet-20241022,20241029_OpenHands-CodeAct-2.1-sonnet-20241022,20241029_OpenHands-CodeAct-2.1-sonnet-20241022,1,step,16,16
20241029_OpenHands-CodeAct-2.1-sonnet-20241022/matplotlib__matplotlib-26466,matplotlib__matplotlib-26466,20241029_OpenHands-CodeAct-2.1-sonnet-20241022,20241029_OpenHands-CodeAct-2.1-sonnet-20241022,20241029_OpenHands-CodeAct-2.1-sonnet-20241022,1,step,18,18
20241029_OpenHands-CodeAct-2.1-sonnet-20241022/mwaskom__seaborn-3069,mwaskom__seaborn-3069,20241029_OpenHands-CodeAct-2.1-sonnet-20241022,20241029_OpenHands-CodeAct-2.1-sonnet-20241022,20241029_OpenHands-CodeAct-2.1-sonnet-20241022,1,step,21,21
20241029_OpenHands-CodeAct-2.1-sonnet-20241022/mwaskom__seaborn-3187,mwaskom__seaborn-3187,20241029_OpenHands-CodeAct-2.1-sonnet-20241022,20241029_OpenHands-CodeAct-2.1-sonnet-20241022,20241029_OpenHands-CodeAct-2.1-sonnet-20241022,1,step,14,14
20241029_OpenHands-CodeAct-2.1-sonnet-20241022/psf__requests-1724,psf__requests-1724,20241029_OpenHands-CodeAct-2.1-sonnet-20241022,20241029_OpenHands-CodeAct-2.1-sonnet-20241022,20241029_OpenHands-CodeAct-2.1-sonnet-20241022,1,step,36,36
20241029_OpenHands-CodeAct-2.1-sonnet-20241022/psf__requests-1921,psf__requests-1921,20241029_OpenHands-CodeAct-2.1-sonnet-20241022,20241029_OpenHands-CodeAct-2.1-sonnet-20241022,20241029_OpenHands-CodeAct-2.1-sonnet-20241022,1,step,11,11
20241029_OpenHands-CodeAct-2.1-sonnet-20241022/psf__requests-2931,psf__requests-2931,20241029_OpenHands-CodeAct-2.1-sonnet-20241022,20241029_OpenHands-CodeAct-2.1-sonnet-20241022,20241029_OpenHands-CodeAct-2.1-sonnet-20241022,1,step,13,13
20241029_OpenHands-CodeAct-2.1-sonnet-20241022/psf__requests-6028,psf__requests-6028,20241029_OpenHands-CodeAct-2.1-sonnet-20241022,20241029_OpenHands-CodeAct-2.1-sonnet-20241022,20241029_OpenHands-CodeAct-2.1-sonnet-20241022,1,step,16,16
20241029_OpenHands-CodeAct-2.1-sonnet-20241022/pydata__xarray-2905,pydata__xarray-2905,20241029_OpenHands-CodeAct-2.1-sonnet-20241022,20241029_OpenHands-CodeAct-2.1-sonnet-20241022,20241029_OpenHands-CodeAct-2.1-sonnet-20241022,1,step,24,24
20241029_OpenHands-CodeAct-2.1-sonnet-20241022/pydata__xarray-3095,pydata__xarray-3095,20241029_OpenHands-CodeAct-2.1-sonnet-20241022,20241029_OpenHands-CodeAct-2.1-sonnet-20241022,20241029_OpenHands-CodeAct-2.1-sonnet-20241022,1,step,99,99
20241029_OpenHands-CodeAct-2.1-sonnet-20241022/pydata__xarray-4687,pydata__xarray-4687,20241029_OpenHands-CodeAct-2.1-sonnet-20241022,20241029_OpenHands-CodeAct-2.1-sonnet-20241022,20241029_OpenHands-CodeAct-2.1-sonnet-20241022,1,step,82,82
20241029_OpenHands-CodeAct-2.1-sonnet-20241022/pydata__xarray-4695,pydata__xarray-4695,20241029_OpenHands-CodeAct-2.1-sonnet-20241022,20241029_OpenHands-CodeAct-2.1-sonnet-20241022,20241029_OpenHands-CodeAct-2.1-sonnet-20241022,1,step,33,33
20241029_OpenHands-CodeAct-2.1-sonnet-20241022/pydata__xarray-4966,pydata__xarray-4966,20241029_OpenHands-CodeAct-2.1-sonnet-20241022,20241029_OpenHands-CodeAct-2.1-sonnet-20241022,20241029_OpenHands-CodeAct-2.1-sonnet-20241022,1,step,13,13
20241029_OpenHands-CodeAct-2.1-sonnet-20241022/pydata__xarray-6599,pydata__xarray-6599,20241029_OpenHands-CodeAct-2.1-sonnet-20241022,20241029_OpenHands-CodeAct-2.1-sonnet-20241022,20241029_OpenHands-CodeAct-2.1-sonnet-20241022,1,step,73,73
20241029_OpenHands-CodeAct-2.1-sonnet-20241022/pydata__xarray-6938,pydata__xarray-6938,20241029_OpenHands-CodeAct-2.1-sonnet-20241022,20241029_OpenHands-CodeAct-2.1-sonnet-20241022,20241029_OpenHands-CodeAct-2.1-sonnet-20241022,1,step,17,17
20241029_OpenHands-CodeAct-2.1-sonnet-20241022/pydata__xarray-6992,pydata__xarray-6992,20241029_OpenHands-CodeAct-2.1-sonnet-20241022,20241029_OpenHands-CodeAct-2.1-sonnet-20241022,20241029_OpenHands-CodeAct-2.1-sonnet-20241022,1,step,8,8
20241029_OpenHands-CodeAct-2.1-sonnet-20241022/pydata__xarray-7229,pydata__xarray-7229,20241029_OpenHands-CodeAct-2.1-sonnet-20241022,20241029_OpenHands-CodeAct-2.1-sonnet-20241022,20241029_OpenHands-CodeAct-2.1-sonnet-20241022,1,step,41,41
20241029_OpenHands-CodeAct-2.1-sonnet-20241022/pydata__xarray-7393,pydata__xarray-7393,20241029_OpenHands-CodeAct-2.1-sonnet-20241022,20241029_OpenHands-CodeAct-2.1-sonnet-20241022,20241029_OpenHands-CodeAct-2.1-sonnet-20241022,1,step,99,99
20241029_OpenHands-CodeAct-2.1-sonnet-20241022/pylint-dev__pylint-4551,pylint-dev__pylint-4551,20241029_OpenHands-CodeAct-2.1-sonnet-20241022,20241029_OpenHands-CodeAct-2.1-sonnet-20241022,20241029_OpenHands-CodeAct-2.1-sonnet-20241022,1,step,40,40
20241029_OpenHands-CodeAct-2.1-sonnet-20241022/pylint-dev__pylint-4604,pylint-dev__pylint-4604,20241029_OpenHands-CodeAct-2.1-sonnet-20241022,20241029_OpenHands-CodeAct-2.1-sonnet-20241022,20241029_OpenHands-CodeAct-2.1-sonnet-20241022,1,step,32,32
20241029_OpenHands-CodeAct-2.1-sonnet-20241022/pylint-dev__pylint-4661,pylint-dev__pylint-4661,20241029_OpenHands-CodeAct-2.1-sonnet-20241022,20241029_OpenHands-CodeAct-2.1-sonnet-20241022,20241029_OpenHands-CodeAct-2.1-sonnet-20241022,1,step,15,15
20241029_OpenHands-CodeAct-2.1-sonnet-20241022/pylint-dev__pylint-4970,pylint-dev__pylint-4970,20241029_OpenHands-CodeAct-2.1-sonnet-20241022,20241029_OpenHands-CodeAct-2.1-sonnet-20241022,20241029_OpenHands-CodeAct-2.1-sonnet-20241022,1,step,17,17
20241029_OpenHands-CodeAct-2.1-sonnet-20241022/pylint-dev__pylint-6386,pylint-dev__pylint-6386,20241029_OpenHands-CodeAct-2.1-sonnet-20241022,20241029_OpenHands-CodeAct-2.1-sonnet-20241022,20241029_OpenHands-CodeAct-2.1-sonnet-20241022,1,step,21,21
20241029_OpenHands-CodeAct-2.1-sonnet-20241022/pylint-dev__pylint-7080,pylint-dev__pylint-7080,20241029_OpenHands-CodeAct-2.1-sonnet-20241022,20241029_OpenHands-CodeAct-2.1-sonnet-20241022,20241029_OpenHands-CodeAct-2.1-sonnet-20241022,1,step,27,27
20241029_OpenHands-CodeAct-2.1-sonnet-20241022/pylint-dev__pylint-8898,pylint-dev__pylint-8898,20241029_OpenHands-CodeAct-2.1-sonnet-20241022,20241029_OpenHands-CodeAct-2.1-sonnet-20241022,20241029_OpenHands-CodeAct-2.1-sonnet-20241022,1,step,23,23
20241029_OpenHands-CodeAct-2.1-sonnet-20241022/pytest-dev__pytest-10051,pytest-dev__pytest-10051,20241029_OpenHands-CodeAct-2.1-sonnet-20241022,20241029_OpenHands-CodeAct-2.1-sonnet-20241022,20241029_OpenHands-CodeAct-2.1-sonnet-20241022,1,step,12,12
20241029_OpenHands-CodeAct-2.1-sonnet-20241022/pytest-dev__pytest-10356,pytest-dev__pytest-10356,20241029_OpenHands-CodeAct-2.1-sonnet-20241022,20241029_OpenHands-CodeAct-2.1-sonnet-20241022,20241029_OpenHands-CodeAct-2.1-sonnet-20241022,1,step,28,28
20241029_OpenHands-CodeAct-2.1-sonnet-20241022/pytest-dev__pytest-5262,pytest-dev__pytest-5262,20241029_OpenHands-CodeAct-2.1-sonnet-20241022,20241029_OpenHands-CodeAct-2.1-sonnet-20241022,20241029_OpenHands-CodeAct-2.1-sonnet-20241022,1,step,11,11
20241029_OpenHands-CodeAct-2.1-sonnet-20241022/pytest-dev__pytest-5631,pytest-dev__pytest-5631,20241029_OpenHands-CodeAct-2.1-sonnet-20241022,20241029_OpenHands-CodeAct-2.1-sonnet-20241022,20241029_OpenHands-CodeAct-2.1-sonnet-20241022,1,step,16,16
20241029_OpenHands-CodeAct-2.1-sonnet-20241022/pytest-dev__pytest-5787,pytest-dev__pytest-5787,20241029_OpenHands-CodeAct-2.1-sonnet-20241022,20241029_OpenHands-CodeAct-2.1-sonnet-20241022,20241029_OpenHands-CodeAct-2.1-sonnet-20241022,1,step,74,74
20241029_OpenHands-CodeAct-2.1-sonnet-20241022/pytest-dev__pytest-5840,pytest-dev__pytest-5840,20241029_OpenHands-CodeAct-2.1-sonnet-20241022,20241029_OpenHands-CodeAct-2.1-sonnet-20241022,20241029_OpenHands-CodeAct-2.1-sonnet-20241022,1,step,22,22
20241029_OpenHands-CodeAct-2.1-sonnet-20241022/pytest-dev__pytest-6197,pytest-dev__pytest-6197,20241029_OpenHands-CodeAct-2.1-sonnet-20241022,20241029_OpenHands-CodeAct-2.1-sonnet-20241022,20241029_OpenHands-CodeAct-2.1-sonnet-20241022,1,step,99,99
20241029_OpenHands-CodeAct-2.1-sonnet-20241022/pytest-dev__pytest-7236,pytest-dev__pytest-7236,20241029_OpenHands-CodeAct-2.1-sonnet-20241022,20241029_OpenHands-CodeAct-2.1-sonnet-20241022,20241029_OpenHands-CodeAct-2.1-sonnet-20241022,1,step,41,41
20241029_OpenHands-CodeAct-2.1-sonnet-20241022/pytest-dev__pytest-7324,pytest-dev__pytest-7324,20241029_OpenHands-CodeAct-2.1-sonnet-20241022,20241029_OpenHands-CodeAct-2.1-sonnet-20241022,20241029_OpenHands-CodeAct-2.1-sonnet-20241022,1,step,14,14
20241029_OpenHands-CodeAct-2.1-sonnet-20241022/pytest-dev__pytest-7490,pytest-dev__pytest-7490,20241029_OpenHands-CodeAct-2.1-sonnet-20241022,20241029_OpenHands-CodeAct-2.1-sonnet-20241022,20241029_OpenHands-CodeAct-2.1-sonnet-20241022,1,step,19,19
20241029_OpenHands-CodeAct-2.1-sonnet-20241022/scikit-learn__scikit-learn-10908,scikit-learn__scikit-learn-10908,20241029_OpenHands-CodeAct-2.1-sonnet-20241022,20241029_OpenHands-CodeAct-2.1-sonnet-20241022,20241029_OpenHands-CodeAct-2.1-sonnet-20241022,1,step,12,12
20241029_OpenHands-CodeAct-2.1-sonnet-20241022/scikit-learn__scikit-learn-12682,scikit-learn__scikit-learn-12682,20241029_OpenHands-CodeAct-2.1-sonnet-20241022,20241029_OpenHands-CodeAct-2.1-sonnet-20241022,20241029_OpenHands-CodeAct-2.1-sonnet-20241022,1,step,15,15
20241029_OpenHands-CodeAct-2.1-sonnet-20241022/scikit-learn__scikit-learn-12973,scikit-learn__scikit-learn-12973,20241029_OpenHands-CodeAct-2.1-sonnet-20241022,20241029_OpenHands-CodeAct-2.1-sonnet-20241022,20241029_OpenHands-CodeAct-2.1-sonnet-20241022,1,step,9,9
20241029_OpenHands-CodeAct-2.1-sonnet-20241022/scikit-learn__scikit-learn-13124,scikit-learn__scikit-learn-13124,20241029_OpenHands-CodeAct-2.1-sonnet-20241022,20241029_OpenHands-CodeAct-2.1-sonnet-20241022,20241029_OpenHands-CodeAct-2.1-sonnet-20241022,1,step,8,8
20241029_OpenHands-CodeAct-2.1-sonnet-20241022/scikit-learn__scikit-learn-14629,scikit-learn__scikit-learn-14629,20241029_OpenHands-CodeAct-2.1-sonnet-20241022,20241029_OpenHands-CodeAct-2.1-sonnet-20241022,20241029_OpenHands-CodeAct-2.1-sonnet-20241022,1,step,9,9
20241029_OpenHands-CodeAct-2.1-sonnet-20241022/scikit-learn__scikit-learn-14983,scikit-learn__scikit-learn-14983,20241029_OpenHands-CodeAct-2.1-sonnet-20241022,20241029_OpenHands-CodeAct-2.1-sonnet-20241022,20241029_OpenHands-CodeAct-2.1-sonnet-20241022,1,step,22,22
20241029_OpenHands-CodeAct-2.1-sonnet-20241022/scikit-learn__scikit-learn-25747,scikit-learn__scikit-learn-25747,20241029_OpenHands-CodeAct-2.1-sonnet-20241022,20241029_OpenHands-CodeAct-2.1-sonnet-20241022,20241029_OpenHands-CodeAct-2.1-sonnet-20241022,1,step,10,10
20241029_OpenHands-CodeAct-2.1-sonnet-20241022/scikit-learn__scikit-learn-25973,scikit-learn__scikit-learn-25973,20241029_OpenHands-CodeAct-2.1-sonnet-20241022,20241029_OpenHands-CodeAct-2.1-sonnet-20241022,20241029_OpenHands-CodeAct-2.1-sonnet-20241022,1,step,17,17
20241029_OpenHands-CodeAct-2.1-sonnet-20241022/scikit-learn__scikit-learn-26194,scikit-learn__scikit-learn-26194,20241029_OpenHands-CodeAct-2.1-sonnet-20241022,20241029_OpenHands-CodeAct-2.1-sonnet-20241022,20241029_OpenHands-CodeAct-2.1-sonnet-20241022,1,step,14,14
20241029_OpenHands-CodeAct-2.1-sonnet-20241022/sphinx-doc__sphinx-10323,sphinx-doc__sphinx-10323,20241029_OpenHands-CodeAct-2.1-sonnet-20241022,20241029_OpenHands-CodeAct-2.1-sonnet-20241022,20241029_OpenHands-CodeAct-2.1-sonnet-20241022,1,step,36,36
20241029_OpenHands-CodeAct-2.1-sonnet-20241022/sphinx-doc__sphinx-10435,sphinx-doc__sphinx-10435,20241029_OpenHands-CodeAct-2.1-sonnet-20241022,20241029_OpenHands-CodeAct-2.1-sonnet-20241022,20241029_OpenHands-CodeAct-2.1-sonnet-20241022,1,step,38,38
20241029_OpenHands-CodeAct-2.1-sonnet-20241022/sphinx-doc__sphinx-10614,sphinx-doc__sphinx-10614,20241029_OpenHands-CodeAct-2.1-sonnet-20241022,20241029_OpenHands-CodeAct-2.1-sonnet-20241022,20241029_OpenHands-CodeAct-2.1-sonnet-20241022,1,step,22,22
20241029_OpenHands-CodeAct-2.1-sonnet-20241022/sphinx-doc__sphinx-11445,sphinx-doc__sphinx-11445,20241029_OpenHands-CodeAct-2.1-sonnet-20241022,20241029_OpenHands-CodeAct-2.1-sonnet-20241022,20241029_OpenHands-CodeAct-2.1-sonnet-20241022,1,step,99,99
20241029_OpenHands-CodeAct-2.1-sonnet-20241022/sphinx-doc__sphinx-11510,sphinx-doc__sphinx-11510,20241029_OpenHands-CodeAct-2.1-sonnet-20241022,20241029_OpenHands-CodeAct-2.1-sonnet-20241022,20241029_OpenHands-CodeAct-2.1-sonnet-20241022,1,step,26,26
20241029_OpenHands-CodeAct-2.1-sonnet-20241022/sphinx-doc__sphinx-7440,sphinx-doc__sphinx-7440,20241029_OpenHands-CodeAct-2.1-sonnet-20241022,20241029_OpenHands-CodeAct-2.1-sonnet-20241022,20241029_OpenHands-CodeAct-2.1-sonnet-20241022,1,step,13,13
20241029_OpenHands-CodeAct-2.1-sonnet-20241022/sphinx-doc__sphinx-7462,sphinx-doc__sphinx-7462,20241029_OpenHands-CodeAct-2.1-sonnet-20241022,20241029_OpenHands-CodeAct-2.1-sonnet-20241022,20241029_OpenHands-CodeAct-2.1-sonnet-20241022,1,step,17,17
20241029_OpenHands-CodeAct-2.1-sonnet-20241022/sphinx-doc__sphinx-7590,sphinx-doc__sphinx-7590,20241029_OpenHands-CodeAct-2.1-sonnet-20241022,20241029_OpenHands-CodeAct-2.1-sonnet-20241022,20241029_OpenHands-CodeAct-2.1-sonnet-20241022,1,step,19,19
20241029_OpenHands-CodeAct-2.1-sonnet-20241022/sphinx-doc__sphinx-7748,sphinx-doc__sphinx-7748,20241029_OpenHands-CodeAct-2.1-sonnet-20241022,20241029_OpenHands-CodeAct-2.1-sonnet-20241022,20241029_OpenHands-CodeAct-2.1-sonnet-20241022,1,step,38,38
20241029_OpenHands-CodeAct-2.1-sonnet-20241022/sphinx-doc__sphinx-7757,sphinx-doc__sphinx-7757,20241029_OpenHands-CodeAct-2.1-sonnet-20241022,20241029_OpenHands-CodeAct-2.1-sonnet-20241022,20241029_OpenHands-CodeAct-2.1-sonnet-20241022,1,step,23,23
20241029_OpenHands-CodeAct-2.1-sonnet-20241022/sphinx-doc__sphinx-7889,sphinx-doc__sphinx-7889,20241029_OpenHands-CodeAct-2.1-sonnet-20241022,20241029_OpenHands-CodeAct-2.1-sonnet-20241022,20241029_OpenHands-CodeAct-2.1-sonnet-20241022,1,step,12,12
20241029_OpenHands-CodeAct-2.1-sonnet-20241022/sphinx-doc__sphinx-7985,sphinx-doc__sphinx-7985,20241029_OpenHands-CodeAct-2.1-sonnet-20241022,20241029_OpenHands-CodeAct-2.1-sonnet-20241022,20241029_OpenHands-CodeAct-2.1-sonnet-20241022,1,step,9,9
20241029_OpenHands-CodeAct-2.1-sonnet-20241022/sphinx-doc__sphinx-8035,sphinx-doc__sphinx-8035,20241029_OpenHands-CodeAct-2.1-sonnet-20241022,20241029_OpenHands-CodeAct-2.1-sonnet-20241022,20241029_OpenHands-CodeAct-2.1-sonnet-20241022,1,step,36,36
20241029_OpenHands-CodeAct-2.1-sonnet-20241022/sphinx-doc__sphinx-8056,sphinx-doc__sphinx-8056,20241029_OpenHands-CodeAct-2.1-sonnet-20241022,20241029_OpenHands-CodeAct-2.1-sonnet-20241022,20241029_OpenHands-CodeAct-2.1-sonnet-20241022,1,step,22,22
20241029_OpenHands-CodeAct-2.1-sonnet-20241022/sphinx-doc__sphinx-8265,sphinx-doc__sphinx-8265,20241029_OpenHands-CodeAct-2.1-sonnet-20241022,20241029_OpenHands-CodeAct-2.1-sonnet-20241022,20241029_OpenHands-CodeAct-2.1-sonnet-20241022,1,step,19,19
20241029_OpenHands-CodeAct-2.1-sonnet-20241022/sphinx-doc__sphinx-8548,sphinx-doc__sphinx-8548,20241029_OpenHands-CodeAct-2.1-sonnet-20241022,20241029_OpenHands-CodeAct-2.1-sonnet-20241022,20241029_OpenHands-CodeAct-2.1-sonnet-20241022,1,step,87,87
20241029_OpenHands-CodeAct-2.1-sonnet-20241022/sphinx-doc__sphinx-8551,sphinx-doc__sphinx-8551,20241029_OpenHands-CodeAct-2.1-sonnet-20241022,20241029_OpenHands-CodeAct-2.1-sonnet-20241022,20241029_OpenHands-CodeAct-2.1-sonnet-20241022,1,step,16,16
20241029_OpenHands-CodeAct-2.1-sonnet-20241022/sphinx-doc__sphinx-8621,sphinx-doc__sphinx-8621,20241029_OpenHands-CodeAct-2.1-sonnet-20241022,20241029_OpenHands-CodeAct-2.1-sonnet-20241022,20241029_OpenHands-CodeAct-2.1-sonnet-20241022,1,step,25,25
20241029_OpenHands-CodeAct-2.1-sonnet-20241022/sphinx-doc__sphinx-8638,sphinx-doc__sphinx-8638,20241029_OpenHands-CodeAct-2.1-sonnet-20241022,20241029_OpenHands-CodeAct-2.1-sonnet-20241022,20241029_OpenHands-CodeAct-2.1-sonnet-20241022,1,step,53,53
20241029_OpenHands-CodeAct-2.1-sonnet-20241022/sphinx-doc__sphinx-9229,sphinx-doc__sphinx-9229,20241029_OpenHands-CodeAct-2.1-sonnet-20241022,20241029_OpenHands-CodeAct-2.1-sonnet-20241022,20241029_OpenHands-CodeAct-2.1-sonnet-20241022,1,step,33,33
20241029_OpenHands-CodeAct-2.1-sonnet-20241022/sphinx-doc__sphinx-9281,sphinx-doc__sphinx-9281,20241029_OpenHands-CodeAct-2.1-sonnet-20241022,20241029_OpenHands-CodeAct-2.1-sonnet-20241022,20241029_OpenHands-CodeAct-2.1-sonnet-20241022,1,step,17,17
20241029_OpenHands-CodeAct-2.1-sonnet-20241022/sphinx-doc__sphinx-9461,sphinx-doc__sphinx-9461,20241029_OpenHands-CodeAct-2.1-sonnet-20241022,20241029_OpenHands-CodeAct-2.1-sonnet-20241022,20241029_OpenHands-CodeAct-2.1-sonnet-20241022,1,step,26,26
20241029_OpenHands-CodeAct-2.1-sonnet-20241022/sphinx-doc__sphinx-9591,sphinx-doc__sphinx-9591,20241029_OpenHands-CodeAct-2.1-sonnet-20241022,20241029_OpenHands-CodeAct-2.1-sonnet-20241022,20241029_OpenHands-CodeAct-2.1-sonnet-20241022,1,step,20,20
20241029_OpenHands-CodeAct-2.1-sonnet-20241022/sphinx-doc__sphinx-9602,sphinx-doc__sphinx-9602,20241029_OpenHands-CodeAct-2.1-sonnet-20241022,20241029_OpenHands-CodeAct-2.1-sonnet-20241022,20241029_OpenHands-CodeAct-2.1-sonnet-20241022,1,step,31,31
20241029_OpenHands-CodeAct-2.1-sonnet-20241022/sphinx-doc__sphinx-9658,sphinx-doc__sphinx-9658,20241029_OpenHands-CodeAct-2.1-sonnet-20241022,20241029_OpenHands-CodeAct-2.1-sonnet-20241022,20241029_OpenHands-CodeAct-2.1-sonnet-20241022,1,step,41,41
20241029_OpenHands-CodeAct-2.1-sonnet-20241022/sphinx-doc__sphinx-9673,sphinx-doc__sphinx-9673,20241029_OpenHands-CodeAct-2.1-sonnet-20241022,20241029_OpenHands-CodeAct-2.1-sonnet-20241022,20241029_OpenHands-CodeAct-2.1-sonnet-20241022,1,step,25,25
20241029_OpenHands-CodeAct-2.1-sonnet-20241022/sympy__sympy-12489,sympy__sympy-12489,20241029_OpenHands-CodeAct-2.1-sonnet-20241022,20241029_OpenHands-CodeAct-2.1-sonnet-20241022,20241029_OpenHands-CodeAct-2.1-sonnet-20241022,1,step,52,52
20241029_OpenHands-CodeAct-2.1-sonnet-20241022/sympy__sympy-13031,sympy__sympy-13031,20241029_OpenHands-CodeAct-2.1-sonnet-20241022,20241029_OpenHands-CodeAct-2.1-sonnet-20241022,20241029_OpenHands-CodeAct-2.1-sonnet-20241022,1,step,8,8
20241029_OpenHands-CodeAct-2.1-sonnet-20241022/sympy__sympy-13091,sympy__sympy-13091,20241029_OpenHands-CodeAct-2.1-sonnet-20241022,20241029_OpenHands-CodeAct-2.1-sonnet-20241022,20241029_OpenHands-CodeAct-2.1-sonnet-20241022,1,step,10,10
20241029_OpenHands-CodeAct-2.1-sonnet-20241022/sympy__sympy-13551,sympy__sympy-13551,20241029_OpenHands-CodeAct-2.1-sonnet-20241022,20241029_OpenHands-CodeAct-2.1-sonnet-20241022,20241029_OpenHands-CodeAct-2.1-sonnet-20241022,1,step,80,80
20241029_OpenHands-CodeAct-2.1-sonnet-20241022/sympy__sympy-13615,sympy__sympy-13615,20241029_OpenHands-CodeAct-2.1-sonnet-20241022,20241029_OpenHands-CodeAct-2.1-sonnet-20241022,20241029_OpenHands-CodeAct-2.1-sonnet-20241022,1,step,20,20
20241029_OpenHands-CodeAct-2.1-sonnet-20241022/sympy__sympy-13757,sympy__sympy-13757,20241029_OpenHands-CodeAct-2.1-sonnet-20241022,20241029_OpenHands-CodeAct-2.1-sonnet-20241022,20241029_OpenHands-CodeAct-2.1-sonnet-20241022,1,step,17,17
20241029_OpenHands-CodeAct-2.1-sonnet-20241022/sympy__sympy-13798,sympy__sympy-13798,20241029_OpenHands-CodeAct-2.1-sonnet-20241022,20241029_OpenHands-CodeAct-2.1-sonnet-20241022,20241029_OpenHands-CodeAct-2.1-sonnet-20241022,1,step,11,11
20241029_OpenHands-CodeAct-2.1-sonnet-20241022/sympy__sympy-13852,sympy__sympy-13852,20241029_OpenHands-CodeAct-2.1-sonnet-20241022,20241029_OpenHands-CodeAct-2.1-sonnet-20241022,20241029_OpenHands-CodeAct-2.1-sonnet-20241022,1,step,13,13
20241029_OpenHands-CodeAct-2.1-sonnet-20241022/sympy__sympy-13877,sympy__sympy-13877,20241029_OpenHands-CodeAct-2.1-sonnet-20241022,20241029_OpenHands-CodeAct-2.1-sonnet-20241022,20241029_OpenHands-CodeAct-2.1-sonnet-20241022,1,step,8,8
20241029_OpenHands-CodeAct-2.1-sonnet-20241022/sympy__sympy-13974,sympy__sympy-13974,20241029_OpenHands-CodeAct-2.1-sonnet-20241022,20241029_OpenHands-CodeAct-2.1-sonnet-20241022,20241029_OpenHands-CodeAct-2.1-sonnet-20241022,1,step,20,20
20241029_OpenHands-CodeAct-2.1-sonnet-20241022/sympy__sympy-14248,sympy__sympy-14248,20241029_OpenHands-CodeAct-2.1-sonnet-20241022,20241029_OpenHands-CodeAct-2.1-sonnet-20241022,20241029_OpenHands-CodeAct-2.1-sonnet-20241022,1,step,99,99
20241029_OpenHands-CodeAct-2.1-sonnet-20241022/sympy__sympy-14531,sympy__sympy-14531,20241029_OpenHands-CodeAct-2.1-sonnet-20241022,20241029_OpenHands-CodeAct-2.1-sonnet-20241022,20241029_OpenHands-CodeAct-2.1-sonnet-20241022,1,step,99,99
20241029_OpenHands-CodeAct-2.1-sonnet-20241022/sympy__sympy-15809,sympy__sympy-15809,20241029_OpenHands-CodeAct-2.1-sonnet-20241022,20241029_OpenHands-CodeAct-2.1-sonnet-20241022,20241029_OpenHands-CodeAct-2.1-sonnet-20241022,1,step,15,15
20241029_OpenHands-CodeAct-2.1-sonnet-20241022/sympy__sympy-15976,sympy__sympy-15976,20241029_OpenHands-CodeAct-2.1-sonnet-20241022,20241029_OpenHands-CodeAct-2.1-sonnet-20241022,20241029_OpenHands-CodeAct-2.1-sonnet-20241022,1,step,14,14
20241029_OpenHands-CodeAct-2.1-sonnet-20241022/sympy__sympy-16597,sympy__sympy-16597,20241029_OpenHands-CodeAct-2.1-sonnet-20241022,20241029_OpenHands-CodeAct-2.1-sonnet-20241022,20241029_OpenHands-CodeAct-2.1-sonnet-20241022,1,step,41,41
20241029_OpenHands-CodeAct-2.1-sonnet-20241022/sympy__sympy-17318,sympy__sympy-17318,20241029_OpenHands-CodeAct-2.1-sonnet-20241022,20241029_OpenHands-CodeAct-2.1-sonnet-20241022,20241029_OpenHands-CodeAct-2.1-sonnet-20241022,1,step,15,15
20241029_OpenHands-CodeAct-2.1-sonnet-20241022/sympy__sympy-17630,sympy__sympy-17630,20241029_OpenHands-CodeAct-2.1-sonnet-20241022,20241029_OpenHands-CodeAct-2.1-sonnet-20241022,20241029_OpenHands-CodeAct-2.1-sonnet-20241022,1,step,10,10
20241029_OpenHands-CodeAct-2.1-sonnet-20241022/sympy__sympy-18199,sympy__sympy-18199,20241029_OpenHands-CodeAct-2.1-sonnet-20241022,20241029_OpenHands-CodeAct-2.1-sonnet-20241022,20241029_OpenHands-CodeAct-2.1-sonnet-20241022,1,step,11,11
20241029_OpenHands-CodeAct-2.1-sonnet-20241022/sympy__sympy-18211,sympy__sympy-18211,20241029_OpenHands-CodeAct-2.1-sonnet-20241022,20241029_OpenHands-CodeAct-2.1-sonnet-20241022,20241029_OpenHands-CodeAct-2.1-sonnet-20241022,1,step,20,20
20241029_OpenHands-CodeAct-2.1-sonnet-20241022/sympy__sympy-18698,sympy__sympy-18698,20241029_OpenHands-CodeAct-2.1-sonnet-20241022,20241029_OpenHands-CodeAct-2.1-sonnet-20241022,20241029_OpenHands-CodeAct-2.1-sonnet-20241022,1,step,9,9
20241029_OpenHands-CodeAct-2.1-sonnet-20241022/sympy__sympy-18763,sympy__sympy-18763,20241029_OpenHands-CodeAct-2.1-sonnet-20241022,20241029_OpenHands-CodeAct-2.1-sonnet-20241022,20241029_OpenHands-CodeAct-2.1-sonnet-20241022,1,step,10,10
20241029_OpenHands-CodeAct-2.1-sonnet-20241022/sympy__sympy-19040,sympy__sympy-19040,20241029_OpenHands-CodeAct-2.1-sonnet-20241022,20241029_OpenHands-CodeAct-2.1-sonnet-20241022,20241029_OpenHands-CodeAct-2.1-sonnet-20241022,1,step,99,99
20241029_OpenHands-CodeAct-2.1-sonnet-20241022/sympy__sympy-19495,sympy__sympy-19495,20241029_OpenHands-CodeAct-2.1-sonnet-20241022,20241029_OpenHands-CodeAct-2.1-sonnet-20241022,20241029_OpenHands-CodeAct-2.1-sonnet-20241022,1,step,11,11
20241029_OpenHands-CodeAct-2.1-sonnet-20241022/sympy__sympy-20428,sympy__sympy-20428,20241029_OpenHands-CodeAct-2.1-sonnet-20241022,20241029_OpenHands-CodeAct-2.1-sonnet-20241022,20241029_OpenHands-CodeAct-2.1-sonnet-20241022,1,step,83,83
20241029_OpenHands-CodeAct-2.1-sonnet-20241022/sympy__sympy-20438,sympy__sympy-20438,20241029_OpenHands-CodeAct-2.1-sonnet-20241022,20241029_OpenHands-CodeAct-2.1-sonnet-20241022,20241029_OpenHands-CodeAct-2.1-sonnet-20241022,1,step,99,99
20241029_OpenHands-CodeAct-2.1-sonnet-20241022/sympy__sympy-20590,sympy__sympy-20590,20241029_OpenHands-CodeAct-2.1-sonnet-20241022,20241029_OpenHands-CodeAct-2.1-sonnet-20241022,20241029_OpenHands-CodeAct-2.1-sonnet-20241022,1,step,24,24
20241029_OpenHands-CodeAct-2.1-sonnet-20241022/sympy__sympy-20916,sympy__sympy-20916,20241029_OpenHands-CodeAct-2.1-sonnet-20241022,20241029_OpenHands-CodeAct-2.1-sonnet-20241022,20241029_OpenHands-CodeAct-2.1-sonnet-20241022,1,step,16,16
20241029_OpenHands-CodeAct-2.1-sonnet-20241022/sympy__sympy-21379,sympy__sympy-21379,20241029_OpenHands-CodeAct-2.1-sonnet-20241022,20241029_OpenHands-CodeAct-2.1-sonnet-20241022,20241029_OpenHands-CodeAct-2.1-sonnet-20241022,1,step,34,34
20241029_OpenHands-CodeAct-2.1-sonnet-20241022/sympy__sympy-21596,sympy__sympy-21596,20241029_OpenHands-CodeAct-2.1-sonnet-20241022,20241029_OpenHands-CodeAct-2.1-sonnet-20241022,20241029_OpenHands-CodeAct-2.1-sonnet-20241022,1,step,17,17
20241029_OpenHands-CodeAct-2.1-sonnet-20241022/sympy__sympy-21612,sympy__sympy-21612,20241029_OpenHands-CodeAct-2.1-sonnet-20241022,20241029_OpenHands-CodeAct-2.1-sonnet-20241022,20241029_OpenHands-CodeAct-2.1-sonnet-20241022,1,step,35,35
20241029_OpenHands-CodeAct-2.1-sonnet-20241022/sympy__sympy-21930,sympy__sympy-21930,20241029_OpenHands-CodeAct-2.1-sonnet-20241022,20241029_OpenHands-CodeAct-2.1-sonnet-20241022,20241029_OpenHands-CodeAct-2.1-sonnet-20241022,1,step,11,11
20241029_OpenHands-CodeAct-2.1-sonnet-20241022/sympy__sympy-22080,sympy__sympy-22080,20241029_OpenHands-CodeAct-2.1-sonnet-20241022,20241029_OpenHands-CodeAct-2.1-sonnet-20241022,20241029_OpenHands-CodeAct-2.1-sonnet-20241022,1,step,82,82
20241029_OpenHands-CodeAct-2.1-sonnet-20241022/sympy__sympy-23413,sympy__sympy-23413,20241029_OpenHands-CodeAct-2.1-sonnet-20241022,20241029_OpenHands-CodeAct-2.1-sonnet-20241022,20241029_OpenHands-CodeAct-2.1-sonnet-20241022,1,step,71,71
20241029_OpenHands-CodeAct-2.1-sonnet-20241022/sympy__sympy-23824,sympy__sympy-23824,20241029_OpenHands-CodeAct-2.1-sonnet-20241022,20241029_OpenHands-CodeAct-2.1-sonnet-20241022,20241029_OpenHands-CodeAct-2.1-sonnet-20241022,1,step,29,29
20241029_OpenHands-CodeAct-2.1-sonnet-20241022/sympy__sympy-24562,sympy__sympy-24562,20241029_OpenHands-CodeAct-2.1-sonnet-20241022,20241029_OpenHands-CodeAct-2.1-sonnet-20241022,20241029_OpenHands-CodeAct-2.1-sonnet-20241022,1,step,20,20
20241029_OpenHands-CodeAct-2.1-sonnet-20241022/astropy__astropy-12907,astropy__astropy-12907,20241029_OpenHands-CodeAct-2.1-sonnet-20241022,20241029_OpenHands-CodeAct-2.1-sonnet-20241022,20241029_OpenHands-CodeAct-2.1-sonnet-20241022,0,step,8,8
20241029_OpenHands-CodeAct-2.1-sonnet-20241022/astropy__astropy-13579,astropy__astropy-13579,20241029_OpenHands-CodeAct-2.1-sonnet-20241022,20241029_OpenHands-CodeAct-2.1-sonnet-20241022,20241029_OpenHands-CodeAct-2.1-sonnet-20241022,0,step,23,23
20241029_OpenHands-CodeAct-2.1-sonnet-20241022/astropy__astropy-14096,astropy__astropy-14096,20241029_OpenHands-CodeAct-2.1-sonnet-20241022,20241029_OpenHands-CodeAct-2.1-sonnet-20241022,20241029_OpenHands-CodeAct-2.1-sonnet-20241022,0,step,14,14
20241029_OpenHands-CodeAct-2.1-sonnet-20241022/astropy__astropy-14309,astropy__astropy-14309,20241029_OpenHands-CodeAct-2.1-sonnet-20241022,20241029_OpenHands-CodeAct-2.1-sonnet-20241022,20241029_OpenHands-CodeAct-2.1-sonnet-20241022,0,step,21,21
20241029_OpenHands-CodeAct-2.1-sonnet-20241022/astropy__astropy-14369,astropy__astropy-14369,20241029_OpenHands-CodeAct-2.1-sonnet-20241022,20241029_OpenHands-CodeAct-2.1-sonnet-20241022,20241029_OpenHands-CodeAct-2.1-sonnet-20241022,0,step,23,23
20241029_OpenHands-CodeAct-2.1-sonnet-20241022/astropy__astropy-14598,astropy__astropy-14598,20241029_OpenHands-CodeAct-2.1-sonnet-20241022,20241029_OpenHands-CodeAct-2.1-sonnet-20241022,20241029_OpenHands-CodeAct-2.1-sonnet-20241022,0,step,24,24
20241029_OpenHands-CodeAct-2.1-sonnet-20241022/astropy__astropy-14995,astropy__astropy-14995,20241029_OpenHands-CodeAct-2.1-sonnet-20241022,20241029_OpenHands-CodeAct-2.1-sonnet-20241022,20241029_OpenHands-CodeAct-2.1-sonnet-20241022,0,step,9,9
20241029_OpenHands-CodeAct-2.1-sonnet-20241022/astropy__astropy-7166,astropy__astropy-7166,20241029_OpenHands-CodeAct-2.1-sonnet-20241022,20241029_OpenHands-CodeAct-2.1-sonnet-20241022,20241029_OpenHands-CodeAct-2.1-sonnet-20241022,0,step,20,20
20241029_OpenHands-CodeAct-2.1-sonnet-20241022/astropy__astropy-7336,astropy__astropy-7336,20241029_OpenHands-CodeAct-2.1-sonnet-20241022,20241029_OpenHands-CodeAct-2.1-sonnet-20241022,20241029_OpenHands-CodeAct-2.1-sonnet-20241022,0,step,8,8
20241029_OpenHands-CodeAct-2.1-sonnet-20241022/astropy__astropy-7671,astropy__astropy-7671,20241029_OpenHands-CodeAct-2.1-sonnet-20241022,20241029_OpenHands-CodeAct-2.1-sonnet-20241022,20241029_OpenHands-CodeAct-2.1-sonnet-20241022,0,step,13,13
20241029_OpenHands-CodeAct-2.1-sonnet-20241022/django__django-10880,django__django-10880,20241029_OpenHands-CodeAct-2.1-sonnet-20241022,20241029_OpenHands-CodeAct-2.1-sonnet-20241022,20241029_OpenHands-CodeAct-2.1-sonnet-20241022,0,step,21,21
20241029_OpenHands-CodeAct-2.1-sonnet-20241022/django__django-10914,django__django-10914,20241029_OpenHands-CodeAct-2.1-sonnet-20241022,20241029_OpenHands-CodeAct-2.1-sonnet-20241022,20241029_OpenHands-CodeAct-2.1-sonnet-20241022,0,step,9,9
20241029_OpenHands-CodeAct-2.1-sonnet-20241022/django__django-10973,django__django-10973,20241029_OpenHands-CodeAct-2.1-sonnet-20241022,20241029_OpenHands-CodeAct-2.1-sonnet-20241022,20241029_OpenHands-CodeAct-2.1-sonnet-20241022,0,step,8,8
20241029_OpenHands-CodeAct-2.1-sonnet-20241022/django__django-11066,django__django-11066,20241029_OpenHands-CodeAct-2.1-sonnet-20241022,20241029_OpenHands-CodeAct-2.1-sonnet-20241022,20241029_OpenHands-CodeAct-2.1-sonnet-20241022,0,step,38,38
20241029_OpenHands-CodeAct-2.1-sonnet-20241022/django__django-11095,django__django-11095,20241029_OpenHands-CodeAct-2.1-sonnet-20241022,20241029_OpenHands-CodeAct-2.1-sonnet-20241022,20241029_OpenHands-CodeAct-2.1-sonnet-20241022,0,step,43,43
20241029_OpenHands-CodeAct-2.1-sonnet-20241022/django__django-11099,django__django-11099,20241029_OpenHands-CodeAct-2.1-sonnet-20241022,20241029_OpenHands-CodeAct-2.1-sonnet-20241022,20241029_OpenHands-CodeAct-2.1-sonnet-20241022,0,step,10,10
20241029_OpenHands-CodeAct-2.1-sonnet-20241022/django__django-11119,django__django-11119,20241029_OpenHands-CodeAct-2.1-sonnet-20241022,20241029_OpenHands-CodeAct-2.1-sonnet-20241022,20241029_OpenHands-CodeAct-2.1-sonnet-20241022,0,step,34,34
20241029_OpenHands-CodeAct-2.1-sonnet-20241022/django__django-11133,django__django-11133,20241029_OpenHands-CodeAct-2.1-sonnet-20241022,20241029_OpenHands-CodeAct-2.1-sonnet-20241022,20241029_OpenHands-CodeAct-2.1-sonnet-20241022,0,step,12,12
20241029_OpenHands-CodeAct-2.1-sonnet-20241022/django__django-11163,django__django-11163,20241029_OpenHands-CodeAct-2.1-sonnet-20241022,20241029_OpenHands-CodeAct-2.1-sonnet-20241022,20241029_OpenHands-CodeAct-2.1-sonnet-20241022,0,step,16,16
20241029_OpenHands-CodeAct-2.1-sonnet-20241022/django__django-11179,django__django-11179,20241029_OpenHands-CodeAct-2.1-sonnet-20241022,20241029_OpenHands-CodeAct-2.1-sonnet-20241022,20241029_OpenHands-CodeAct-2.1-sonnet-20241022,0,step,12,12
20241029_OpenHands-CodeAct-2.1-sonnet-20241022/django__django-11211,django__django-11211,20241029_OpenHands-CodeAct-2.1-sonnet-20241022,20241029_OpenHands-CodeAct-2.1-sonnet-20241022,20241029_OpenHands-CodeAct-2.1-sonnet-20241022,0,step,99,99
20241029_OpenHands-CodeAct-2.1-sonnet-20241022/django__django-11265,django__django-11265,20241029_OpenHands-CodeAct-2.1-sonnet-20241022,20241029_OpenHands-CodeAct-2.1-sonnet-20241022,20241029_OpenHands-CodeAct-2.1-sonnet-20241022,0,step,23,23
20241029_OpenHands-CodeAct-2.1-sonnet-20241022/django__django-11276,django__django-11276,20241029_OpenHands-CodeAct-2.1-sonnet-20241022,20241029_OpenHands-CodeAct-2.1-sonnet-20241022,20241029_OpenHands-CodeAct-2.1-sonnet-20241022,0,step,11,11
20241029_OpenHands-CodeAct-2.1-sonnet-20241022/django__django-11292,django__django-11292,20241029_OpenHands-CodeAct-2.1-sonnet-20241022,20241029_OpenHands-CodeAct-2.1-sonnet-20241022,20241029_OpenHands-CodeAct-2.1-sonnet-20241022,0,step,14,14
20241029_OpenHands-CodeAct-2.1-sonnet-20241022/django__django-11333,django__django-11333,20241029_OpenHands-CodeAct-2.1-sonnet-20241022,20241029_OpenHands-CodeAct-2.1-sonnet-20241022,20241029_OpenHands-CodeAct-2.1-sonnet-20241022,0,step,15,15
20241029_OpenHands-CodeAct-2.1-sonnet-20241022/django__django-11451,django__django-11451,20241029_OpenHands-CodeAct-2.1-sonnet-20241022,20241029_OpenHands-CodeAct-2.1-sonnet-20241022,20241029_OpenHands-CodeAct-2.1-sonnet-20241022,0,step,16,16
20241029_OpenHands-CodeAct-2.1-sonnet-20241022/django__django-11532,django__django-11532,20241029_OpenHands-CodeAct-2.1-sonnet-20241022,20241029_OpenHands-CodeAct-2.1-sonnet-20241022,20241029_OpenHands-CodeAct-2.1-sonnet-20241022,0,step,16,16
20241029_OpenHands-CodeAct-2.1-sonnet-20241022/django__django-11551,django__django-11551,20241029_OpenHands-CodeAct-2.1-sonnet-20241022,20241029_OpenHands-CodeAct-2.1-sonnet-20241022,20241029_OpenHands-CodeAct-2.1-sonnet-20241022,0,step,29,29
20241029_OpenHands-CodeAct-2.1-sonnet-20241022/django__django-11603,django__django-11603,20241029_OpenHands-CodeAct-2.1-sonnet-20241022,20241029_OpenHands-CodeAct-2.1-sonnet-20241022,20241029_OpenHands-CodeAct-2.1-sonnet-20241022,0,step,19,19
20241029_OpenHands-CodeAct-2.1-sonnet-20241022/django__django-11740,django__django-11740,20241029_OpenHands-CodeAct-2.1-sonnet-20241022,20241029_OpenHands-CodeAct-2.1-sonnet-20241022,20241029_OpenHands-CodeAct-2.1-sonnet-20241022,0,step,32,32
20241029_OpenHands-CodeAct-2.1-sonnet-20241022/django__django-11749,django__django-11749,20241029_OpenHands-CodeAct-2.1-sonnet-20241022,20241029_OpenHands-CodeAct-2.1-sonnet-20241022,20241029_OpenHands-CodeAct-2.1-sonnet-20241022,0,step,17,17
20241029_OpenHands-CodeAct-2.1-sonnet-20241022/django__django-11815,django__django-11815,20241029_OpenHands-CodeAct-2.1-sonnet-20241022,20241029_OpenHands-CodeAct-2.1-sonnet-20241022,20241029_OpenHands-CodeAct-2.1-sonnet-20241022,0,step,12,12
20241029_OpenHands-CodeAct-2.1-sonnet-20241022/django__django-11880,django__django-11880,20241029_OpenHands-CodeAct-2.1-sonnet-20241022,20241029_OpenHands-CodeAct-2.1-sonnet-20241022,20241029_OpenHands-CodeAct-2.1-sonnet-20241022,0,step,15,15
20241029_OpenHands-CodeAct-2.1-sonnet-20241022/django__django-11951,django__django-11951,20241029_OpenHands-CodeAct-2.1-sonnet-20241022,20241029_OpenHands-CodeAct-2.1-sonnet-20241022,20241029_OpenHands-CodeAct-2.1-sonnet-20241022,0,step,25,25
20241029_OpenHands-CodeAct-2.1-sonnet-20241022/django__django-11999,django__django-11999,20241029_OpenHands-CodeAct-2.1-sonnet-20241022,20241029_OpenHands-CodeAct-2.1-sonnet-20241022,20241029_OpenHands-CodeAct-2.1-sonnet-20241022,0,step,17,17
20241029_OpenHands-CodeAct-2.1-sonnet-20241022/django__django-12050,django__django-12050,20241029_OpenHands-CodeAct-2.1-sonnet-20241022,20241029_OpenHands-CodeAct-2.1-sonnet-20241022,20241029_OpenHands-CodeAct-2.1-sonnet-20241022,0,step,14,14
20241029_OpenHands-CodeAct-2.1-sonnet-20241022/django__django-12143,django__django-12143,20241029_OpenHands-CodeAct-2.1-sonnet-20241022,20241029_OpenHands-CodeAct-2.1-sonnet-20241022,20241029_OpenHands-CodeAct-2.1-sonnet-20241022,0,step,9,9
20241029_OpenHands-CodeAct-2.1-sonnet-20241022/django__django-12155,django__django-12155,20241029_OpenHands-CodeAct-2.1-sonnet-20241022,20241029_OpenHands-CodeAct-2.1-sonnet-20241022,20241029_OpenHands-CodeAct-2.1-sonnet-20241022,0,step,27,27
20241029_OpenHands-CodeAct-2.1-sonnet-20241022/django__django-12193,django__django-12193,20241029_OpenHands-CodeAct-2.1-sonnet-20241022,20241029_OpenHands-CodeAct-2.1-sonnet-20241022,20241029_OpenHands-CodeAct-2.1-sonnet-20241022,0,step,18,18
20241029_OpenHands-CodeAct-2.1-sonnet-20241022/django__django-12209,django__django-12209,20241029_OpenHands-CodeAct-2.1-sonnet-20241022,20241029_OpenHands-CodeAct-2.1-sonnet-20241022,20241029_OpenHands-CodeAct-2.1-sonnet-20241022,0,step,23,23
20241029_OpenHands-CodeAct-2.1-sonnet-20241022/django__django-12276,django__django-12276,20241029_OpenHands-CodeAct-2.1-sonnet-20241022,20241029_OpenHands-CodeAct-2.1-sonnet-20241022,20241029_OpenHands-CodeAct-2.1-sonnet-20241022,0,step,11,11
20241029_OpenHands-CodeAct-2.1-sonnet-20241022/django__django-12304,django__django-12304,20241029_OpenHands-CodeAct-2.1-sonnet-20241022,20241029_OpenHands-CodeAct-2.1-sonnet-20241022,20241029_OpenHands-CodeAct-2.1-sonnet-20241022,0,step,39,39
20241029_OpenHands-CodeAct-2.1-sonnet-20241022/django__django-12419,django__django-12419,20241029_OpenHands-CodeAct-2.1-sonnet-20241022,20241029_OpenHands-CodeAct-2.1-sonnet-20241022,20241029_OpenHands-CodeAct-2.1-sonnet-20241022,0,step,11,11
20241029_OpenHands-CodeAct-2.1-sonnet-20241022/django__django-12663,django__django-12663,20241029_OpenHands-CodeAct-2.1-sonnet-20241022,20241029_OpenHands-CodeAct-2.1-sonnet-20241022,20241029_OpenHands-CodeAct-2.1-sonnet-20241022,0,step,41,41
20241029_OpenHands-CodeAct-2.1-sonnet-20241022/django__django-12708,django__django-12708,20241029_OpenHands-CodeAct-2.1-sonnet-20241022,20241029_OpenHands-CodeAct-2.1-sonnet-20241022,20241029_OpenHands-CodeAct-2.1-sonnet-20241022,0,step,22,22
20241029_OpenHands-CodeAct-2.1-sonnet-20241022/django__django-12713,django__django-12713,20241029_OpenHands-CodeAct-2.1-sonnet-20241022,20241029_OpenHands-CodeAct-2.1-sonnet-20241022,20241029_OpenHands-CodeAct-2.1-sonnet-20241022,0,step,32,32
20241029_OpenHands-CodeAct-2.1-sonnet-20241022/django__django-12741,django__django-12741,20241029_OpenHands-CodeAct-2.1-sonnet-20241022,20241029_OpenHands-CodeAct-2.1-sonnet-20241022,20241029_OpenHands-CodeAct-2.1-sonnet-20241022,0,step,15,15
20241029_OpenHands-CodeAct-2.1-sonnet-20241022/django__django-12858,django__django-12858,20241029_OpenHands-CodeAct-2.1-sonnet-20241022,20241029_OpenHands-CodeAct-2.1-sonnet-20241022,20241029_OpenHands-CodeAct-2.1-sonnet-20241022,0,step,90,90
20241029_OpenHands-CodeAct-2.1-sonnet-20241022/django__django-13023,django__django-13023,20241029_OpenHands-CodeAct-2.1-sonnet-20241022,20241029_OpenHands-CodeAct-2.1-sonnet-20241022,20241029_OpenHands-CodeAct-2.1-sonnet-20241022,0,step,21,21
20241029_OpenHands-CodeAct-2.1-sonnet-20241022/django__django-13028,django__django-13028,20241029_OpenHands-CodeAct-2.1-sonnet-20241022,20241029_OpenHands-CodeAct-2.1-sonnet-20241022,20241029_OpenHands-CodeAct-2.1-sonnet-20241022,0,step,16,16
20241029_OpenHands-CodeAct-2.1-sonnet-20241022/django__django-13033,django__django-13033,20241029_OpenHands-CodeAct-2.1-sonnet-20241022,20241029_OpenHands-CodeAct-2.1-sonnet-20241022,20241029_OpenHands-CodeAct-2.1-sonnet-20241022,0,step,50,50
20241029_OpenHands-CodeAct-2.1-sonnet-20241022/django__django-13089,django__django-13089,20241029_OpenHands-CodeAct-2.1-sonnet-20241022,20241029_OpenHands-CodeAct-2.1-sonnet-20241022,20241029_OpenHands-CodeAct-2.1-sonnet-20241022,0,step,16,16
20241029_OpenHands-CodeAct-2.1-sonnet-20241022/django__django-13109,django__django-13109,20241029_OpenHands-CodeAct-2.1-sonnet-20241022,20241029_OpenHands-CodeAct-2.1-sonnet-20241022,20241029_OpenHands-CodeAct-2.1-sonnet-20241022,0,step,19,19
20241029_OpenHands-CodeAct-2.1-sonnet-20241022/django__django-13158,django__django-13158,20241029_OpenHands-CodeAct-2.1-sonnet-20241022,20241029_OpenHands-CodeAct-2.1-sonnet-20241022,20241029_OpenHands-CodeAct-2.1-sonnet-20241022,0,step,32,32
20241029_OpenHands-CodeAct-2.1-sonnet-20241022/django__django-13279,django__django-13279,20241029_OpenHands-CodeAct-2.1-sonnet-20241022,20241029_OpenHands-CodeAct-2.1-sonnet-20241022,20241029_OpenHands-CodeAct-2.1-sonnet-20241022,0,step,10,10
20241029_OpenHands-CodeAct-2.1-sonnet-20241022/django__django-13343,django__django-13343,20241029_OpenHands-CodeAct-2.1-sonnet-20241022,20241029_OpenHands-CodeAct-2.1-sonnet-20241022,20241029_OpenHands-CodeAct-2.1-sonnet-20241022,0,step,24,24
20241029_OpenHands-CodeAct-2.1-sonnet-20241022/django__django-13363,django__django-13363,20241029_OpenHands-CodeAct-2.1-sonnet-20241022,20241029_OpenHands-CodeAct-2.1-sonnet-20241022,20241029_OpenHands-CodeAct-2.1-sonnet-20241022,0,step,7,7
20241029_OpenHands-CodeAct-2.1-sonnet-20241022/django__django-13401,django__django-13401,20241029_OpenHands-CodeAct-2.1-sonnet-20241022,20241029_OpenHands-CodeAct-2.1-sonnet-20241022,20241029_OpenHands-CodeAct-2.1-sonnet-20241022,0,step,20,20
20241029_OpenHands-CodeAct-2.1-sonnet-20241022/django__django-13406,django__django-13406,20241029_OpenHands-CodeAct-2.1-sonnet-20241022,20241029_OpenHands-CodeAct-2.1-sonnet-20241022,20241029_OpenHands-CodeAct-2.1-sonnet-20241022,0,step,99,99
20241029_OpenHands-CodeAct-2.1-sonnet-20241022/django__django-13410,django__django-13410,20241029_OpenHands-CodeAct-2.1-sonnet-20241022,20241029_OpenHands-CodeAct-2.1-sonnet-20241022,20241029_OpenHands-CodeAct-2.1-sonnet-20241022,0,step,6,6
20241029_OpenHands-CodeAct-2.1-sonnet-20241022/django__django-13417,django__django-13417,20241029_OpenHands-CodeAct-2.1-sonnet-20241022,20241029_OpenHands-CodeAct-2.1-sonnet-20241022,20241029_OpenHands-CodeAct-2.1-sonnet-20241022,0,step,15,15
20241029_OpenHands-CodeAct-2.1-sonnet-20241022/django__django-13516,django__django-13516,20241029_OpenHands-CodeAct-2.1-sonnet-20241022,20241029_OpenHands-CodeAct-2.1-sonnet-20241022,20241029_OpenHands-CodeAct-2.1-sonnet-20241022,0,step,14,14
20241029_OpenHands-CodeAct-2.1-sonnet-20241022/django__django-13569,django__django-13569,20241029_OpenHands-CodeAct-2.1-sonnet-20241022,20241029_OpenHands-CodeAct-2.1-sonnet-20241022,20241029_OpenHands-CodeAct-2.1-sonnet-20241022,0,step,21,21
20241029_OpenHands-CodeAct-2.1-sonnet-20241022/django__django-13590,django__django-13590,20241029_OpenHands-CodeAct-2.1-sonnet-20241022,20241029_OpenHands-CodeAct-2.1-sonnet-20241022,20241029_OpenHands-CodeAct-2.1-sonnet-20241022,0,step,10,10
20241029_OpenHands-CodeAct-2.1-sonnet-20241022/django__django-13658,django__django-13658,20241029_OpenHands-CodeAct-2.1-sonnet-20241022,20241029_OpenHands-CodeAct-2.1-sonnet-20241022,20241029_OpenHands-CodeAct-2.1-sonnet-20241022,0,step,15,15
20241029_OpenHands-CodeAct-2.1-sonnet-20241022/django__django-13670,django__django-13670,20241029_OpenHands-CodeAct-2.1-sonnet-20241022,20241029_OpenHands-CodeAct-2.1-sonnet-20241022,20241029_OpenHands-CodeAct-2.1-sonnet-20241022,0,step,12,12
20241029_OpenHands-CodeAct-2.1-sonnet-20241022/django__django-13741,django__django-13741,20241029_OpenHands-CodeAct-2.1-sonnet-20241022,20241029_OpenHands-CodeAct-2.1-sonnet-20241022,20241029_OpenHands-CodeAct-2.1-sonnet-20241022,0,step,29,29
20241029_OpenHands-CodeAct-2.1-sonnet-20241022/django__django-13786,django__django-13786,20241029_OpenHands-CodeAct-2.1-sonnet-20241022,20241029_OpenHands-CodeAct-2.1-sonnet-20241022,20241029_OpenHands-CodeAct-2.1-sonnet-20241022,0,step,10,10
20241029_OpenHands-CodeAct-2.1-sonnet-20241022/django__django-13809,django__django-13809,20241029_OpenHands-CodeAct-2.1-sonnet-20241022,20241029_OpenHands-CodeAct-2.1-sonnet-20241022,20241029_OpenHands-CodeAct-2.1-sonnet-20241022,0,step,27,27
20241029_OpenHands-CodeAct-2.1-sonnet-20241022/django__django-13820,django__django-13820,20241029_OpenHands-CodeAct-2.1-sonnet-20241022,20241029_OpenHands-CodeAct-2.1-sonnet-20241022,20241029_OpenHands-CodeAct-2.1-sonnet-20241022,0,step,9,9
20241029_OpenHands-CodeAct-2.1-sonnet-20241022/django__django-13821,django__django-13821,20241029_OpenHands-CodeAct-2.1-sonnet-20241022,20241029_OpenHands-CodeAct-2.1-sonnet-20241022,20241029_OpenHands-CodeAct-2.1-sonnet-20241022,0,step,12,12
20241029_OpenHands-CodeAct-2.1-sonnet-20241022/django__django-13933,django__django-13933,20241029_OpenHands-CodeAct-2.1-sonnet-20241022,20241029_OpenHands-CodeAct-2.1-sonnet-20241022,20241029_OpenHands-CodeAct-2.1-sonnet-20241022,0,step,34,34
20241029_OpenHands-CodeAct-2.1-sonnet-20241022/django__django-14007,django__django-14007,20241029_OpenHands-CodeAct-2.1-sonnet-20241022,20241029_OpenHands-CodeAct-2.1-sonnet-20241022,20241029_OpenHands-CodeAct-2.1-sonnet-20241022,0,step,48,48
20241029_OpenHands-CodeAct-2.1-sonnet-20241022/django__django-14017,django__django-14017,20241029_OpenHands-CodeAct-2.1-sonnet-20241022,20241029_OpenHands-CodeAct-2.1-sonnet-20241022,20241029_OpenHands-CodeAct-2.1-sonnet-20241022,0,step,60,60
20241029_OpenHands-CodeAct-2.1-sonnet-20241022/django__django-14089,django__django-14089,20241029_OpenHands-CodeAct-2.1-sonnet-20241022,20241029_OpenHands-CodeAct-2.1-sonnet-20241022,20241029_OpenHands-CodeAct-2.1-sonnet-20241022,0,step,12,12
20241029_OpenHands-CodeAct-2.1-sonnet-20241022/django__django-14122,django__django-14122,20241029_OpenHands-CodeAct-2.1-sonnet-20241022,20241029_OpenHands-CodeAct-2.1-sonnet-20241022,20241029_OpenHands-CodeAct-2.1-sonnet-20241022,0,step,38,38
20241029_OpenHands-CodeAct-2.1-sonnet-20241022/django__django-14238,django__django-14238,20241029_OpenHands-CodeAct-2.1-sonnet-20241022,20241029_OpenHands-CodeAct-2.1-sonnet-20241022,20241029_OpenHands-CodeAct-2.1-sonnet-20241022,0,step,12,12
20241029_OpenHands-CodeAct-2.1-sonnet-20241022/django__django-14349,django__django-14349,20241029_OpenHands-CodeAct-2.1-sonnet-20241022,20241029_OpenHands-CodeAct-2.1-sonnet-20241022,20241029_OpenHands-CodeAct-2.1-sonnet-20241022,0,step,12,12
20241029_OpenHands-CodeAct-2.1-sonnet-20241022/django__django-14373,django__django-14373,20241029_OpenHands-CodeAct-2.1-sonnet-20241022,20241029_OpenHands-CodeAct-2.1-sonnet-20241022,20241029_OpenHands-CodeAct-2.1-sonnet-20241022,0,step,8,8
20241029_OpenHands-CodeAct-2.1-sonnet-20241022/django__django-14434,django__django-14434,20241029_OpenHands-CodeAct-2.1-sonnet-20241022,20241029_OpenHands-CodeAct-2.1-sonnet-20241022,20241029_OpenHands-CodeAct-2.1-sonnet-20241022,0,step,27,27
20241029_OpenHands-CodeAct-2.1-sonnet-20241022/django__django-14493,django__django-14493,20241029_OpenHands-CodeAct-2.1-sonnet-20241022,20241029_OpenHands-CodeAct-2.1-sonnet-20241022,20241029_OpenHands-CodeAct-2.1-sonnet-20241022,0,step,9,9
20241029_OpenHands-CodeAct-2.1-sonnet-20241022/django__django-14539,django__django-14539,20241029_OpenHands-CodeAct-2.1-sonnet-20241022,20241029_OpenHands-CodeAct-2.1-sonnet-20241022,20241029_OpenHands-CodeAct-2.1-sonnet-20241022,0,step,8,8
20241029_OpenHands-CodeAct-2.1-sonnet-20241022/django__django-14580,django__django-14580,20241029_OpenHands-CodeAct-2.1-sonnet-20241022,20241029_OpenHands-CodeAct-2.1-sonnet-20241022,20241029_OpenHands-CodeAct-2.1-sonnet-20241022,0,step,20,20
20241029_OpenHands-CodeAct-2.1-sonnet-20241022/django__django-14608,django__django-14608,20241029_OpenHands-CodeAct-2.1-sonnet-20241022,20241029_OpenHands-CodeAct-2.1-sonnet-20241022,20241029_OpenHands-CodeAct-2.1-sonnet-20241022,0,step,27,27
20241029_OpenHands-CodeAct-2.1-sonnet-20241022/django__django-14672,django__django-14672,20241029_OpenHands-CodeAct-2.1-sonnet-20241022,20241029_OpenHands-CodeAct-2.1-sonnet-20241022,20241029_OpenHands-CodeAct-2.1-sonnet-20241022,0,step,20,20
20241029_OpenHands-CodeAct-2.1-sonnet-20241022/django__django-14752,django__django-14752,20241029_OpenHands-CodeAct-2.1-sonnet-20241022,20241029_OpenHands-CodeAct-2.1-sonnet-20241022,20241029_OpenHands-CodeAct-2.1-sonnet-20241022,0,step,20,20
20241029_OpenHands-CodeAct-2.1-sonnet-20241022/django__django-14765,django__django-14765,20241029_OpenHands-CodeAct-2.1-sonnet-20241022,20241029_OpenHands-CodeAct-2.1-sonnet-20241022,20241029_OpenHands-CodeAct-2.1-sonnet-20241022,0,step,10,10
20241029_OpenHands-CodeAct-2.1-sonnet-20241022/django__django-14787,django__django-14787,20241029_OpenHands-CodeAct-2.1-sonnet-20241022,20241029_OpenHands-CodeAct-2.1-sonnet-20241022,20241029_OpenHands-CodeAct-2.1-sonnet-20241022,0,step,10,10
20241029_OpenHands-CodeAct-2.1-sonnet-20241022/django__django-14855,django__django-14855,20241029_OpenHands-CodeAct-2.1-sonnet-20241022,20241029_OpenHands-CodeAct-2.1-sonnet-20241022,20241029_OpenHands-CodeAct-2.1-sonnet-20241022,0,step,21,21
20241029_OpenHands-CodeAct-2.1-sonnet-20241022/django__django-14915,django__django-14915,20241029_OpenHands-CodeAct-2.1-sonnet-20241022,20241029_OpenHands-CodeAct-2.1-sonnet-20241022,20241029_OpenHands-CodeAct-2.1-sonnet-20241022,0,step,9,9
20241029_OpenHands-CodeAct-2.1-sonnet-20241022/django__django-14999,django__django-14999,20241029_OpenHands-CodeAct-2.1-sonnet-20241022,20241029_OpenHands-CodeAct-2.1-sonnet-20241022,20241029_OpenHands-CodeAct-2.1-sonnet-20241022,0,step,21,21
20241029_OpenHands-CodeAct-2.1-sonnet-20241022/django__django-15022,django__django-15022,20241029_OpenHands-CodeAct-2.1-sonnet-20241022,20241029_OpenHands-CodeAct-2.1-sonnet-20241022,20241029_OpenHands-CodeAct-2.1-sonnet-20241022,0,step,10,10
20241029_OpenHands-CodeAct-2.1-sonnet-20241022/django__django-15103,django__django-15103,20241029_OpenHands-CodeAct-2.1-sonnet-20241022,20241029_OpenHands-CodeAct-2.1-sonnet-20241022,20241029_OpenHands-CodeAct-2.1-sonnet-20241022,0,step,13,13
20241029_OpenHands-CodeAct-2.1-sonnet-20241022/django__django-15104,django__django-15104,20241029_OpenHands-CodeAct-2.1-sonnet-20241022,20241029_OpenHands-CodeAct-2.1-sonnet-20241022,20241029_OpenHands-CodeAct-2.1-sonnet-20241022,0,step,10,10
20241029_OpenHands-CodeAct-2.1-sonnet-20241022/django__django-15128,django__django-15128,20241029_OpenHands-CodeAct-2.1-sonnet-20241022,20241029_OpenHands-CodeAct-2.1-sonnet-20241022,20241029_OpenHands-CodeAct-2.1-sonnet-20241022,0,step,84,84
20241029_OpenHands-CodeAct-2.1-sonnet-20241022/django__django-15268,django__django-15268,20241029_OpenHands-CodeAct-2.1-sonnet-20241022,20241029_OpenHands-CodeAct-2.1-sonnet-20241022,20241029_OpenHands-CodeAct-2.1-sonnet-20241022,0,step,23,23
20241029_OpenHands-CodeAct-2.1-sonnet-20241022/django__django-15277,django__django-15277,20241029_OpenHands-CodeAct-2.1-sonnet-20241022,20241029_OpenHands-CodeAct-2.1-sonnet-20241022,20241029_OpenHands-CodeAct-2.1-sonnet-20241022,0,step,13,13
20241029_OpenHands-CodeAct-2.1-sonnet-20241022/django__django-15278,django__django-15278,20241029_OpenHands-CodeAct-2.1-sonnet-20241022,20241029_OpenHands-CodeAct-2.1-sonnet-20241022,20241029_OpenHands-CodeAct-2.1-sonnet-20241022,0,step,27,27
20241029_OpenHands-CodeAct-2.1-sonnet-20241022/django__django-15315,django__django-15315,20241029_OpenHands-CodeAct-2.1-sonnet-20241022,20241029_OpenHands-CodeAct-2.1-sonnet-20241022,20241029_OpenHands-CodeAct-2.1-sonnet-20241022,0,step,20,20
20241029_OpenHands-CodeAct-2.1-sonnet-20241022/django__django-15368,django__django-15368,20241029_OpenHands-CodeAct-2.1-sonnet-20241022,20241029_OpenHands-CodeAct-2.1-sonnet-20241022,20241029_OpenHands-CodeAct-2.1-sonnet-20241022,0,step,9,9
20241029_OpenHands-CodeAct-2.1-sonnet-20241022/django__django-15382,django__django-15382,20241029_OpenHands-CodeAct-2.1-sonnet-20241022,20241029_OpenHands-CodeAct-2.1-sonnet-20241022,20241029_OpenHands-CodeAct-2.1-sonnet-20241022,0,step,39,39
20241029_OpenHands-CodeAct-2.1-sonnet-20241022/django__django-15467,django__django-15467,20241029_OpenHands-CodeAct-2.1-sonnet-20241022,20241029_OpenHands-CodeAct-2.1-sonnet-20241022,20241029_OpenHands-CodeAct-2.1-sonnet-20241022,0,step,26,26
20241029_OpenHands-CodeAct-2.1-sonnet-20241022/django__django-15499,django__django-15499,20241029_OpenHands-CodeAct-2.1-sonnet-20241022,20241029_OpenHands-CodeAct-2.1-sonnet-20241022,20241029_OpenHands-CodeAct-2.1-sonnet-20241022,0,step,9,9
20241029_OpenHands-CodeAct-2.1-sonnet-20241022/django__django-15525,django__django-15525,20241029_OpenHands-CodeAct-2.1-sonnet-20241022,20241029_OpenHands-CodeAct-2.1-sonnet-20241022,20241029_OpenHands-CodeAct-2.1-sonnet-20241022,0,step,30,30
20241029_OpenHands-CodeAct-2.1-sonnet-20241022/django__django-15561,django__django-15561,20241029_OpenHands-CodeAct-2.1-sonnet-20241022,20241029_OpenHands-CodeAct-2.1-sonnet-20241022,20241029_OpenHands-CodeAct-2.1-sonnet-20241022,0,step,32,32
20241029_OpenHands-CodeAct-2.1-sonnet-20241022/django__django-15569,django__django-15569,20241029_OpenHands-CodeAct-2.1-sonnet-20241022,20241029_OpenHands-CodeAct-2.1-sonnet-20241022,20241029_OpenHands-CodeAct-2.1-sonnet-20241022,0,step,6,6
20241029_OpenHands-CodeAct-2.1-sonnet-20241022/django__django-15572,django__django-15572,20241029_OpenHands-CodeAct-2.1-sonnet-20241022,20241029_OpenHands-CodeAct-2.1-sonnet-20241022,20241029_OpenHands-CodeAct-2.1-sonnet-20241022,0,step,7,7
20241029_OpenHands-CodeAct-2.1-sonnet-20241022/django__django-15731,django__django-15731,20241029_OpenHands-CodeAct-2.1-sonnet-20241022,20241029_OpenHands-CodeAct-2.1-sonnet-20241022,20241029_OpenHands-CodeAct-2.1-sonnet-20241022,0,step,22,22
20241029_OpenHands-CodeAct-2.1-sonnet-20241022/django__django-15814,django__django-15814,20241029_OpenHands-CodeAct-2.1-sonnet-20241022,20241029_OpenHands-CodeAct-2.1-sonnet-20241022,20241029_OpenHands-CodeAct-2.1-sonnet-20241022,0,step,20,20
20241029_OpenHands-CodeAct-2.1-sonnet-20241022/django__django-15851,django__django-15851,20241029_OpenHands-CodeAct-2.1-sonnet-20241022,20241029_OpenHands-CodeAct-2.1-sonnet-20241022,20241029_OpenHands-CodeAct-2.1-sonnet-20241022,0,step,8,8
20241029_OpenHands-CodeAct-2.1-sonnet-20241022/django__django-15916,django__django-15916,20241029_OpenHands-CodeAct-2.1-sonnet-20241022,20241029_OpenHands-CodeAct-2.1-sonnet-20241022,20241029_OpenHands-CodeAct-2.1-sonnet-20241022,0,step,13,13
20241029_OpenHands-CodeAct-2.1-sonnet-20241022/django__django-15987,django__django-15987,20241029_OpenHands-CodeAct-2.1-sonnet-20241022,20241029_OpenHands-CodeAct-2.1-sonnet-20241022,20241029_OpenHands-CodeAct-2.1-sonnet-20241022,0,step,12,12
20241029_OpenHands-CodeAct-2.1-sonnet-20241022/django__django-16032,django__django-16032,20241029_OpenHands-CodeAct-2.1-sonnet-20241022,20241029_OpenHands-CodeAct-2.1-sonnet-20241022,20241029_OpenHands-CodeAct-2.1-sonnet-20241022,0,step,37,37
20241029_OpenHands-CodeAct-2.1-sonnet-20241022/django__django-16082,django__django-16082,20241029_OpenHands-CodeAct-2.1-sonnet-20241022,20241029_OpenHands-CodeAct-2.1-sonnet-20241022,20241029_OpenHands-CodeAct-2.1-sonnet-20241022,0,step,11,11
20241029_OpenHands-CodeAct-2.1-sonnet-20241022/django__django-16100,django__django-16100,20241029_OpenHands-CodeAct-2.1-sonnet-20241022,20241029_OpenHands-CodeAct-2.1-sonnet-20241022,20241029_OpenHands-CodeAct-2.1-sonnet-20241022,0,step,35,35
20241029_OpenHands-CodeAct-2.1-sonnet-20241022/django__django-16116,django__django-16116,20241029_OpenHands-CodeAct-2.1-sonnet-20241022,20241029_OpenHands-CodeAct-2.1-sonnet-20241022,20241029_OpenHands-CodeAct-2.1-sonnet-20241022,0,step,13,13
20241029_OpenHands-CodeAct-2.1-sonnet-20241022/django__django-16136,django__django-16136,20241029_OpenHands-CodeAct-2.1-sonnet-20241022,20241029_OpenHands-CodeAct-2.1-sonnet-20241022,20241029_OpenHands-CodeAct-2.1-sonnet-20241022,0,step,10,10
20241029_OpenHands-CodeAct-2.1-sonnet-20241022/django__django-16139,django__django-16139,20241029_OpenHands-CodeAct-2.1-sonnet-20241022,20241029_OpenHands-CodeAct-2.1-sonnet-20241022,20241029_OpenHands-CodeAct-2.1-sonnet-20241022,0,step,22,22
20241029_OpenHands-CodeAct-2.1-sonnet-20241022/django__django-16145,django__django-16145,20241029_OpenHands-CodeAct-2.1-sonnet-20241022,20241029_OpenHands-CodeAct-2.1-sonnet-20241022,20241029_OpenHands-CodeAct-2.1-sonnet-20241022,0,step,14,14
20241029_OpenHands-CodeAct-2.1-sonnet-20241022/django__django-16255,django__django-16255,20241029_OpenHands-CodeAct-2.1-sonnet-20241022,20241029_OpenHands-CodeAct-2.1-sonnet-20241022,20241029_OpenHands-CodeAct-2.1-sonnet-20241022,0,step,7,7
20241029_OpenHands-CodeAct-2.1-sonnet-20241022/django__django-16333,django__django-16333,20241029_OpenHands-CodeAct-2.1-sonnet-20241022,20241029_OpenHands-CodeAct-2.1-sonnet-20241022,20241029_OpenHands-CodeAct-2.1-sonnet-20241022,0,step,25,25
20241029_OpenHands-CodeAct-2.1-sonnet-20241022/django__django-16429,django__django-16429,20241029_OpenHands-CodeAct-2.1-sonnet-20241022,20241029_OpenHands-CodeAct-2.1-sonnet-20241022,20241029_OpenHands-CodeAct-2.1-sonnet-20241022,0,step,8,8
20241029_OpenHands-CodeAct-2.1-sonnet-20241022/django__django-16485,django__django-16485,20241029_OpenHands-CodeAct-2.1-sonnet-20241022,20241029_OpenHands-CodeAct-2.1-sonnet-20241022,20241029_OpenHands-CodeAct-2.1-sonnet-20241022,0,step,14,14
20241029_OpenHands-CodeAct-2.1-sonnet-20241022/django__django-16493,django__django-16493,20241029_OpenHands-CodeAct-2.1-sonnet-20241022,20241029_OpenHands-CodeAct-2.1-sonnet-20241022,20241029_OpenHands-CodeAct-2.1-sonnet-20241022,0,step,14,14
20241029_OpenHands-CodeAct-2.1-sonnet-20241022/django__django-16527,django__django-16527,20241029_OpenHands-CodeAct-2.1-sonnet-20241022,20241029_OpenHands-CodeAct-2.1-sonnet-20241022,20241029_OpenHands-CodeAct-2.1-sonnet-20241022,0,step,19,19
20241029_OpenHands-CodeAct-2.1-sonnet-20241022/django__django-16569,django__django-16569,20241029_OpenHands-CodeAct-2.1-sonnet-20241022,20241029_OpenHands-CodeAct-2.1-sonnet-20241022,20241029_OpenHands-CodeAct-2.1-sonnet-20241022,0,step,8,8
20241029_OpenHands-CodeAct-2.1-sonnet-20241022/django__django-16595,django__django-16595,20241029_OpenHands-CodeAct-2.1-sonnet-20241022,20241029_OpenHands-CodeAct-2.1-sonnet-20241022,20241029_OpenHands-CodeAct-2.1-sonnet-20241022,0,step,8,8
20241029_OpenHands-CodeAct-2.1-sonnet-20241022/django__django-16612,django__django-16612,20241029_OpenHands-CodeAct-2.1-sonnet-20241022,20241029_OpenHands-CodeAct-2.1-sonnet-20241022,20241029_OpenHands-CodeAct-2.1-sonnet-20241022,0,step,25,25
20241029_OpenHands-CodeAct-2.1-sonnet-20241022/django__django-16661,django__django-16661,20241029_OpenHands-CodeAct-2.1-sonnet-20241022,20241029_OpenHands-CodeAct-2.1-sonnet-20241022,20241029_OpenHands-CodeAct-2.1-sonnet-20241022,0,step,33,33
20241029_OpenHands-CodeAct-2.1-sonnet-20241022/django__django-16662,django__django-16662,20241029_OpenHands-CodeAct-2.1-sonnet-20241022,20241029_OpenHands-CodeAct-2.1-sonnet-20241022,20241029_OpenHands-CodeAct-2.1-sonnet-20241022,0,step,24,24
20241029_OpenHands-CodeAct-2.1-sonnet-20241022/django__django-16801,django__django-16801,20241029_OpenHands-CodeAct-2.1-sonnet-20241022,20241029_OpenHands-CodeAct-2.1-sonnet-20241022,20241029_OpenHands-CodeAct-2.1-sonnet-20241022,0,step,15,15
20241029_OpenHands-CodeAct-2.1-sonnet-20241022/django__django-16819,django__django-16819,20241029_OpenHands-CodeAct-2.1-sonnet-20241022,20241029_OpenHands-CodeAct-2.1-sonnet-20241022,20241029_OpenHands-CodeAct-2.1-sonnet-20241022,0,step,16,16
20241029_OpenHands-CodeAct-2.1-sonnet-20241022/django__django-16899,django__django-16899,20241029_OpenHands-CodeAct-2.1-sonnet-20241022,20241029_OpenHands-CodeAct-2.1-sonnet-20241022,20241029_OpenHands-CodeAct-2.1-sonnet-20241022,0,step,23,23
20241029_OpenHands-CodeAct-2.1-sonnet-20241022/django__django-16901,django__django-16901,20241029_OpenHands-CodeAct-2.1-sonnet-20241022,20241029_OpenHands-CodeAct-2.1-sonnet-20241022,20241029_OpenHands-CodeAct-2.1-sonnet-20241022,0,step,10,10
20241029_OpenHands-CodeAct-2.1-sonnet-20241022/django__django-17029,django__django-17029,20241029_OpenHands-CodeAct-2.1-sonnet-20241022,20241029_OpenHands-CodeAct-2.1-sonnet-20241022,20241029_OpenHands-CodeAct-2.1-sonnet-20241022,0,step,10,10
20241029_OpenHands-CodeAct-2.1-sonnet-20241022/django__django-17087,django__django-17087,20241029_OpenHands-CodeAct-2.1-sonnet-20241022,20241029_OpenHands-CodeAct-2.1-sonnet-20241022,20241029_OpenHands-CodeAct-2.1-sonnet-20241022,0,step,16,16
20241029_OpenHands-CodeAct-2.1-sonnet-20241022/django__django-7530,django__django-7530,20241029_OpenHands-CodeAct-2.1-sonnet-20241022,20241029_OpenHands-CodeAct-2.1-sonnet-20241022,20241029_OpenHands-CodeAct-2.1-sonnet-20241022,0,step,99,99
20241029_OpenHands-CodeAct-2.1-sonnet-20241022/django__django-9296,django__django-9296,20241029_OpenHands-CodeAct-2.1-sonnet-20241022,20241029_OpenHands-CodeAct-2.1-sonnet-20241022,20241029_OpenHands-CodeAct-2.1-sonnet-20241022,0,step,10,10
20241029_OpenHands-CodeAct-2.1-sonnet-20241022/matplotlib__matplotlib-13989,matplotlib__matplotlib-13989,20241029_OpenHands-CodeAct-2.1-sonnet-20241022,20241029_OpenHands-CodeAct-2.1-sonnet-20241022,20241029_OpenHands-CodeAct-2.1-sonnet-20241022,0,step,16,16
20241029_OpenHands-CodeAct-2.1-sonnet-20241022/matplotlib__matplotlib-20859,matplotlib__matplotlib-20859,20241029_OpenHands-CodeAct-2.1-sonnet-20241022,20241029_OpenHands-CodeAct-2.1-sonnet-20241022,20241029_OpenHands-CodeAct-2.1-sonnet-20241022,0,step,20,20
20241029_OpenHands-CodeAct-2.1-sonnet-20241022/matplotlib__matplotlib-22719,matplotlib__matplotlib-22719,20241029_OpenHands-CodeAct-2.1-sonnet-20241022,20241029_OpenHands-CodeAct-2.1-sonnet-20241022,20241029_OpenHands-CodeAct-2.1-sonnet-20241022,0,step,8,8
20241029_OpenHands-CodeAct-2.1-sonnet-20241022/matplotlib__matplotlib-22865,matplotlib__matplotlib-22865,20241029_OpenHands-CodeAct-2.1-sonnet-20241022,20241029_OpenHands-CodeAct-2.1-sonnet-20241022,20241029_OpenHands-CodeAct-2.1-sonnet-20241022,0,step,17,17
20241029_OpenHands-CodeAct-2.1-sonnet-20241022/matplotlib__matplotlib-23314,matplotlib__matplotlib-23314,20241029_OpenHands-CodeAct-2.1-sonnet-20241022,20241029_OpenHands-CodeAct-2.1-sonnet-20241022,20241029_OpenHands-CodeAct-2.1-sonnet-20241022,0,step,11,11
20241029_OpenHands-CodeAct-2.1-sonnet-20241022/matplotlib__matplotlib-23412,matplotlib__matplotlib-23412,20241029_OpenHands-CodeAct-2.1-sonnet-20241022,20241029_OpenHands-CodeAct-2.1-sonnet-20241022,20241029_OpenHands-CodeAct-2.1-sonnet-20241022,0,step,17,17
20241029_OpenHands-CodeAct-2.1-sonnet-20241022/matplotlib__matplotlib-24026,matplotlib__matplotlib-24026,20241029_OpenHands-CodeAct-2.1-sonnet-20241022,20241029_OpenHands-CodeAct-2.1-sonnet-20241022,20241029_OpenHands-CodeAct-2.1-sonnet-20241022,0,step,10,10
20241029_OpenHands-CodeAct-2.1-sonnet-20241022/matplotlib__matplotlib-24149,matplotlib__matplotlib-24149,20241029_OpenHands-CodeAct-2.1-sonnet-20241022,20241029_OpenHands-CodeAct-2.1-sonnet-20241022,20241029_OpenHands-CodeAct-2.1-sonnet-20241022,0,step,16,16
20241029_OpenHands-CodeAct-2.1-sonnet-20241022/matplotlib__matplotlib-24570,matplotlib__matplotlib-24570,20241029_OpenHands-CodeAct-2.1-sonnet-20241022,20241029_OpenHands-CodeAct-2.1-sonnet-20241022,20241029_OpenHands-CodeAct-2.1-sonnet-20241022,0,step,12,12
20241029_OpenHands-CodeAct-2.1-sonnet-20241022/matplotlib__matplotlib-24627,matplotlib__matplotlib-24627,20241029_OpenHands-CodeAct-2.1-sonnet-20241022,20241029_OpenHands-CodeAct-2.1-sonnet-20241022,20241029_OpenHands-CodeAct-2.1-sonnet-20241022,0,step,26,26
20241029_OpenHands-CodeAct-2.1-sonnet-20241022/matplotlib__matplotlib-24970,matplotlib__matplotlib-24970,20241029_OpenHands-CodeAct-2.1-sonnet-20241022,20241029_OpenHands-CodeAct-2.1-sonnet-20241022,20241029_OpenHands-CodeAct-2.1-sonnet-20241022,0,step,18,18
20241029_OpenHands-CodeAct-2.1-sonnet-20241022/matplotlib__matplotlib-25122,matplotlib__matplotlib-25122,20241029_OpenHands-CodeAct-2.1-sonnet-20241022,20241029_OpenHands-CodeAct-2.1-sonnet-20241022,20241029_OpenHands-CodeAct-2.1-sonnet-20241022,0,step,15,15
20241029_OpenHands-CodeAct-2.1-sonnet-20241022/matplotlib__matplotlib-25287,matplotlib__matplotlib-25287,20241029_OpenHands-CodeAct-2.1-sonnet-20241022,20241029_OpenHands-CodeAct-2.1-sonnet-20241022,20241029_OpenHands-CodeAct-2.1-sonnet-20241022,0,step,16,16
20241029_OpenHands-CodeAct-2.1-sonnet-20241022/matplotlib__matplotlib-25332,matplotlib__matplotlib-25332,20241029_OpenHands-CodeAct-2.1-sonnet-20241022,20241029_OpenHands-CodeAct-2.1-sonnet-20241022,20241029_OpenHands-CodeAct-2.1-sonnet-20241022,0,step,18,18
20241029_OpenHands-CodeAct-2.1-sonnet-20241022/matplotlib__matplotlib-25775,matplotlib__matplotlib-25775,20241029_OpenHands-CodeAct-2.1-sonnet-20241022,20241029_OpenHands-CodeAct-2.1-sonnet-20241022,20241029_OpenHands-CodeAct-2.1-sonnet-20241022,0,step,20,20
20241029_OpenHands-CodeAct-2.1-sonnet-20241022/matplotlib__matplotlib-26113,matplotlib__matplotlib-26113,20241029_OpenHands-CodeAct-2.1-sonnet-20241022,20241029_OpenHands-CodeAct-2.1-sonnet-20241022,20241029_OpenHands-CodeAct-2.1-sonnet-20241022,0,step,17,17
20241029_OpenHands-CodeAct-2.1-sonnet-20241022/matplotlib__matplotlib-26291,matplotlib__matplotlib-26291,20241029_OpenHands-CodeAct-2.1-sonnet-20241022,20241029_OpenHands-CodeAct-2.1-sonnet-20241022,20241029_OpenHands-CodeAct-2.1-sonnet-20241022,0,step,18,18
20241029_OpenHands-CodeAct-2.1-sonnet-20241022/pallets__flask-5014,pallets__flask-5014,20241029_OpenHands-CodeAct-2.1-sonnet-20241022,20241029_OpenHands-CodeAct-2.1-sonnet-20241022,20241029_OpenHands-CodeAct-2.1-sonnet-20241022,0,step,11,11
20241029_OpenHands-CodeAct-2.1-sonnet-20241022/psf__requests-1142,psf__requests-1142,20241029_OpenHands-CodeAct-2.1-sonnet-20241022,20241029_OpenHands-CodeAct-2.1-sonnet-20241022,20241029_OpenHands-CodeAct-2.1-sonnet-20241022,0,step,32,32
20241029_OpenHands-CodeAct-2.1-sonnet-20241022/psf__requests-1766,psf__requests-1766,20241029_OpenHands-CodeAct-2.1-sonnet-20241022,20241029_OpenHands-CodeAct-2.1-sonnet-20241022,20241029_OpenHands-CodeAct-2.1-sonnet-20241022,0,step,6,6
20241029_OpenHands-CodeAct-2.1-sonnet-20241022/psf__requests-2317,psf__requests-2317,20241029_OpenHands-CodeAct-2.1-sonnet-20241022,20241029_OpenHands-CodeAct-2.1-sonnet-20241022,20241029_OpenHands-CodeAct-2.1-sonnet-20241022,0,step,9,9
20241029_OpenHands-CodeAct-2.1-sonnet-20241022/psf__requests-5414,psf__requests-5414,20241029_OpenHands-CodeAct-2.1-sonnet-20241022,20241029_OpenHands-CodeAct-2.1-sonnet-20241022,20241029_OpenHands-CodeAct-2.1-sonnet-20241022,0,step,27,27
20241029_OpenHands-CodeAct-2.1-sonnet-20241022/pydata__xarray-3151,pydata__xarray-3151,20241029_OpenHands-CodeAct-2.1-sonnet-20241022,20241029_OpenHands-CodeAct-2.1-sonnet-20241022,20241029_OpenHands-CodeAct-2.1-sonnet-20241022,0,step,13,13
20241029_OpenHands-CodeAct-2.1-sonnet-20241022/pydata__xarray-3305,pydata__xarray-3305,20241029_OpenHands-CodeAct-2.1-sonnet-20241022,20241029_OpenHands-CodeAct-2.1-sonnet-20241022,20241029_OpenHands-CodeAct-2.1-sonnet-20241022,0,step,23,23
20241029_OpenHands-CodeAct-2.1-sonnet-20241022/pydata__xarray-3677,pydata__xarray-3677,20241029_OpenHands-CodeAct-2.1-sonnet-20241022,20241029_OpenHands-CodeAct-2.1-sonnet-20241022,20241029_OpenHands-CodeAct-2.1-sonnet-20241022,0,step,12,12
20241029_OpenHands-CodeAct-2.1-sonnet-20241022/pydata__xarray-3993,pydata__xarray-3993,20241029_OpenHands-CodeAct-2.1-sonnet-20241022,20241029_OpenHands-CodeAct-2.1-sonnet-20241022,20241029_OpenHands-CodeAct-2.1-sonnet-20241022,0,step,18,18
20241029_OpenHands-CodeAct-2.1-sonnet-20241022/pydata__xarray-4075,pydata__xarray-4075,20241029_OpenHands-CodeAct-2.1-sonnet-20241022,20241029_OpenHands-CodeAct-2.1-sonnet-20241022,20241029_OpenHands-CodeAct-2.1-sonnet-20241022,0,step,12,12
20241029_OpenHands-CodeAct-2.1-sonnet-20241022/pydata__xarray-4094,pydata__xarray-4094,20241029_OpenHands-CodeAct-2.1-sonnet-20241022,20241029_OpenHands-CodeAct-2.1-sonnet-20241022,20241029_OpenHands-CodeAct-2.1-sonnet-20241022,0,step,22,22
20241029_OpenHands-CodeAct-2.1-sonnet-20241022/pydata__xarray-4356,pydata__xarray-4356,20241029_OpenHands-CodeAct-2.1-sonnet-20241022,20241029_OpenHands-CodeAct-2.1-sonnet-20241022,20241029_OpenHands-CodeAct-2.1-sonnet-20241022,0,step,13,13
20241029_OpenHands-CodeAct-2.1-sonnet-20241022/pydata__xarray-4629,pydata__xarray-4629,20241029_OpenHands-CodeAct-2.1-sonnet-20241022,20241029_OpenHands-CodeAct-2.1-sonnet-20241022,20241029_OpenHands-CodeAct-2.1-sonnet-20241022,0,step,13,13
20241029_OpenHands-CodeAct-2.1-sonnet-20241022/pydata__xarray-6461,pydata__xarray-6461,20241029_OpenHands-CodeAct-2.1-sonnet-20241022,20241029_OpenHands-CodeAct-2.1-sonnet-20241022,20241029_OpenHands-CodeAct-2.1-sonnet-20241022,0,step,10,10
20241029_OpenHands-CodeAct-2.1-sonnet-20241022/pydata__xarray-6721,pydata__xarray-6721,20241029_OpenHands-CodeAct-2.1-sonnet-20241022,20241029_OpenHands-CodeAct-2.1-sonnet-20241022,20241029_OpenHands-CodeAct-2.1-sonnet-20241022,0,step,18,18
20241029_OpenHands-CodeAct-2.1-sonnet-20241022/pydata__xarray-6744,pydata__xarray-6744,20241029_OpenHands-CodeAct-2.1-sonnet-20241022,20241029_OpenHands-CodeAct-2.1-sonnet-20241022,20241029_OpenHands-CodeAct-2.1-sonnet-20241022,0,step,12,12
20241029_OpenHands-CodeAct-2.1-sonnet-20241022/pydata__xarray-7233,pydata__xarray-7233,20241029_OpenHands-CodeAct-2.1-sonnet-20241022,20241029_OpenHands-CodeAct-2.1-sonnet-20241022,20241029_OpenHands-CodeAct-2.1-sonnet-20241022,0,step,18,18
20241029_OpenHands-CodeAct-2.1-sonnet-20241022/pylint-dev__pylint-6528,pylint-dev__pylint-6528,20241029_OpenHands-CodeAct-2.1-sonnet-20241022,20241029_OpenHands-CodeAct-2.1-sonnet-20241022,20241029_OpenHands-CodeAct-2.1-sonnet-20241022,0,step,15,15
20241029_OpenHands-CodeAct-2.1-sonnet-20241022/pylint-dev__pylint-6903,pylint-dev__pylint-6903,20241029_OpenHands-CodeAct-2.1-sonnet-20241022,20241029_OpenHands-CodeAct-2.1-sonnet-20241022,20241029_OpenHands-CodeAct-2.1-sonnet-20241022,0,step,11,11
20241029_OpenHands-CodeAct-2.1-sonnet-20241022/pylint-dev__pylint-7277,pylint-dev__pylint-7277,20241029_OpenHands-CodeAct-2.1-sonnet-20241022,20241029_OpenHands-CodeAct-2.1-sonnet-20241022,20241029_OpenHands-CodeAct-2.1-sonnet-20241022,0,step,7,7
20241029_OpenHands-CodeAct-2.1-sonnet-20241022/pytest-dev__pytest-10081,pytest-dev__pytest-10081,20241029_OpenHands-CodeAct-2.1-sonnet-20241022,20241029_OpenHands-CodeAct-2.1-sonnet-20241022,20241029_OpenHands-CodeAct-2.1-sonnet-20241022,0,step,12,12
20241029_OpenHands-CodeAct-2.1-sonnet-20241022/pytest-dev__pytest-5809,pytest-dev__pytest-5809,20241029_OpenHands-CodeAct-2.1-sonnet-20241022,20241029_OpenHands-CodeAct-2.1-sonnet-20241022,20241029_OpenHands-CodeAct-2.1-sonnet-20241022,0,step,6,6
20241029_OpenHands-CodeAct-2.1-sonnet-20241022/pytest-dev__pytest-6202,pytest-dev__pytest-6202,20241029_OpenHands-CodeAct-2.1-sonnet-20241022,20241029_OpenHands-CodeAct-2.1-sonnet-20241022,20241029_OpenHands-CodeAct-2.1-sonnet-20241022,0,step,14,14
20241029_OpenHands-CodeAct-2.1-sonnet-20241022/pytest-dev__pytest-7205,pytest-dev__pytest-7205,20241029_OpenHands-CodeAct-2.1-sonnet-20241022,20241029_OpenHands-CodeAct-2.1-sonnet-20241022,20241029_OpenHands-CodeAct-2.1-sonnet-20241022,0,step,8,8
20241029_OpenHands-CodeAct-2.1-sonnet-20241022/pytest-dev__pytest-7432,pytest-dev__pytest-7432,20241029_OpenHands-CodeAct-2.1-sonnet-20241022,20241029_OpenHands-CodeAct-2.1-sonnet-20241022,20241029_OpenHands-CodeAct-2.1-sonnet-20241022,0,step,8,8
20241029_OpenHands-CodeAct-2.1-sonnet-20241022/pytest-dev__pytest-7521,pytest-dev__pytest-7521,20241029_OpenHands-CodeAct-2.1-sonnet-20241022,20241029_OpenHands-CodeAct-2.1-sonnet-20241022,20241029_OpenHands-CodeAct-2.1-sonnet-20241022,0,step,15,15
20241029_OpenHands-CodeAct-2.1-sonnet-20241022/pytest-dev__pytest-7571,pytest-dev__pytest-7571,20241029_OpenHands-CodeAct-2.1-sonnet-20241022,20241029_OpenHands-CodeAct-2.1-sonnet-20241022,20241029_OpenHands-CodeAct-2.1-sonnet-20241022,0,step,12,12
20241029_OpenHands-CodeAct-2.1-sonnet-20241022/pytest-dev__pytest-7982,pytest-dev__pytest-7982,20241029_OpenHands-CodeAct-2.1-sonnet-20241022,20241029_OpenHands-CodeAct-2.1-sonnet-20241022,20241029_OpenHands-CodeAct-2.1-sonnet-20241022,0,step,19,19
20241029_OpenHands-CodeAct-2.1-sonnet-20241022/pytest-dev__pytest-8399,pytest-dev__pytest-8399,20241029_OpenHands-CodeAct-2.1-sonnet-20241022,20241029_OpenHands-CodeAct-2.1-sonnet-20241022,20241029_OpenHands-CodeAct-2.1-sonnet-20241022,0,step,7,7
20241029_OpenHands-CodeAct-2.1-sonnet-20241022/scikit-learn__scikit-learn-10297,scikit-learn__scikit-learn-10297,20241029_OpenHands-CodeAct-2.1-sonnet-20241022,20241029_OpenHands-CodeAct-2.1-sonnet-20241022,20241029_OpenHands-CodeAct-2.1-sonnet-20241022,0,step,15,15
20241029_OpenHands-CodeAct-2.1-sonnet-20241022/scikit-learn__scikit-learn-10844,scikit-learn__scikit-learn-10844,20241029_OpenHands-CodeAct-2.1-sonnet-20241022,20241029_OpenHands-CodeAct-2.1-sonnet-20241022,20241029_OpenHands-CodeAct-2.1-sonnet-20241022,0,step,14,14
20241029_OpenHands-CodeAct-2.1-sonnet-20241022/scikit-learn__scikit-learn-11310,scikit-learn__scikit-learn-11310,20241029_OpenHands-CodeAct-2.1-sonnet-20241022,20241029_OpenHands-CodeAct-2.1-sonnet-20241022,20241029_OpenHands-CodeAct-2.1-sonnet-20241022,0,step,17,17
20241029_OpenHands-CodeAct-2.1-sonnet-20241022/scikit-learn__scikit-learn-11578,scikit-learn__scikit-learn-11578,20241029_OpenHands-CodeAct-2.1-sonnet-20241022,20241029_OpenHands-CodeAct-2.1-sonnet-20241022,20241029_OpenHands-CodeAct-2.1-sonnet-20241022,0,step,8,8
20241029_OpenHands-CodeAct-2.1-sonnet-20241022/scikit-learn__scikit-learn-12585,scikit-learn__scikit-learn-12585,20241029_OpenHands-CodeAct-2.1-sonnet-20241022,20241029_OpenHands-CodeAct-2.1-sonnet-20241022,20241029_OpenHands-CodeAct-2.1-sonnet-20241022,0,step,9,9
20241029_OpenHands-CodeAct-2.1-sonnet-20241022/scikit-learn__scikit-learn-13135,scikit-learn__scikit-learn-13135,20241029_OpenHands-CodeAct-2.1-sonnet-20241022,20241029_OpenHands-CodeAct-2.1-sonnet-20241022,20241029_OpenHands-CodeAct-2.1-sonnet-20241022,0,step,13,13
20241029_OpenHands-CodeAct-2.1-sonnet-20241022/scikit-learn__scikit-learn-13142,scikit-learn__scikit-learn-13142,20241029_OpenHands-CodeAct-2.1-sonnet-20241022,20241029_OpenHands-CodeAct-2.1-sonnet-20241022,20241029_OpenHands-CodeAct-2.1-sonnet-20241022,0,step,8,8
20241029_OpenHands-CodeAct-2.1-sonnet-20241022/scikit-learn__scikit-learn-13328,scikit-learn__scikit-learn-13328,20241029_OpenHands-CodeAct-2.1-sonnet-20241022,20241029_OpenHands-CodeAct-2.1-sonnet-20241022,20241029_OpenHands-CodeAct-2.1-sonnet-20241022,0,step,6,6
20241029_OpenHands-CodeAct-2.1-sonnet-20241022/scikit-learn__scikit-learn-13439,scikit-learn__scikit-learn-13439,20241029_OpenHands-CodeAct-2.1-sonnet-20241022,20241029_OpenHands-CodeAct-2.1-sonnet-20241022,20241029_OpenHands-CodeAct-2.1-sonnet-20241022,0,step,11,11
20241029_OpenHands-CodeAct-2.1-sonnet-20241022/scikit-learn__scikit-learn-13496,scikit-learn__scikit-learn-13496,20241029_OpenHands-CodeAct-2.1-sonnet-20241022,20241029_OpenHands-CodeAct-2.1-sonnet-20241022,20241029_OpenHands-CodeAct-2.1-sonnet-20241022,0,step,11,11
20241029_OpenHands-CodeAct-2.1-sonnet-20241022/scikit-learn__scikit-learn-13779,scikit-learn__scikit-learn-13779,20241029_OpenHands-CodeAct-2.1-sonnet-20241022,20241029_OpenHands-CodeAct-2.1-sonnet-20241022,20241029_OpenHands-CodeAct-2.1-sonnet-20241022,0,step,9,9
20241029_OpenHands-CodeAct-2.1-sonnet-20241022/scikit-learn__scikit-learn-14053,scikit-learn__scikit-learn-14053,20241029_OpenHands-CodeAct-2.1-sonnet-20241022,20241029_OpenHands-CodeAct-2.1-sonnet-20241022,20241029_OpenHands-CodeAct-2.1-sonnet-20241022,0,step,14,14
20241029_OpenHands-CodeAct-2.1-sonnet-20241022/scikit-learn__scikit-learn-14087,scikit-learn__scikit-learn-14087,20241029_OpenHands-CodeAct-2.1-sonnet-20241022,20241029_OpenHands-CodeAct-2.1-sonnet-20241022,20241029_OpenHands-CodeAct-2.1-sonnet-20241022,0,step,18,18
20241029_OpenHands-CodeAct-2.1-sonnet-20241022/scikit-learn__scikit-learn-14141,scikit-learn__scikit-learn-14141,20241029_OpenHands-CodeAct-2.1-sonnet-20241022,20241029_OpenHands-CodeAct-2.1-sonnet-20241022,20241029_OpenHands-CodeAct-2.1-sonnet-20241022,0,step,11,11
20241029_OpenHands-CodeAct-2.1-sonnet-20241022/scikit-learn__scikit-learn-14496,scikit-learn__scikit-learn-14496,20241029_OpenHands-CodeAct-2.1-sonnet-20241022,20241029_OpenHands-CodeAct-2.1-sonnet-20241022,20241029_OpenHands-CodeAct-2.1-sonnet-20241022,0,step,14,14
20241029_OpenHands-CodeAct-2.1-sonnet-20241022/scikit-learn__scikit-learn-14710,scikit-learn__scikit-learn-14710,20241029_OpenHands-CodeAct-2.1-sonnet-20241022,20241029_OpenHands-CodeAct-2.1-sonnet-20241022,20241029_OpenHands-CodeAct-2.1-sonnet-20241022,0,step,10,10
20241029_OpenHands-CodeAct-2.1-sonnet-20241022/scikit-learn__scikit-learn-14894,scikit-learn__scikit-learn-14894,20241029_OpenHands-CodeAct-2.1-sonnet-20241022,20241029_OpenHands-CodeAct-2.1-sonnet-20241022,20241029_OpenHands-CodeAct-2.1-sonnet-20241022,0,step,10,10
20241029_OpenHands-CodeAct-2.1-sonnet-20241022/scikit-learn__scikit-learn-15100,scikit-learn__scikit-learn-15100,20241029_OpenHands-CodeAct-2.1-sonnet-20241022,20241029_OpenHands-CodeAct-2.1-sonnet-20241022,20241029_OpenHands-CodeAct-2.1-sonnet-20241022,0,step,11,11
20241029_OpenHands-CodeAct-2.1-sonnet-20241022/scikit-learn__scikit-learn-25102,scikit-learn__scikit-learn-25102,20241029_OpenHands-CodeAct-2.1-sonnet-20241022,20241029_OpenHands-CodeAct-2.1-sonnet-20241022,20241029_OpenHands-CodeAct-2.1-sonnet-20241022,0,step,14,14
20241029_OpenHands-CodeAct-2.1-sonnet-20241022/scikit-learn__scikit-learn-25232,scikit-learn__scikit-learn-25232,20241029_OpenHands-CodeAct-2.1-sonnet-20241022,20241029_OpenHands-CodeAct-2.1-sonnet-20241022,20241029_OpenHands-CodeAct-2.1-sonnet-20241022,0,step,24,24
20241029_OpenHands-CodeAct-2.1-sonnet-20241022/scikit-learn__scikit-learn-25931,scikit-learn__scikit-learn-25931,20241029_OpenHands-CodeAct-2.1-sonnet-20241022,20241029_OpenHands-CodeAct-2.1-sonnet-20241022,20241029_OpenHands-CodeAct-2.1-sonnet-20241022,0,step,13,13
20241029_OpenHands-CodeAct-2.1-sonnet-20241022/scikit-learn__scikit-learn-26323,scikit-learn__scikit-learn-26323,20241029_OpenHands-CodeAct-2.1-sonnet-20241022,20241029_OpenHands-CodeAct-2.1-sonnet-20241022,20241029_OpenHands-CodeAct-2.1-sonnet-20241022,0,step,8,8
20241029_OpenHands-CodeAct-2.1-sonnet-20241022/scikit-learn__scikit-learn-9288,scikit-learn__scikit-learn-9288,20241029_OpenHands-CodeAct-2.1-sonnet-20241022,20241029_OpenHands-CodeAct-2.1-sonnet-20241022,20241029_OpenHands-CodeAct-2.1-sonnet-20241022,0,step,11,11
20241029_OpenHands-CodeAct-2.1-sonnet-20241022/sphinx-doc__sphinx-10449,sphinx-doc__sphinx-10449,20241029_OpenHands-CodeAct-2.1-sonnet-20241022,20241029_OpenHands-CodeAct-2.1-sonnet-20241022,20241029_OpenHands-CodeAct-2.1-sonnet-20241022,0,step,10,10
20241029_OpenHands-CodeAct-2.1-sonnet-20241022/sphinx-doc__sphinx-10466,sphinx-doc__sphinx-10466,20241029_OpenHands-CodeAct-2.1-sonnet-20241022,20241029_OpenHands-CodeAct-2.1-sonnet-20241022,20241029_OpenHands-CodeAct-2.1-sonnet-20241022,0,step,6,6
20241029_OpenHands-CodeAct-2.1-sonnet-20241022/sphinx-doc__sphinx-10673,sphinx-doc__sphinx-10673,20241029_OpenHands-CodeAct-2.1-sonnet-20241022,20241029_OpenHands-CodeAct-2.1-sonnet-20241022,20241029_OpenHands-CodeAct-2.1-sonnet-20241022,0,step,22,22
20241029_OpenHands-CodeAct-2.1-sonnet-20241022/sphinx-doc__sphinx-7454,sphinx-doc__sphinx-7454,20241029_OpenHands-CodeAct-2.1-sonnet-20241022,20241029_OpenHands-CodeAct-2.1-sonnet-20241022,20241029_OpenHands-CodeAct-2.1-sonnet-20241022,0,step,17,17
20241029_OpenHands-CodeAct-2.1-sonnet-20241022/sphinx-doc__sphinx-7910,sphinx-doc__sphinx-7910,20241029_OpenHands-CodeAct-2.1-sonnet-20241022,20241029_OpenHands-CodeAct-2.1-sonnet-20241022,20241029_OpenHands-CodeAct-2.1-sonnet-20241022,0,step,19,19
20241029_OpenHands-CodeAct-2.1-sonnet-20241022/sphinx-doc__sphinx-8120,sphinx-doc__sphinx-8120,20241029_OpenHands-CodeAct-2.1-sonnet-20241022,20241029_OpenHands-CodeAct-2.1-sonnet-20241022,20241029_OpenHands-CodeAct-2.1-sonnet-20241022,0,step,82,82
20241029_OpenHands-CodeAct-2.1-sonnet-20241022/sphinx-doc__sphinx-8269,sphinx-doc__sphinx-8269,20241029_OpenHands-CodeAct-2.1-sonnet-20241022,20241029_OpenHands-CodeAct-2.1-sonnet-20241022,20241029_OpenHands-CodeAct-2.1-sonnet-20241022,0,step,8,8
20241029_OpenHands-CodeAct-2.1-sonnet-20241022/sphinx-doc__sphinx-8459,sphinx-doc__sphinx-8459,20241029_OpenHands-CodeAct-2.1-sonnet-20241022,20241029_OpenHands-CodeAct-2.1-sonnet-20241022,20241029_OpenHands-CodeAct-2.1-sonnet-20241022,0,step,33,33
20241029_OpenHands-CodeAct-2.1-sonnet-20241022/sphinx-doc__sphinx-8475,sphinx-doc__sphinx-8475,20241029_OpenHands-CodeAct-2.1-sonnet-20241022,20241029_OpenHands-CodeAct-2.1-sonnet-20241022,20241029_OpenHands-CodeAct-2.1-sonnet-20241022,0,step,8,8
20241029_OpenHands-CodeAct-2.1-sonnet-20241022/sphinx-doc__sphinx-8593,sphinx-doc__sphinx-8593,20241029_OpenHands-CodeAct-2.1-sonnet-20241022,20241029_OpenHands-CodeAct-2.1-sonnet-20241022,20241029_OpenHands-CodeAct-2.1-sonnet-20241022,0,step,29,29
20241029_OpenHands-CodeAct-2.1-sonnet-20241022/sphinx-doc__sphinx-8595,sphinx-doc__sphinx-8595,20241029_OpenHands-CodeAct-2.1-sonnet-20241022,20241029_OpenHands-CodeAct-2.1-sonnet-20241022,20241029_OpenHands-CodeAct-2.1-sonnet-20241022,0,step,20,20
20241029_OpenHands-CodeAct-2.1-sonnet-20241022/sphinx-doc__sphinx-8721,sphinx-doc__sphinx-8721,20241029_OpenHands-CodeAct-2.1-sonnet-20241022,20241029_OpenHands-CodeAct-2.1-sonnet-20241022,20241029_OpenHands-CodeAct-2.1-sonnet-20241022,0,step,22,22
20241029_OpenHands-CodeAct-2.1-sonnet-20241022/sphinx-doc__sphinx-9230,sphinx-doc__sphinx-9230,20241029_OpenHands-CodeAct-2.1-sonnet-20241022,20241029_OpenHands-CodeAct-2.1-sonnet-20241022,20241029_OpenHands-CodeAct-2.1-sonnet-20241022,0,step,23,23
20241029_OpenHands-CodeAct-2.1-sonnet-20241022/sphinx-doc__sphinx-9258,sphinx-doc__sphinx-9258,20241029_OpenHands-CodeAct-2.1-sonnet-20241022,20241029_OpenHands-CodeAct-2.1-sonnet-20241022,20241029_OpenHands-CodeAct-2.1-sonnet-20241022,0,step,14,14
20241029_OpenHands-CodeAct-2.1-sonnet-20241022/sphinx-doc__sphinx-9320,sphinx-doc__sphinx-9320,20241029_OpenHands-CodeAct-2.1-sonnet-20241022,20241029_OpenHands-CodeAct-2.1-sonnet-20241022,20241029_OpenHands-CodeAct-2.1-sonnet-20241022,0,step,11,11
20241029_OpenHands-CodeAct-2.1-sonnet-20241022/sphinx-doc__sphinx-9367,sphinx-doc__sphinx-9367,20241029_OpenHands-CodeAct-2.1-sonnet-20241022,20241029_OpenHands-CodeAct-2.1-sonnet-20241022,20241029_OpenHands-CodeAct-2.1-sonnet-20241022,0,step,6,6
20241029_OpenHands-CodeAct-2.1-sonnet-20241022/sphinx-doc__sphinx-9698,sphinx-doc__sphinx-9698,20241029_OpenHands-CodeAct-2.1-sonnet-20241022,20241029_OpenHands-CodeAct-2.1-sonnet-20241022,20241029_OpenHands-CodeAct-2.1-sonnet-20241022,0,step,21,21
20241029_OpenHands-CodeAct-2.1-sonnet-20241022/sphinx-doc__sphinx-9711,sphinx-doc__sphinx-9711,20241029_OpenHands-CodeAct-2.1-sonnet-20241022,20241029_OpenHands-CodeAct-2.1-sonnet-20241022,20241029_OpenHands-CodeAct-2.1-sonnet-20241022,0,step,12,12
20241029_OpenHands-CodeAct-2.1-sonnet-20241022/sympy__sympy-11618,sympy__sympy-11618,20241029_OpenHands-CodeAct-2.1-sonnet-20241022,20241029_OpenHands-CodeAct-2.1-sonnet-20241022,20241029_OpenHands-CodeAct-2.1-sonnet-20241022,0,step,10,10
20241029_OpenHands-CodeAct-2.1-sonnet-20241022/sympy__sympy-12096,sympy__sympy-12096,20241029_OpenHands-CodeAct-2.1-sonnet-20241022,20241029_OpenHands-CodeAct-2.1-sonnet-20241022,20241029_OpenHands-CodeAct-2.1-sonnet-20241022,0,step,16,16
20241029_OpenHands-CodeAct-2.1-sonnet-20241022/sympy__sympy-12419,sympy__sympy-12419,20241029_OpenHands-CodeAct-2.1-sonnet-20241022,20241029_OpenHands-CodeAct-2.1-sonnet-20241022,20241029_OpenHands-CodeAct-2.1-sonnet-20241022,0,step,33,33
20241029_OpenHands-CodeAct-2.1-sonnet-20241022/sympy__sympy-12481,sympy__sympy-12481,20241029_OpenHands-CodeAct-2.1-sonnet-20241022,20241029_OpenHands-CodeAct-2.1-sonnet-20241022,20241029_OpenHands-CodeAct-2.1-sonnet-20241022,0,step,13,13
20241029_OpenHands-CodeAct-2.1-sonnet-20241022/sympy__sympy-13372,sympy__sympy-13372,20241029_OpenHands-CodeAct-2.1-sonnet-20241022,20241029_OpenHands-CodeAct-2.1-sonnet-20241022,20241029_OpenHands-CodeAct-2.1-sonnet-20241022,0,step,12,12
20241029_OpenHands-CodeAct-2.1-sonnet-20241022/sympy__sympy-13480,sympy__sympy-13480,20241029_OpenHands-CodeAct-2.1-sonnet-20241022,20241029_OpenHands-CodeAct-2.1-sonnet-20241022,20241029_OpenHands-CodeAct-2.1-sonnet-20241022,0,step,10,10
20241029_OpenHands-CodeAct-2.1-sonnet-20241022/sympy__sympy-13647,sympy__sympy-13647,20241029_OpenHands-CodeAct-2.1-sonnet-20241022,20241029_OpenHands-CodeAct-2.1-sonnet-20241022,20241029_OpenHands-CodeAct-2.1-sonnet-20241022,0,step,12,12
20241029_OpenHands-CodeAct-2.1-sonnet-20241022/sympy__sympy-13878,sympy__sympy-13878,20241029_OpenHands-CodeAct-2.1-sonnet-20241022,20241029_OpenHands-CodeAct-2.1-sonnet-20241022,20241029_OpenHands-CodeAct-2.1-sonnet-20241022,0,step,51,51
20241029_OpenHands-CodeAct-2.1-sonnet-20241022/sympy__sympy-14711,sympy__sympy-14711,20241029_OpenHands-CodeAct-2.1-sonnet-20241022,20241029_OpenHands-CodeAct-2.1-sonnet-20241022,20241029_OpenHands-CodeAct-2.1-sonnet-20241022,0,step,19,19
20241029_OpenHands-CodeAct-2.1-sonnet-20241022/sympy__sympy-14976,sympy__sympy-14976,20241029_OpenHands-CodeAct-2.1-sonnet-20241022,20241029_OpenHands-CodeAct-2.1-sonnet-20241022,20241029_OpenHands-CodeAct-2.1-sonnet-20241022,0,step,11,11
20241029_OpenHands-CodeAct-2.1-sonnet-20241022/sympy__sympy-15017,sympy__sympy-15017,20241029_OpenHands-CodeAct-2.1-sonnet-20241022,20241029_OpenHands-CodeAct-2.1-sonnet-20241022,20241029_OpenHands-CodeAct-2.1-sonnet-20241022,0,step,15,15
20241029_OpenHands-CodeAct-2.1-sonnet-20241022/sympy__sympy-15345,sympy__sympy-15345,20241029_OpenHands-CodeAct-2.1-sonnet-20241022,20241029_OpenHands-CodeAct-2.1-sonnet-20241022,20241029_OpenHands-CodeAct-2.1-sonnet-20241022,0,step,14,14
20241029_OpenHands-CodeAct-2.1-sonnet-20241022/sympy__sympy-15349,sympy__sympy-15349,20241029_OpenHands-CodeAct-2.1-sonnet-20241022,20241029_OpenHands-CodeAct-2.1-sonnet-20241022,20241029_OpenHands-CodeAct-2.1-sonnet-20241022,0,step,10,10
20241029_OpenHands-CodeAct-2.1-sonnet-20241022/sympy__sympy-15599,sympy__sympy-15599,20241029_OpenHands-CodeAct-2.1-sonnet-20241022,20241029_OpenHands-CodeAct-2.1-sonnet-20241022,20241029_OpenHands-CodeAct-2.1-sonnet-20241022,0,step,27,27
20241029_OpenHands-CodeAct-2.1-sonnet-20241022/sympy__sympy-15875,sympy__sympy-15875,20241029_OpenHands-CodeAct-2.1-sonnet-20241022,20241029_OpenHands-CodeAct-2.1-sonnet-20241022,20241029_OpenHands-CodeAct-2.1-sonnet-20241022,0,step,11,11
20241029_OpenHands-CodeAct-2.1-sonnet-20241022/sympy__sympy-16450,sympy__sympy-16450,20241029_OpenHands-CodeAct-2.1-sonnet-20241022,20241029_OpenHands-CodeAct-2.1-sonnet-20241022,20241029_OpenHands-CodeAct-2.1-sonnet-20241022,0,step,11,11
20241029_OpenHands-CodeAct-2.1-sonnet-20241022/sympy__sympy-16766,sympy__sympy-16766,20241029_OpenHands-CodeAct-2.1-sonnet-20241022,20241029_OpenHands-CodeAct-2.1-sonnet-20241022,20241029_OpenHands-CodeAct-2.1-sonnet-20241022,0,step,9,9
20241029_OpenHands-CodeAct-2.1-sonnet-20241022/sympy__sympy-16792,sympy__sympy-16792,20241029_OpenHands-CodeAct-2.1-sonnet-20241022,20241029_OpenHands-CodeAct-2.1-sonnet-20241022,20241029_OpenHands-CodeAct-2.1-sonnet-20241022,0,step,19,19
20241029_OpenHands-CodeAct-2.1-sonnet-20241022/sympy__sympy-16886,sympy__sympy-16886,20241029_OpenHands-CodeAct-2.1-sonnet-20241022,20241029_OpenHands-CodeAct-2.1-sonnet-20241022,20241029_OpenHands-CodeAct-2.1-sonnet-20241022,0,step,8,8
20241029_OpenHands-CodeAct-2.1-sonnet-20241022/sympy__sympy-17139,sympy__sympy-17139,20241029_OpenHands-CodeAct-2.1-sonnet-20241022,20241029_OpenHands-CodeAct-2.1-sonnet-20241022,20241029_OpenHands-CodeAct-2.1-sonnet-20241022,0,step,10,10
20241029_OpenHands-CodeAct-2.1-sonnet-20241022/sympy__sympy-17655,sympy__sympy-17655,20241029_OpenHands-CodeAct-2.1-sonnet-20241022,20241029_OpenHands-CodeAct-2.1-sonnet-20241022,20241029_OpenHands-CodeAct-2.1-sonnet-20241022,0,step,11,11
20241029_OpenHands-CodeAct-2.1-sonnet-20241022/sympy__sympy-18189,sympy__sympy-18189,20241029_OpenHands-CodeAct-2.1-sonnet-20241022,20241029_OpenHands-CodeAct-2.1-sonnet-20241022,20241029_OpenHands-CodeAct-2.1-sonnet-20241022,0,step,12,12
20241029_OpenHands-CodeAct-2.1-sonnet-20241022/sympy__sympy-19346,sympy__sympy-19346,20241029_OpenHands-CodeAct-2.1-sonnet-20241022,20241029_OpenHands-CodeAct-2.1-sonnet-20241022,20241029_OpenHands-CodeAct-2.1-sonnet-20241022,0,step,10,10
20241029_OpenHands-CodeAct-2.1-sonnet-20241022/sympy__sympy-19637,sympy__sympy-19637,20241029_OpenHands-CodeAct-2.1-sonnet-20241022,20241029_OpenHands-CodeAct-2.1-sonnet-20241022,20241029_OpenHands-CodeAct-2.1-sonnet-20241022,0,step,13,13
20241029_OpenHands-CodeAct-2.1-sonnet-20241022/sympy__sympy-19783,sympy__sympy-19783,20241029_OpenHands-CodeAct-2.1-sonnet-20241022,20241029_OpenHands-CodeAct-2.1-sonnet-20241022,20241029_OpenHands-CodeAct-2.1-sonnet-20241022,0,step,17,17
20241029_OpenHands-CodeAct-2.1-sonnet-20241022/sympy__sympy-19954,sympy__sympy-19954,20241029_OpenHands-CodeAct-2.1-sonnet-20241022,20241029_OpenHands-CodeAct-2.1-sonnet-20241022,20241029_OpenHands-CodeAct-2.1-sonnet-20241022,0,step,13,13
20241029_OpenHands-CodeAct-2.1-sonnet-20241022/sympy__sympy-20154,sympy__sympy-20154,20241029_OpenHands-CodeAct-2.1-sonnet-20241022,20241029_OpenHands-CodeAct-2.1-sonnet-20241022,20241029_OpenHands-CodeAct-2.1-sonnet-20241022,0,step,17,17
20241029_OpenHands-CodeAct-2.1-sonnet-20241022/sympy__sympy-20801,sympy__sympy-20801,20241029_OpenHands-CodeAct-2.1-sonnet-20241022,20241029_OpenHands-CodeAct-2.1-sonnet-20241022,20241029_OpenHands-CodeAct-2.1-sonnet-20241022,0,step,20,20
20241029_OpenHands-CodeAct-2.1-sonnet-20241022/sympy__sympy-21847,sympy__sympy-21847,20241029_OpenHands-CodeAct-2.1-sonnet-20241022,20241029_OpenHands-CodeAct-2.1-sonnet-20241022,20241029_OpenHands-CodeAct-2.1-sonnet-20241022,0,step,13,13
20241029_OpenHands-CodeAct-2.1-sonnet-20241022/sympy__sympy-22456,sympy__sympy-22456,20241029_OpenHands-CodeAct-2.1-sonnet-20241022,20241029_OpenHands-CodeAct-2.1-sonnet-20241022,20241029_OpenHands-CodeAct-2.1-sonnet-20241022,0,step,10,10
20241029_OpenHands-CodeAct-2.1-sonnet-20241022/sympy__sympy-22714,sympy__sympy-22714,20241029_OpenHands-CodeAct-2.1-sonnet-20241022,20241029_OpenHands-CodeAct-2.1-sonnet-20241022,20241029_OpenHands-CodeAct-2.1-sonnet-20241022,0,step,16,16
20241029_OpenHands-CodeAct-2.1-sonnet-20241022/sympy__sympy-22914,sympy__sympy-22914,20241029_OpenHands-CodeAct-2.1-sonnet-20241022,20241029_OpenHands-CodeAct-2.1-sonnet-20241022,20241029_OpenHands-CodeAct-2.1-sonnet-20241022,0,step,9,9
20241029_OpenHands-CodeAct-2.1-sonnet-20241022/sympy__sympy-23262,sympy__sympy-23262,20241029_OpenHands-CodeAct-2.1-sonnet-20241022,20241029_OpenHands-CodeAct-2.1-sonnet-20241022,20241029_OpenHands-CodeAct-2.1-sonnet-20241022,0,step,36,36
20241029_OpenHands-CodeAct-2.1-sonnet-20241022/sympy__sympy-23534,sympy__sympy-23534,20241029_OpenHands-CodeAct-2.1-sonnet-20241022,20241029_OpenHands-CodeAct-2.1-sonnet-20241022,20241029_OpenHands-CodeAct-2.1-sonnet-20241022,0,step,15,15
20241029_OpenHands-CodeAct-2.1-sonnet-20241022/sympy__sympy-23950,sympy__sympy-23950,20241029_OpenHands-CodeAct-2.1-sonnet-20241022,20241029_OpenHands-CodeAct-2.1-sonnet-20241022,20241029_OpenHands-CodeAct-2.1-sonnet-20241022,0,step,10,10
20241029_OpenHands-CodeAct-2.1-sonnet-20241022/sympy__sympy-24066,sympy__sympy-24066,20241029_OpenHands-CodeAct-2.1-sonnet-20241022,20241029_OpenHands-CodeAct-2.1-sonnet-20241022,20241029_OpenHands-CodeAct-2.1-sonnet-20241022,0,step,16,16
20241029_OpenHands-CodeAct-2.1-sonnet-20241022/sympy__sympy-24213,sympy__sympy-24213,20241029_OpenHands-CodeAct-2.1-sonnet-20241022,20241029_OpenHands-CodeAct-2.1-sonnet-20241022,20241029_OpenHands-CodeAct-2.1-sonnet-20241022,0,step,12,12
20241029_OpenHands-CodeAct-2.1-sonnet-20241022/sympy__sympy-24443,sympy__sympy-24443,20241029_OpenHands-CodeAct-2.1-sonnet-20241022,20241029_OpenHands-CodeAct-2.1-sonnet-20241022,20241029_OpenHands-CodeAct-2.1-sonnet-20241022,0,step,11,11
20241029_OpenHands-CodeAct-2.1-sonnet-20241022/sympy__sympy-24539,sympy__sympy-24539,20241029_OpenHands-CodeAct-2.1-sonnet-20241022,20241029_OpenHands-CodeAct-2.1-sonnet-20241022,20241029_OpenHands-CodeAct-2.1-sonnet-20241022,0,step,12,12
20241029_OpenHands-CodeAct-2.1-sonnet-20241022/sympy__sympy-24661,sympy__sympy-24661,20241029_OpenHands-CodeAct-2.1-sonnet-20241022,20241029_OpenHands-CodeAct-2.1-sonnet-20241022,20241029_OpenHands-CodeAct-2.1-sonnet-20241022,0,step,19,19
20250415_openhands/astropy__astropy-13033,astropy__astropy-13033,20250415_openhands,20250415_openhands,20250415_openhands,1,step,36,36
20250415_openhands/astropy__astropy-13236,astropy__astropy-13236,20250415_openhands,20250415_openhands,20250415_openhands,1,step,20,20
20250415_openhands/astropy__astropy-13398,astropy__astropy-13398,20250415_openhands,20250415_openhands,20250415_openhands,1,step,35,35
20250415_openhands/astropy__astropy-13453,astropy__astropy-13453,20250415_openhands,20250415_openhands,20250415_openhands,1,step,76,76
20250415_openhands/astropy__astropy-13977,astropy__astropy-13977,20250415_openhands,20250415_openhands,20250415_openhands,1,step,30,30
20250415_openhands/astropy__astropy-14182,astropy__astropy-14182,20250415_openhands,20250415_openhands,20250415_openhands,1,step,27,27
20250415_openhands/astropy__astropy-14365,astropy__astropy-14365,20250415_openhands,20250415_openhands,20250415_openhands,1,step,35,35
20250415_openhands/astropy__astropy-14369,astropy__astropy-14369,20250415_openhands,20250415_openhands,20250415_openhands,1,step,24,24
20250415_openhands/astropy__astropy-14598,astropy__astropy-14598,20250415_openhands,20250415_openhands,20250415_openhands,1,step,46,46
20250415_openhands/astropy__astropy-7166,astropy__astropy-7166,20250415_openhands,20250415_openhands,20250415_openhands,1,step,34,34
20250415_openhands/astropy__astropy-7336,astropy__astropy-7336,20250415_openhands,20250415_openhands,20250415_openhands,1,step,10,10
20250415_openhands/astropy__astropy-7606,astropy__astropy-7606,20250415_openhands,20250415_openhands,20250415_openhands,1,step,27,27
20250415_openhands/astropy__astropy-7671,astropy__astropy-7671,20250415_openhands,20250415_openhands,20250415_openhands,1,step,20,20
20250415_openhands/astropy__astropy-8707,astropy__astropy-8707,20250415_openhands,20250415_openhands,20250415_openhands,1,step,33,33
20250415_openhands/astropy__astropy-8872,astropy__astropy-8872,20250415_openhands,20250415_openhands,20250415_openhands,1,step,37,37
20250415_openhands/django__django-10554,django__django-10554,20250415_openhands,20250415_openhands,20250415_openhands,1,step,32,32
20250415_openhands/django__django-10999,django__django-10999,20250415_openhands,20250415_openhands,20250415_openhands,1,step,18,18
20250415_openhands/django__django-11087,django__django-11087,20250415_openhands,20250415_openhands,20250415_openhands,1,step,53,53
20250415_openhands/django__django-11141,django__django-11141,20250415_openhands,20250415_openhands,20250415_openhands,1,step,14,14
20250415_openhands/django__django-11149,django__django-11149,20250415_openhands,20250415_openhands,20250415_openhands,1,step,51,51
20250415_openhands/django__django-11206,django__django-11206,20250415_openhands,20250415_openhands,20250415_openhands,1,step,34,34
20250415_openhands/django__django-11239,django__django-11239,20250415_openhands,20250415_openhands,20250415_openhands,1,step,36,36
20250415_openhands/django__django-11400,django__django-11400,20250415_openhands,20250415_openhands,20250415_openhands,1,step,25,25
20250415_openhands/django__django-11433,django__django-11433,20250415_openhands,20250415_openhands,20250415_openhands,1,step,68,68
20250415_openhands/django__django-11477,django__django-11477,20250415_openhands,20250415_openhands,20250415_openhands,1,step,35,35
20250415_openhands/django__django-11532,django__django-11532,20250415_openhands,20250415_openhands,20250415_openhands,1,step,34,34
20250415_openhands/django__django-11555,django__django-11555,20250415_openhands,20250415_openhands,20250415_openhands,1,step,29,29
20250415_openhands/django__django-11728,django__django-11728,20250415_openhands,20250415_openhands,20250415_openhands,1,step,51,51
20250415_openhands/django__django-11734,django__django-11734,20250415_openhands,20250415_openhands,20250415_openhands,1,step,91,91
20250415_openhands/django__django-11790,django__django-11790,20250415_openhands,20250415_openhands,20250415_openhands,1,step,29,29
20250415_openhands/django__django-11820,django__django-11820,20250415_openhands,20250415_openhands,20250415_openhands,1,step,32,32
20250415_openhands/django__django-11848,django__django-11848,20250415_openhands,20250415_openhands,20250415_openhands,1,step,16,16
20250415_openhands/django__django-11885,django__django-11885,20250415_openhands,20250415_openhands,20250415_openhands,1,step,54,54
20250415_openhands/django__django-12193,django__django-12193,20250415_openhands,20250415_openhands,20250415_openhands,1,step,29,29
20250415_openhands/django__django-12308,django__django-12308,20250415_openhands,20250415_openhands,20250415_openhands,1,step,29,29
20250415_openhands/django__django-12325,django__django-12325,20250415_openhands,20250415_openhands,20250415_openhands,1,step,42,42
20250415_openhands/django__django-12406,django__django-12406,20250415_openhands,20250415_openhands,20250415_openhands,1,step,48,48
20250415_openhands/django__django-12663,django__django-12663,20250415_openhands,20250415_openhands,20250415_openhands,1,step,32,32
20250415_openhands/django__django-13158,django__django-13158,20250415_openhands,20250415_openhands,20250415_openhands,1,step,39,39
20250415_openhands/django__django-13195,django__django-13195,20250415_openhands,20250415_openhands,20250415_openhands,1,step,40,40
20250415_openhands/django__django-13212,django__django-13212,20250415_openhands,20250415_openhands,20250415_openhands,1,step,26,26
20250415_openhands/django__django-13315,django__django-13315,20250415_openhands,20250415_openhands,20250415_openhands,1,step,53,53
20250415_openhands/django__django-13344,django__django-13344,20250415_openhands,20250415_openhands,20250415_openhands,1,step,21,21
20250415_openhands/django__django-13346,django__django-13346,20250415_openhands,20250415_openhands,20250415_openhands,1,step,38,38
20250415_openhands/django__django-13401,django__django-13401,20250415_openhands,20250415_openhands,20250415_openhands,1,step,27,27
20250415_openhands/django__django-13513,django__django-13513,20250415_openhands,20250415_openhands,20250415_openhands,1,step,45,45
20250415_openhands/django__django-13568,django__django-13568,20250415_openhands,20250415_openhands,20250415_openhands,1,step,34,34
20250415_openhands/django__django-13794,django__django-13794,20250415_openhands,20250415_openhands,20250415_openhands,1,step,39,39
20250415_openhands/django__django-13807,django__django-13807,20250415_openhands,20250415_openhands,20250415_openhands,1,step,38,38
20250415_openhands/django__django-14011,django__django-14011,20250415_openhands,20250415_openhands,20250415_openhands,1,step,24,24
20250415_openhands/django__django-14034,django__django-14034,20250415_openhands,20250415_openhands,20250415_openhands,1,step,25,25
20250415_openhands/django__django-14140,django__django-14140,20250415_openhands,20250415_openhands,20250415_openhands,1,step,20,20
20250415_openhands/django__django-14155,django__django-14155,20250415_openhands,20250415_openhands,20250415_openhands,1,step,27,27
20250415_openhands/django__django-14170,django__django-14170,20250415_openhands,20250415_openhands,20250415_openhands,1,step,34,34
20250415_openhands/django__django-14315,django__django-14315,20250415_openhands,20250415_openhands,20250415_openhands,1,step,23,23
20250415_openhands/django__django-14376,django__django-14376,20250415_openhands,20250415_openhands,20250415_openhands,1,step,24,24
20250415_openhands/django__django-14534,django__django-14534,20250415_openhands,20250415_openhands,20250415_openhands,1,step,29,29
20250415_openhands/django__django-14580,django__django-14580,20250415_openhands,20250415_openhands,20250415_openhands,1,step,31,31
20250415_openhands/django__django-14631,django__django-14631,20250415_openhands,20250415_openhands,20250415_openhands,1,step,42,42
20250415_openhands/django__django-14725,django__django-14725,20250415_openhands,20250415_openhands,20250415_openhands,1,step,56,56
20250415_openhands/django__django-14771,django__django-14771,20250415_openhands,20250415_openhands,20250415_openhands,1,step,32,32
20250415_openhands/django__django-14792,django__django-14792,20250415_openhands,20250415_openhands,20250415_openhands,1,step,24,24
20250415_openhands/django__django-15098,django__django-15098,20250415_openhands,20250415_openhands,20250415_openhands,1,step,35,35
20250415_openhands/django__django-15127,django__django-15127,20250415_openhands,20250415_openhands,20250415_openhands,1,step,33,33
20250415_openhands/django__django-15252,django__django-15252,20250415_openhands,20250415_openhands,20250415_openhands,1,step,27,27
20250415_openhands/django__django-15268,django__django-15268,20250415_openhands,20250415_openhands,20250415_openhands,1,step,41,41
20250415_openhands/django__django-15280,django__django-15280,20250415_openhands,20250415_openhands,20250415_openhands,1,step,95,95
20250415_openhands/django__django-15503,django__django-15503,20250415_openhands,20250415_openhands,20250415_openhands,1,step,45,45
20250415_openhands/django__django-15563,django__django-15563,20250415_openhands,20250415_openhands,20250415_openhands,1,step,58,58
20250415_openhands/django__django-15629,django__django-15629,20250415_openhands,20250415_openhands,20250415_openhands,1,step,59,59
20250415_openhands/django__django-15695,django__django-15695,20250415_openhands,20250415_openhands,20250415_openhands,1,step,35,35
20250415_openhands/django__django-15732,django__django-15732,20250415_openhands,20250415_openhands,20250415_openhands,1,step,36,36
20250415_openhands/django__django-15957,django__django-15957,20250415_openhands,20250415_openhands,20250415_openhands,1,step,45,45
20250415_openhands/django__django-15973,django__django-15973,20250415_openhands,20250415_openhands,20250415_openhands,1,step,73,73
20250415_openhands/django__django-16256,django__django-16256,20250415_openhands,20250415_openhands,20250415_openhands,1,step,37,37
20250415_openhands/django__django-16263,django__django-16263,20250415_openhands,20250415_openhands,20250415_openhands,1,step,76,76
20250415_openhands/django__django-16315,django__django-16315,20250415_openhands,20250415_openhands,20250415_openhands,1,step,54,54
20250415_openhands/django__django-16454,django__django-16454,20250415_openhands,20250415_openhands,20250415_openhands,1,step,28,28
20250415_openhands/django__django-16502,django__django-16502,20250415_openhands,20250415_openhands,20250415_openhands,1,step,34,34
20250415_openhands/django__django-16569,django__django-16569,20250415_openhands,20250415_openhands,20250415_openhands,1,step,33,33
20250415_openhands/django__django-16631,django__django-16631,20250415_openhands,20250415_openhands,20250415_openhands,1,step,38,38
20250415_openhands/django__django-16642,django__django-16642,20250415_openhands,20250415_openhands,20250415_openhands,1,step,26,26
20250415_openhands/django__django-16667,django__django-16667,20250415_openhands,20250415_openhands,20250415_openhands,1,step,29,29
20250415_openhands/django__django-16950,django__django-16950,20250415_openhands,20250415_openhands,20250415_openhands,1,step,88,88
20250415_openhands/django__django-17084,django__django-17084,20250415_openhands,20250415_openhands,20250415_openhands,1,step,44,44
20250415_openhands/matplotlib__matplotlib-20488,matplotlib__matplotlib-20488,20250415_openhands,20250415_openhands,20250415_openhands,1,step,51,51
20250415_openhands/matplotlib__matplotlib-20676,matplotlib__matplotlib-20676,20250415_openhands,20250415_openhands,20250415_openhands,1,step,51,51
20250415_openhands/matplotlib__matplotlib-20826,matplotlib__matplotlib-20826,20250415_openhands,20250415_openhands,20250415_openhands,1,step,41,41
20250415_openhands/matplotlib__matplotlib-21568,matplotlib__matplotlib-21568,20250415_openhands,20250415_openhands,20250415_openhands,1,step,38,38
20250415_openhands/matplotlib__matplotlib-22865,matplotlib__matplotlib-22865,20250415_openhands,20250415_openhands,20250415_openhands,1,step,29,29
20250415_openhands/matplotlib__matplotlib-23299,matplotlib__matplotlib-23299,20250415_openhands,20250415_openhands,20250415_openhands,1,step,76,76
20250415_openhands/matplotlib__matplotlib-23476,matplotlib__matplotlib-23476,20250415_openhands,20250415_openhands,20250415_openhands,1,step,20,20
20250415_openhands/matplotlib__matplotlib-24177,matplotlib__matplotlib-24177,20250415_openhands,20250415_openhands,20250415_openhands,1,step,99,99
20250415_openhands/matplotlib__matplotlib-24870,matplotlib__matplotlib-24870,20250415_openhands,20250415_openhands,20250415_openhands,1,step,55,55
20250415_openhands/matplotlib__matplotlib-25479,matplotlib__matplotlib-25479,20250415_openhands,20250415_openhands,20250415_openhands,1,step,56,56
20250415_openhands/matplotlib__matplotlib-25775,matplotlib__matplotlib-25775,20250415_openhands,20250415_openhands,20250415_openhands,1,step,44,44
20250415_openhands/matplotlib__matplotlib-25960,matplotlib__matplotlib-25960,20250415_openhands,20250415_openhands,20250415_openhands,1,step,46,46
20250415_openhands/matplotlib__matplotlib-26208,matplotlib__matplotlib-26208,20250415_openhands,20250415_openhands,20250415_openhands,1,step,99,99
20250415_openhands/matplotlib__matplotlib-26466,matplotlib__matplotlib-26466,20250415_openhands,20250415_openhands,20250415_openhands,1,step,32,32
20250415_openhands/mwaskom__seaborn-3187,mwaskom__seaborn-3187,20250415_openhands,20250415_openhands,20250415_openhands,1,step,47,47
20250415_openhands/psf__requests-1142,psf__requests-1142,20250415_openhands,20250415_openhands,20250415_openhands,1,step,22,22
20250415_openhands/psf__requests-1724,psf__requests-1724,20250415_openhands,20250415_openhands,20250415_openhands,1,step,39,39
20250415_openhands/psf__requests-6028,psf__requests-6028,20250415_openhands,20250415_openhands,20250415_openhands,1,step,26,26
20250415_openhands/pydata__xarray-4687,pydata__xarray-4687,20250415_openhands,20250415_openhands,20250415_openhands,1,step,55,55
20250415_openhands/pydata__xarray-6599,pydata__xarray-6599,20250415_openhands,20250415_openhands,20250415_openhands,1,step,98,98
20250415_openhands/pydata__xarray-6721,pydata__xarray-6721,20250415_openhands,20250415_openhands,20250415_openhands,1,step,43,43
20250415_openhands/pydata__xarray-6744,pydata__xarray-6744,20250415_openhands,20250415_openhands,20250415_openhands,1,step,26,26
20250415_openhands/pydata__xarray-6938,pydata__xarray-6938,20250415_openhands,20250415_openhands,20250415_openhands,1,step,35,35
20250415_openhands/pydata__xarray-6992,pydata__xarray-6992,20250415_openhands,20250415_openhands,20250415_openhands,1,step,23,23
20250415_openhands/pydata__xarray-7229,pydata__xarray-7229,20250415_openhands,20250415_openhands,20250415_openhands,1,step,43,43
20250415_openhands/pylint-dev__pylint-4551,pylint-dev__pylint-4551,20250415_openhands,20250415_openhands,20250415_openhands,1,step,54,54
20250415_openhands/pylint-dev__pylint-4604,pylint-dev__pylint-4604,20250415_openhands,20250415_openhands,20250415_openhands,1,step,48,48
20250415_openhands/pylint-dev__pylint-4661,pylint-dev__pylint-4661,20250415_openhands,20250415_openhands,20250415_openhands,1,step,37,37
20250415_openhands/pylint-dev__pylint-4970,pylint-dev__pylint-4970,20250415_openhands,20250415_openhands,20250415_openhands,1,step,46,46
20250415_openhands/pylint-dev__pylint-6386,pylint-dev__pylint-6386,20250415_openhands,20250415_openhands,20250415_openhands,1,step,35,35
20250415_openhands/pylint-dev__pylint-7080,pylint-dev__pylint-7080,20250415_openhands,20250415_openhands,20250415_openhands,1,step,33,33
20250415_openhands/pylint-dev__pylint-8898,pylint-dev__pylint-8898,20250415_openhands,20250415_openhands,20250415_openhands,1,step,38,38
20250415_openhands/pytest-dev__pytest-10356,pytest-dev__pytest-10356,20250415_openhands,20250415_openhands,20250415_openhands,1,step,35,35
20250415_openhands/pytest-dev__pytest-5840,pytest-dev__pytest-5840,20250415_openhands,20250415_openhands,20250415_openhands,1,step,47,47
20250415_openhands/scikit-learn__scikit-learn-13124,scikit-learn__scikit-learn-13124,20250415_openhands,20250415_openhands,20250415_openhands,1,step,23,23
20250415_openhands/scikit-learn__scikit-learn-14983,scikit-learn__scikit-learn-14983,20250415_openhands,20250415_openhands,20250415_openhands,1,step,36,36
20250415_openhands/scikit-learn__scikit-learn-25102,scikit-learn__scikit-learn-25102,20250415_openhands,20250415_openhands,20250415_openhands,1,step,38,38
20250415_openhands/scikit-learn__scikit-learn-25747,scikit-learn__scikit-learn-25747,20250415_openhands,20250415_openhands,20250415_openhands,1,step,27,27
20250415_openhands/scikit-learn__scikit-learn-26194,scikit-learn__scikit-learn-26194,20250415_openhands,20250415_openhands,20250415_openhands,1,step,49,49
20250415_openhands/sphinx-doc__sphinx-10435,sphinx-doc__sphinx-10435,20250415_openhands,20250415_openhands,20250415_openhands,1,step,27,27
20250415_openhands/sphinx-doc__sphinx-10614,sphinx-doc__sphinx-10614,20250415_openhands,20250415_openhands,20250415_openhands,1,step,53,53
20250415_openhands/sphinx-doc__sphinx-11445,sphinx-doc__sphinx-11445,20250415_openhands,20250415_openhands,20250415_openhands,1,step,75,75
20250415_openhands/sphinx-doc__sphinx-11510,sphinx-doc__sphinx-11510,20250415_openhands,20250415_openhands,20250415_openhands,1,step,78,78
20250415_openhands/sphinx-doc__sphinx-7454,sphinx-doc__sphinx-7454,20250415_openhands,20250415_openhands,20250415_openhands,1,step,59,59
20250415_openhands/sphinx-doc__sphinx-7462,sphinx-doc__sphinx-7462,20250415_openhands,20250415_openhands,20250415_openhands,1,step,36,36
20250415_openhands/sphinx-doc__sphinx-7590,sphinx-doc__sphinx-7590,20250415_openhands,20250415_openhands,20250415_openhands,1,step,55,55
20250415_openhands/sphinx-doc__sphinx-7748,sphinx-doc__sphinx-7748,20250415_openhands,20250415_openhands,20250415_openhands,1,step,84,84
20250415_openhands/sphinx-doc__sphinx-7985,sphinx-doc__sphinx-7985,20250415_openhands,20250415_openhands,20250415_openhands,1,step,51,51
20250415_openhands/sphinx-doc__sphinx-8056,sphinx-doc__sphinx-8056,20250415_openhands,20250415_openhands,20250415_openhands,1,step,57,57
20250415_openhands/sphinx-doc__sphinx-8265,sphinx-doc__sphinx-8265,20250415_openhands,20250415_openhands,20250415_openhands,1,step,57,57
20250415_openhands/sphinx-doc__sphinx-8548,sphinx-doc__sphinx-8548,20250415_openhands,20250415_openhands,20250415_openhands,1,step,39,39
20250415_openhands/sphinx-doc__sphinx-8551,sphinx-doc__sphinx-8551,20250415_openhands,20250415_openhands,20250415_openhands,1,step,34,34
20250415_openhands/sphinx-doc__sphinx-8638,sphinx-doc__sphinx-8638,20250415_openhands,20250415_openhands,20250415_openhands,1,step,56,56
20250415_openhands/sphinx-doc__sphinx-9229,sphinx-doc__sphinx-9229,20250415_openhands,20250415_openhands,20250415_openhands,1,step,48,48
20250415_openhands/sphinx-doc__sphinx-9230,sphinx-doc__sphinx-9230,20250415_openhands,20250415_openhands,20250415_openhands,1,step,38,38
20250415_openhands/sphinx-doc__sphinx-9461,sphinx-doc__sphinx-9461,20250415_openhands,20250415_openhands,20250415_openhands,1,step,33,33
20250415_openhands/sphinx-doc__sphinx-9591,sphinx-doc__sphinx-9591,20250415_openhands,20250415_openhands,20250415_openhands,1,step,49,49
20250415_openhands/sphinx-doc__sphinx-9602,sphinx-doc__sphinx-9602,20250415_openhands,20250415_openhands,20250415_openhands,1,step,36,36
20250415_openhands/sympy__sympy-12489,sympy__sympy-12489,20250415_openhands,20250415_openhands,20250415_openhands,1,step,54,54
20250415_openhands/sympy__sympy-13031,sympy__sympy-13031,20250415_openhands,20250415_openhands,20250415_openhands,1,step,37,37
20250415_openhands/sympy__sympy-13551,sympy__sympy-13551,20250415_openhands,20250415_openhands,20250415_openhands,1,step,81,81
20250415_openhands/sympy__sympy-13615,sympy__sympy-13615,20250415_openhands,20250415_openhands,20250415_openhands,1,step,66,66
20250415_openhands/sympy__sympy-13798,sympy__sympy-13798,20250415_openhands,20250415_openhands,20250415_openhands,1,step,23,23
20250415_openhands/sympy__sympy-13852,sympy__sympy-13852,20250415_openhands,20250415_openhands,20250415_openhands,1,step,29,29
20250415_openhands/sympy__sympy-13877,sympy__sympy-13877,20250415_openhands,20250415_openhands,20250415_openhands,1,step,19,19
20250415_openhands/sympy__sympy-13974,sympy__sympy-13974,20250415_openhands,20250415_openhands,20250415_openhands,1,step,17,17
20250415_openhands/sympy__sympy-14248,sympy__sympy-14248,20250415_openhands,20250415_openhands,20250415_openhands,1,step,93,93
20250415_openhands/sympy__sympy-15017,sympy__sympy-15017,20250415_openhands,20250415_openhands,20250415_openhands,1,step,22,22
20250415_openhands/sympy__sympy-15976,sympy__sympy-15976,20250415_openhands,20250415_openhands,20250415_openhands,1,step,35,35
20250415_openhands/sympy__sympy-16597,sympy__sympy-16597,20250415_openhands,20250415_openhands,20250415_openhands,1,step,33,33
20250415_openhands/sympy__sympy-17318,sympy__sympy-17318,20250415_openhands,20250415_openhands,20250415_openhands,1,step,43,43
20250415_openhands/sympy__sympy-17630,sympy__sympy-17630,20250415_openhands,20250415_openhands,20250415_openhands,1,step,35,35
20250415_openhands/sympy__sympy-18199,sympy__sympy-18199,20250415_openhands,20250415_openhands,20250415_openhands,1,step,24,24
20250415_openhands/sympy__sympy-18698,sympy__sympy-18698,20250415_openhands,20250415_openhands,20250415_openhands,1,step,30,30
20250415_openhands/sympy__sympy-18763,sympy__sympy-18763,20250415_openhands,20250415_openhands,20250415_openhands,1,step,37,37
20250415_openhands/sympy__sympy-19040,sympy__sympy-19040,20250415_openhands,20250415_openhands,20250415_openhands,1,step,63,63
20250415_openhands/sympy__sympy-19495,sympy__sympy-19495,20250415_openhands,20250415_openhands,20250415_openhands,1,step,47,47
20250415_openhands/sympy__sympy-20428,sympy__sympy-20428,20250415_openhands,20250415_openhands,20250415_openhands,1,step,32,32
20250415_openhands/sympy__sympy-20438,sympy__sympy-20438,20250415_openhands,20250415_openhands,20250415_openhands,1,step,69,69
20250415_openhands/sympy__sympy-20916,sympy__sympy-20916,20250415_openhands,20250415_openhands,20250415_openhands,1,step,44,44
20250415_openhands/sympy__sympy-21379,sympy__sympy-21379,20250415_openhands,20250415_openhands,20250415_openhands,1,step,49,49
20250415_openhands/sympy__sympy-21596,sympy__sympy-21596,20250415_openhands,20250415_openhands,20250415_openhands,1,step,55,55
20250415_openhands/sympy__sympy-21612,sympy__sympy-21612,20250415_openhands,20250415_openhands,20250415_openhands,1,step,54,54
20250415_openhands/sympy__sympy-21930,sympy__sympy-21930,20250415_openhands,20250415_openhands,20250415_openhands,1,step,39,39
20250415_openhands/sympy__sympy-22080,sympy__sympy-22080,20250415_openhands,20250415_openhands,20250415_openhands,1,step,39,39
20250415_openhands/sympy__sympy-23413,sympy__sympy-23413,20250415_openhands,20250415_openhands,20250415_openhands,1,step,50,50
20250415_openhands/astropy__astropy-12907,astropy__astropy-12907,20250415_openhands,20250415_openhands,20250415_openhands,0,step,31,31
20250415_openhands/astropy__astropy-13579,astropy__astropy-13579,20250415_openhands,20250415_openhands,20250415_openhands,0,step,36,36
20250415_openhands/astropy__astropy-14096,astropy__astropy-14096,20250415_openhands,20250415_openhands,20250415_openhands,0,step,20,20
20250415_openhands/astropy__astropy-14309,astropy__astropy-14309,20250415_openhands,20250415_openhands,20250415_openhands,0,step,26,26
20250415_openhands/astropy__astropy-14508,astropy__astropy-14508,20250415_openhands,20250415_openhands,20250415_openhands,0,step,40,40
20250415_openhands/astropy__astropy-14539,astropy__astropy-14539,20250415_openhands,20250415_openhands,20250415_openhands,0,step,26,26
20250415_openhands/astropy__astropy-14995,astropy__astropy-14995,20250415_openhands,20250415_openhands,20250415_openhands,0,step,29,29
20250415_openhands/django__django-10097,django__django-10097,20250415_openhands,20250415_openhands,20250415_openhands,0,step,51,51
20250415_openhands/django__django-10880,django__django-10880,20250415_openhands,20250415_openhands,20250415_openhands,0,step,31,31
20250415_openhands/django__django-10914,django__django-10914,20250415_openhands,20250415_openhands,20250415_openhands,0,step,21,21
20250415_openhands/django__django-10973,django__django-10973,20250415_openhands,20250415_openhands,20250415_openhands,0,step,22,22
20250415_openhands/django__django-11066,django__django-11066,20250415_openhands,20250415_openhands,20250415_openhands,0,step,29,29
20250415_openhands/django__django-11095,django__django-11095,20250415_openhands,20250415_openhands,20250415_openhands,0,step,30,30
20250415_openhands/django__django-11099,django__django-11099,20250415_openhands,20250415_openhands,20250415_openhands,0,step,16,16
20250415_openhands/django__django-11119,django__django-11119,20250415_openhands,20250415_openhands,20250415_openhands,0,step,27,27
20250415_openhands/django__django-11133,django__django-11133,20250415_openhands,20250415_openhands,20250415_openhands,0,step,22,22
20250415_openhands/django__django-11138,django__django-11138,20250415_openhands,20250415_openhands,20250415_openhands,0,step,62,62
20250415_openhands/django__django-11163,django__django-11163,20250415_openhands,20250415_openhands,20250415_openhands,0,step,19,19
20250415_openhands/django__django-11179,django__django-11179,20250415_openhands,20250415_openhands,20250415_openhands,0,step,24,24
20250415_openhands/django__django-11211,django__django-11211,20250415_openhands,20250415_openhands,20250415_openhands,0,step,45,45
20250415_openhands/django__django-11265,django__django-11265,20250415_openhands,20250415_openhands,20250415_openhands,0,step,78,78
20250415_openhands/django__django-11276,django__django-11276,20250415_openhands,20250415_openhands,20250415_openhands,0,step,38,38
20250415_openhands/django__django-11292,django__django-11292,20250415_openhands,20250415_openhands,20250415_openhands,0,step,42,42
20250415_openhands/django__django-11299,django__django-11299,20250415_openhands,20250415_openhands,20250415_openhands,0,step,72,72
20250415_openhands/django__django-11333,django__django-11333,20250415_openhands,20250415_openhands,20250415_openhands,0,step,29,29
20250415_openhands/django__django-11451,django__django-11451,20250415_openhands,20250415_openhands,20250415_openhands,0,step,25,25
20250415_openhands/django__django-11490,django__django-11490,20250415_openhands,20250415_openhands,20250415_openhands,0,step,35,35
20250415_openhands/django__django-11551,django__django-11551,20250415_openhands,20250415_openhands,20250415_openhands,0,step,26,26
20250415_openhands/django__django-11603,django__django-11603,20250415_openhands,20250415_openhands,20250415_openhands,0,step,27,27
20250415_openhands/django__django-11740,django__django-11740,20250415_openhands,20250415_openhands,20250415_openhands,0,step,36,36
20250415_openhands/django__django-11749,django__django-11749,20250415_openhands,20250415_openhands,20250415_openhands,0,step,31,31
20250415_openhands/django__django-11815,django__django-11815,20250415_openhands,20250415_openhands,20250415_openhands,0,step,41,41
20250415_openhands/django__django-11880,django__django-11880,20250415_openhands,20250415_openhands,20250415_openhands,0,step,23,23
20250415_openhands/django__django-11951,django__django-11951,20250415_openhands,20250415_openhands,20250415_openhands,0,step,35,35
20250415_openhands/django__django-11964,django__django-11964,20250415_openhands,20250415_openhands,20250415_openhands,0,step,84,84
20250415_openhands/django__django-11999,django__django-11999,20250415_openhands,20250415_openhands,20250415_openhands,0,step,30,30
20250415_openhands/django__django-12039,django__django-12039,20250415_openhands,20250415_openhands,20250415_openhands,0,step,22,22
20250415_openhands/django__django-12050,django__django-12050,20250415_openhands,20250415_openhands,20250415_openhands,0,step,24,24
20250415_openhands/django__django-12125,django__django-12125,20250415_openhands,20250415_openhands,20250415_openhands,0,step,49,49
20250415_openhands/django__django-12143,django__django-12143,20250415_openhands,20250415_openhands,20250415_openhands,0,step,23,23
20250415_openhands/django__django-12155,django__django-12155,20250415_openhands,20250415_openhands,20250415_openhands,0,step,16,16
20250415_openhands/django__django-12209,django__django-12209,20250415_openhands,20250415_openhands,20250415_openhands,0,step,37,37
20250415_openhands/django__django-12262,django__django-12262,20250415_openhands,20250415_openhands,20250415_openhands,0,step,35,35
20250415_openhands/django__django-12273,django__django-12273,20250415_openhands,20250415_openhands,20250415_openhands,0,step,51,51
20250415_openhands/django__django-12276,django__django-12276,20250415_openhands,20250415_openhands,20250415_openhands,0,step,33,33
20250415_openhands/django__django-12304,django__django-12304,20250415_openhands,20250415_openhands,20250415_openhands,0,step,39,39
20250415_openhands/django__django-12419,django__django-12419,20250415_openhands,20250415_openhands,20250415_openhands,0,step,20,20
20250415_openhands/django__django-12708,django__django-12708,20250415_openhands,20250415_openhands,20250415_openhands,0,step,43,43
20250415_openhands/django__django-12713,django__django-12713,20250415_openhands,20250415_openhands,20250415_openhands,0,step,19,19
20250415_openhands/django__django-12741,django__django-12741,20250415_openhands,20250415_openhands,20250415_openhands,0,step,34,34
20250415_openhands/django__django-12754,django__django-12754,20250415_openhands,20250415_openhands,20250415_openhands,0,step,85,85
20250415_openhands/django__django-12774,django__django-12774,20250415_openhands,20250415_openhands,20250415_openhands,0,step,32,32
20250415_openhands/django__django-12858,django__django-12858,20250415_openhands,20250415_openhands,20250415_openhands,0,step,35,35
20250415_openhands/django__django-12965,django__django-12965,20250415_openhands,20250415_openhands,20250415_openhands,0,step,94,94
20250415_openhands/django__django-13012,django__django-13012,20250415_openhands,20250415_openhands,20250415_openhands,0,step,48,48
20250415_openhands/django__django-13023,django__django-13023,20250415_openhands,20250415_openhands,20250415_openhands,0,step,32,32
20250415_openhands/django__django-13028,django__django-13028,20250415_openhands,20250415_openhands,20250415_openhands,0,step,29,29
20250415_openhands/django__django-13033,django__django-13033,20250415_openhands,20250415_openhands,20250415_openhands,0,step,39,39
20250415_openhands/django__django-13089,django__django-13089,20250415_openhands,20250415_openhands,20250415_openhands,0,step,16,16
20250415_openhands/django__django-13109,django__django-13109,20250415_openhands,20250415_openhands,20250415_openhands,0,step,37,37
20250415_openhands/django__django-13112,django__django-13112,20250415_openhands,20250415_openhands,20250415_openhands,0,step,59,59
20250415_openhands/django__django-13121,django__django-13121,20250415_openhands,20250415_openhands,20250415_openhands,0,step,67,67
20250415_openhands/django__django-13128,django__django-13128,20250415_openhands,20250415_openhands,20250415_openhands,0,step,34,34
20250415_openhands/django__django-13279,django__django-13279,20250415_openhands,20250415_openhands,20250415_openhands,0,step,28,28
20250415_openhands/django__django-13297,django__django-13297,20250415_openhands,20250415_openhands,20250415_openhands,0,step,30,30
20250415_openhands/django__django-13343,django__django-13343,20250415_openhands,20250415_openhands,20250415_openhands,0,step,37,37
20250415_openhands/django__django-13363,django__django-13363,20250415_openhands,20250415_openhands,20250415_openhands,0,step,30,30
20250415_openhands/django__django-13406,django__django-13406,20250415_openhands,20250415_openhands,20250415_openhands,0,step,60,60
20250415_openhands/django__django-13410,django__django-13410,20250415_openhands,20250415_openhands,20250415_openhands,0,step,18,18
20250415_openhands/django__django-13417,django__django-13417,20250415_openhands,20250415_openhands,20250415_openhands,0,step,65,65
20250415_openhands/django__django-13449,django__django-13449,20250415_openhands,20250415_openhands,20250415_openhands,0,step,39,39
20250415_openhands/django__django-13512,django__django-13512,20250415_openhands,20250415_openhands,20250415_openhands,0,step,51,51
20250415_openhands/django__django-13516,django__django-13516,20250415_openhands,20250415_openhands,20250415_openhands,0,step,23,23
20250415_openhands/django__django-13551,django__django-13551,20250415_openhands,20250415_openhands,20250415_openhands,0,step,29,29
20250415_openhands/django__django-13569,django__django-13569,20250415_openhands,20250415_openhands,20250415_openhands,0,step,22,22
20250415_openhands/django__django-13590,django__django-13590,20250415_openhands,20250415_openhands,20250415_openhands,0,step,26,26
20250415_openhands/django__django-13658,django__django-13658,20250415_openhands,20250415_openhands,20250415_openhands,0,step,23,23
20250415_openhands/django__django-13670,django__django-13670,20250415_openhands,20250415_openhands,20250415_openhands,0,step,23,23
20250415_openhands/django__django-13741,django__django-13741,20250415_openhands,20250415_openhands,20250415_openhands,0,step,36,36
20250415_openhands/django__django-13786,django__django-13786,20250415_openhands,20250415_openhands,20250415_openhands,0,step,26,26
20250415_openhands/django__django-13809,django__django-13809,20250415_openhands,20250415_openhands,20250415_openhands,0,step,41,41
20250415_openhands/django__django-13810,django__django-13810,20250415_openhands,20250415_openhands,20250415_openhands,0,step,32,32
20250415_openhands/django__django-13820,django__django-13820,20250415_openhands,20250415_openhands,20250415_openhands,0,step,19,19
20250415_openhands/django__django-13821,django__django-13821,20250415_openhands,20250415_openhands,20250415_openhands,0,step,28,28
20250415_openhands/django__django-13837,django__django-13837,20250415_openhands,20250415_openhands,20250415_openhands,0,step,25,25
20250415_openhands/django__django-13925,django__django-13925,20250415_openhands,20250415_openhands,20250415_openhands,0,step,42,42
20250415_openhands/django__django-13933,django__django-13933,20250415_openhands,20250415_openhands,20250415_openhands,0,step,34,34
20250415_openhands/django__django-13964,django__django-13964,20250415_openhands,20250415_openhands,20250415_openhands,0,step,74,74
20250415_openhands/django__django-14007,django__django-14007,20250415_openhands,20250415_openhands,20250415_openhands,0,step,37,37
20250415_openhands/django__django-14017,django__django-14017,20250415_openhands,20250415_openhands,20250415_openhands,0,step,53,53
20250415_openhands/django__django-14053,django__django-14053,20250415_openhands,20250415_openhands,20250415_openhands,0,step,22,22
20250415_openhands/django__django-14089,django__django-14089,20250415_openhands,20250415_openhands,20250415_openhands,0,step,20,20
20250415_openhands/django__django-14122,django__django-14122,20250415_openhands,20250415_openhands,20250415_openhands,0,step,30,30
20250415_openhands/django__django-14238,django__django-14238,20250415_openhands,20250415_openhands,20250415_openhands,0,step,28,28
20250415_openhands/django__django-14311,django__django-14311,20250415_openhands,20250415_openhands,20250415_openhands,0,step,62,62
20250415_openhands/django__django-14349,django__django-14349,20250415_openhands,20250415_openhands,20250415_openhands,0,step,20,20
20250415_openhands/django__django-14351,django__django-14351,20250415_openhands,20250415_openhands,20250415_openhands,0,step,90,90
20250415_openhands/django__django-14373,django__django-14373,20250415_openhands,20250415_openhands,20250415_openhands,0,step,20,20
20250415_openhands/django__django-14404,django__django-14404,20250415_openhands,20250415_openhands,20250415_openhands,0,step,37,37
20250415_openhands/django__django-14434,django__django-14434,20250415_openhands,20250415_openhands,20250415_openhands,0,step,38,38
20250415_openhands/django__django-14493,django__django-14493,20250415_openhands,20250415_openhands,20250415_openhands,0,step,29,29
20250415_openhands/django__django-14500,django__django-14500,20250415_openhands,20250415_openhands,20250415_openhands,0,step,43,43
20250415_openhands/django__django-14539,django__django-14539,20250415_openhands,20250415_openhands,20250415_openhands,0,step,27,27
20250415_openhands/django__django-14559,django__django-14559,20250415_openhands,20250415_openhands,20250415_openhands,0,step,45,45
20250415_openhands/django__django-14608,django__django-14608,20250415_openhands,20250415_openhands,20250415_openhands,0,step,40,40
20250415_openhands/django__django-14672,django__django-14672,20250415_openhands,20250415_openhands,20250415_openhands,0,step,31,31
20250415_openhands/django__django-14752,django__django-14752,20250415_openhands,20250415_openhands,20250415_openhands,0,step,11,11
20250415_openhands/django__django-14765,django__django-14765,20250415_openhands,20250415_openhands,20250415_openhands,0,step,27,27
20250415_openhands/django__django-14787,django__django-14787,20250415_openhands,20250415_openhands,20250415_openhands,0,step,20,20
20250415_openhands/django__django-14855,django__django-14855,20250415_openhands,20250415_openhands,20250415_openhands,0,step,28,28
20250415_openhands/django__django-14915,django__django-14915,20250415_openhands,20250415_openhands,20250415_openhands,0,step,13,13
20250415_openhands/django__django-14999,django__django-14999,20250415_openhands,20250415_openhands,20250415_openhands,0,step,39,39
20250415_openhands/django__django-15022,django__django-15022,20250415_openhands,20250415_openhands,20250415_openhands,0,step,25,25
20250415_openhands/django__django-15037,django__django-15037,20250415_openhands,20250415_openhands,20250415_openhands,0,step,35,35
20250415_openhands/django__django-15103,django__django-15103,20250415_openhands,20250415_openhands,20250415_openhands,0,step,19,19
20250415_openhands/django__django-15104,django__django-15104,20250415_openhands,20250415_openhands,20250415_openhands,0,step,22,22
20250415_openhands/django__django-15128,django__django-15128,20250415_openhands,20250415_openhands,20250415_openhands,0,step,59,59
20250415_openhands/django__django-15161,django__django-15161,20250415_openhands,20250415_openhands,20250415_openhands,0,step,65,65
20250415_openhands/django__django-15277,django__django-15277,20250415_openhands,20250415_openhands,20250415_openhands,0,step,28,28
20250415_openhands/django__django-15278,django__django-15278,20250415_openhands,20250415_openhands,20250415_openhands,0,step,44,44
20250415_openhands/django__django-15315,django__django-15315,20250415_openhands,20250415_openhands,20250415_openhands,0,step,53,53
20250415_openhands/django__django-15368,django__django-15368,20250415_openhands,20250415_openhands,20250415_openhands,0,step,25,25
20250415_openhands/django__django-15375,django__django-15375,20250415_openhands,20250415_openhands,20250415_openhands,0,step,50,50
20250415_openhands/django__django-15380,django__django-15380,20250415_openhands,20250415_openhands,20250415_openhands,0,step,52,52
20250415_openhands/django__django-15382,django__django-15382,20250415_openhands,20250415_openhands,20250415_openhands,0,step,51,51
20250415_openhands/django__django-15467,django__django-15467,20250415_openhands,20250415_openhands,20250415_openhands,0,step,28,28
20250415_openhands/django__django-15499,django__django-15499,20250415_openhands,20250415_openhands,20250415_openhands,0,step,72,72
20250415_openhands/django__django-15525,django__django-15525,20250415_openhands,20250415_openhands,20250415_openhands,0,step,19,19
20250415_openhands/django__django-15554,django__django-15554,20250415_openhands,20250415_openhands,20250415_openhands,0,step,73,73
20250415_openhands/django__django-15561,django__django-15561,20250415_openhands,20250415_openhands,20250415_openhands,0,step,39,39
20250415_openhands/django__django-15569,django__django-15569,20250415_openhands,20250415_openhands,20250415_openhands,0,step,25,25
20250415_openhands/django__django-15572,django__django-15572,20250415_openhands,20250415_openhands,20250415_openhands,0,step,24,24
20250415_openhands/django__django-15731,django__django-15731,20250415_openhands,20250415_openhands,20250415_openhands,0,step,36,36
20250415_openhands/django__django-15741,django__django-15741,20250415_openhands,20250415_openhands,20250415_openhands,0,step,37,37
20250415_openhands/django__django-15814,django__django-15814,20250415_openhands,20250415_openhands,20250415_openhands,0,step,44,44
20250415_openhands/django__django-15851,django__django-15851,20250415_openhands,20250415_openhands,20250415_openhands,0,step,26,26
20250415_openhands/django__django-15863,django__django-15863,20250415_openhands,20250415_openhands,20250415_openhands,0,step,44,44
20250415_openhands/django__django-15916,django__django-15916,20250415_openhands,20250415_openhands,20250415_openhands,0,step,54,54
20250415_openhands/django__django-15930,django__django-15930,20250415_openhands,20250415_openhands,20250415_openhands,0,step,31,31
20250415_openhands/django__django-15987,django__django-15987,20250415_openhands,20250415_openhands,20250415_openhands,0,step,29,29
20250415_openhands/django__django-16032,django__django-16032,20250415_openhands,20250415_openhands,20250415_openhands,0,step,52,52
20250415_openhands/django__django-16082,django__django-16082,20250415_openhands,20250415_openhands,20250415_openhands,0,step,49,49
20250415_openhands/django__django-16100,django__django-16100,20250415_openhands,20250415_openhands,20250415_openhands,0,step,26,26
20250415_openhands/django__django-16116,django__django-16116,20250415_openhands,20250415_openhands,20250415_openhands,0,step,39,39
20250415_openhands/django__django-16136,django__django-16136,20250415_openhands,20250415_openhands,20250415_openhands,0,step,31,31
20250415_openhands/django__django-16139,django__django-16139,20250415_openhands,20250415_openhands,20250415_openhands,0,step,30,30
20250415_openhands/django__django-16145,django__django-16145,20250415_openhands,20250415_openhands,20250415_openhands,0,step,27,27
20250415_openhands/django__django-16255,django__django-16255,20250415_openhands,20250415_openhands,20250415_openhands,0,step,19,19
20250415_openhands/django__django-16333,django__django-16333,20250415_openhands,20250415_openhands,20250415_openhands,0,step,30,30
20250415_openhands/django__django-16429,django__django-16429,20250415_openhands,20250415_openhands,20250415_openhands,0,step,19,19
20250415_openhands/django__django-16485,django__django-16485,20250415_openhands,20250415_openhands,20250415_openhands,0,step,34,34
20250415_openhands/django__django-16493,django__django-16493,20250415_openhands,20250415_openhands,20250415_openhands,0,step,18,18
20250415_openhands/django__django-16527,django__django-16527,20250415_openhands,20250415_openhands,20250415_openhands,0,step,26,26
20250415_openhands/django__django-16560,django__django-16560,20250415_openhands,20250415_openhands,20250415_openhands,0,step,80,80
20250415_openhands/django__django-16595,django__django-16595,20250415_openhands,20250415_openhands,20250415_openhands,0,step,15,15
20250415_openhands/django__django-16612,django__django-16612,20250415_openhands,20250415_openhands,20250415_openhands,0,step,24,24
20250415_openhands/django__django-16661,django__django-16661,20250415_openhands,20250415_openhands,20250415_openhands,0,step,38,38
20250415_openhands/django__django-16662,django__django-16662,20250415_openhands,20250415_openhands,20250415_openhands,0,step,28,28
20250415_openhands/django__django-16801,django__django-16801,20250415_openhands,20250415_openhands,20250415_openhands,0,step,34,34
20250415_openhands/django__django-16819,django__django-16819,20250415_openhands,20250415_openhands,20250415_openhands,0,step,87,87
20250415_openhands/django__django-16877,django__django-16877,20250415_openhands,20250415_openhands,20250415_openhands,0,step,19,19
20250415_openhands/django__django-16899,django__django-16899,20250415_openhands,20250415_openhands,20250415_openhands,0,step,53,53
20250415_openhands/django__django-16901,django__django-16901,20250415_openhands,20250415_openhands,20250415_openhands,0,step,32,32
20250415_openhands/django__django-16938,django__django-16938,20250415_openhands,20250415_openhands,20250415_openhands,0,step,53,53
20250415_openhands/django__django-17029,django__django-17029,20250415_openhands,20250415_openhands,20250415_openhands,0,step,30,30
20250415_openhands/django__django-17087,django__django-17087,20250415_openhands,20250415_openhands,20250415_openhands,0,step,27,27
20250415_openhands/django__django-7530,django__django-7530,20250415_openhands,20250415_openhands,20250415_openhands,0,step,39,39
20250415_openhands/django__django-9296,django__django-9296,20250415_openhands,20250415_openhands,20250415_openhands,0,step,15,15
20250415_openhands/matplotlib__matplotlib-13989,matplotlib__matplotlib-13989,20250415_openhands,20250415_openhands,20250415_openhands,0,step,57,57
20250415_openhands/matplotlib__matplotlib-14623,matplotlib__matplotlib-14623,20250415_openhands,20250415_openhands,20250415_openhands,0,step,67,67
20250415_openhands/matplotlib__matplotlib-20859,matplotlib__matplotlib-20859,20250415_openhands,20250415_openhands,20250415_openhands,0,step,37,37
20250415_openhands/matplotlib__matplotlib-22719,matplotlib__matplotlib-22719,20250415_openhands,20250415_openhands,20250415_openhands,0,step,25,25
20250415_openhands/matplotlib__matplotlib-22871,matplotlib__matplotlib-22871,20250415_openhands,20250415_openhands,20250415_openhands,0,step,31,31
20250415_openhands/matplotlib__matplotlib-23314,matplotlib__matplotlib-23314,20250415_openhands,20250415_openhands,20250415_openhands,0,step,23,23
20250415_openhands/matplotlib__matplotlib-23412,matplotlib__matplotlib-23412,20250415_openhands,20250415_openhands,20250415_openhands,0,step,34,34
20250415_openhands/matplotlib__matplotlib-24026,matplotlib__matplotlib-24026,20250415_openhands,20250415_openhands,20250415_openhands,0,step,47,47
20250415_openhands/matplotlib__matplotlib-24149,matplotlib__matplotlib-24149,20250415_openhands,20250415_openhands,20250415_openhands,0,step,25,25
20250415_openhands/matplotlib__matplotlib-24570,matplotlib__matplotlib-24570,20250415_openhands,20250415_openhands,20250415_openhands,0,step,21,21
20250415_openhands/matplotlib__matplotlib-24627,matplotlib__matplotlib-24627,20250415_openhands,20250415_openhands,20250415_openhands,0,step,39,39
20250415_openhands/matplotlib__matplotlib-24637,matplotlib__matplotlib-24637,20250415_openhands,20250415_openhands,20250415_openhands,0,step,30,30
20250415_openhands/matplotlib__matplotlib-24970,matplotlib__matplotlib-24970,20250415_openhands,20250415_openhands,20250415_openhands,0,step,19,19
20250415_openhands/matplotlib__matplotlib-25122,matplotlib__matplotlib-25122,20250415_openhands,20250415_openhands,20250415_openhands,0,step,22,22
20250415_openhands/matplotlib__matplotlib-25287,matplotlib__matplotlib-25287,20250415_openhands,20250415_openhands,20250415_openhands,0,step,45,45
20250415_openhands/matplotlib__matplotlib-25311,matplotlib__matplotlib-25311,20250415_openhands,20250415_openhands,20250415_openhands,0,step,29,29
20250415_openhands/matplotlib__matplotlib-25332,matplotlib__matplotlib-25332,20250415_openhands,20250415_openhands,20250415_openhands,0,step,26,26
20250415_openhands/matplotlib__matplotlib-26113,matplotlib__matplotlib-26113,20250415_openhands,20250415_openhands,20250415_openhands,0,step,20,20
20250415_openhands/matplotlib__matplotlib-26291,matplotlib__matplotlib-26291,20250415_openhands,20250415_openhands,20250415_openhands,0,step,47,47
20250415_openhands/matplotlib__matplotlib-26342,matplotlib__matplotlib-26342,20250415_openhands,20250415_openhands,20250415_openhands,0,step,29,29
20250415_openhands/mwaskom__seaborn-3069,mwaskom__seaborn-3069,20250415_openhands,20250415_openhands,20250415_openhands,0,step,37,37
20250415_openhands/pallets__flask-5014,pallets__flask-5014,20250415_openhands,20250415_openhands,20250415_openhands,0,step,20,20
20250415_openhands/psf__requests-1766,psf__requests-1766,20250415_openhands,20250415_openhands,20250415_openhands,0,step,15,15
20250415_openhands/psf__requests-1921,psf__requests-1921,20250415_openhands,20250415_openhands,20250415_openhands,0,step,19,19
20250415_openhands/psf__requests-2317,psf__requests-2317,20250415_openhands,20250415_openhands,20250415_openhands,0,step,29,29
20250415_openhands/psf__requests-2931,psf__requests-2931,20250415_openhands,20250415_openhands,20250415_openhands,0,step,38,38
20250415_openhands/psf__requests-5414,psf__requests-5414,20250415_openhands,20250415_openhands,20250415_openhands,0,step,39,39
20250415_openhands/pydata__xarray-2905,pydata__xarray-2905,20250415_openhands,20250415_openhands,20250415_openhands,0,step,71,71
20250415_openhands/pydata__xarray-3095,pydata__xarray-3095,20250415_openhands,20250415_openhands,20250415_openhands,0,step,54,54
20250415_openhands/pydata__xarray-3151,pydata__xarray-3151,20250415_openhands,20250415_openhands,20250415_openhands,0,step,29,29
20250415_openhands/pydata__xarray-3305,pydata__xarray-3305,20250415_openhands,20250415_openhands,20250415_openhands,0,step,31,31
20250415_openhands/pydata__xarray-3677,pydata__xarray-3677,20250415_openhands,20250415_openhands,20250415_openhands,0,step,49,49
20250415_openhands/pydata__xarray-3993,pydata__xarray-3993,20250415_openhands,20250415_openhands,20250415_openhands,0,step,42,42
20250415_openhands/pydata__xarray-4075,pydata__xarray-4075,20250415_openhands,20250415_openhands,20250415_openhands,0,step,18,18
20250415_openhands/pydata__xarray-4094,pydata__xarray-4094,20250415_openhands,20250415_openhands,20250415_openhands,0,step,45,45
20250415_openhands/pydata__xarray-4356,pydata__xarray-4356,20250415_openhands,20250415_openhands,20250415_openhands,0,step,43,43
20250415_openhands/pydata__xarray-4629,pydata__xarray-4629,20250415_openhands,20250415_openhands,20250415_openhands,0,step,20,20
20250415_openhands/pydata__xarray-4695,pydata__xarray-4695,20250415_openhands,20250415_openhands,20250415_openhands,0,step,51,51
20250415_openhands/pydata__xarray-4966,pydata__xarray-4966,20250415_openhands,20250415_openhands,20250415_openhands,0,step,34,34
20250415_openhands/pydata__xarray-6461,pydata__xarray-6461,20250415_openhands,20250415_openhands,20250415_openhands,0,step,20,20
20250415_openhands/pydata__xarray-7233,pydata__xarray-7233,20250415_openhands,20250415_openhands,20250415_openhands,0,step,38,38
20250415_openhands/pydata__xarray-7393,pydata__xarray-7393,20250415_openhands,20250415_openhands,20250415_openhands,0,step,54,54
20250415_openhands/pylint-dev__pylint-6528,pylint-dev__pylint-6528,20250415_openhands,20250415_openhands,20250415_openhands,0,step,43,43
20250415_openhands/pylint-dev__pylint-6903,pylint-dev__pylint-6903,20250415_openhands,20250415_openhands,20250415_openhands,0,step,21,21
20250415_openhands/pylint-dev__pylint-7277,pylint-dev__pylint-7277,20250415_openhands,20250415_openhands,20250415_openhands,0,step,21,21
20250415_openhands/pytest-dev__pytest-10051,pytest-dev__pytest-10051,20250415_openhands,20250415_openhands,20250415_openhands,0,step,68,68
20250415_openhands/pytest-dev__pytest-10081,pytest-dev__pytest-10081,20250415_openhands,20250415_openhands,20250415_openhands,0,step,36,36
20250415_openhands/pytest-dev__pytest-5262,pytest-dev__pytest-5262,20250415_openhands,20250415_openhands,20250415_openhands,0,step,25,25
20250415_openhands/pytest-dev__pytest-5631,pytest-dev__pytest-5631,20250415_openhands,20250415_openhands,20250415_openhands,0,step,28,28
20250415_openhands/pytest-dev__pytest-5787,pytest-dev__pytest-5787,20250415_openhands,20250415_openhands,20250415_openhands,0,step,43,43
20250415_openhands/pytest-dev__pytest-5809,pytest-dev__pytest-5809,20250415_openhands,20250415_openhands,20250415_openhands,0,step,25,25
20250415_openhands/pytest-dev__pytest-6197,pytest-dev__pytest-6197,20250415_openhands,20250415_openhands,20250415_openhands,0,step,84,84
20250415_openhands/pytest-dev__pytest-6202,pytest-dev__pytest-6202,20250415_openhands,20250415_openhands,20250415_openhands,0,step,23,23
20250415_openhands/pytest-dev__pytest-7205,pytest-dev__pytest-7205,20250415_openhands,20250415_openhands,20250415_openhands,0,step,30,30
20250415_openhands/pytest-dev__pytest-7236,pytest-dev__pytest-7236,20250415_openhands,20250415_openhands,20250415_openhands,0,step,30,30
20250415_openhands/pytest-dev__pytest-7324,pytest-dev__pytest-7324,20250415_openhands,20250415_openhands,20250415_openhands,0,step,27,27
20250415_openhands/pytest-dev__pytest-7432,pytest-dev__pytest-7432,20250415_openhands,20250415_openhands,20250415_openhands,0,step,20,20
20250415_openhands/pytest-dev__pytest-7490,pytest-dev__pytest-7490,20250415_openhands,20250415_openhands,20250415_openhands,0,step,30,30
20250415_openhands/pytest-dev__pytest-7521,pytest-dev__pytest-7521,20250415_openhands,20250415_openhands,20250415_openhands,0,step,23,23
20250415_openhands/pytest-dev__pytest-7571,pytest-dev__pytest-7571,20250415_openhands,20250415_openhands,20250415_openhands,0,step,30,30
20250415_openhands/pytest-dev__pytest-7982,pytest-dev__pytest-7982,20250415_openhands,20250415_openhands,20250415_openhands,0,step,27,27
20250415_openhands/pytest-dev__pytest-8399,pytest-dev__pytest-8399,20250415_openhands,20250415_openhands,20250415_openhands,0,step,27,27
20250415_openhands/scikit-learn__scikit-learn-10297,scikit-learn__scikit-learn-10297,20250415_openhands,20250415_openhands,20250415_openhands,0,step,24,24
20250415_openhands/scikit-learn__scikit-learn-10844,scikit-learn__scikit-learn-10844,20250415_openhands,20250415_openhands,20250415_openhands,0,step,16,16
20250415_openhands/scikit-learn__scikit-learn-10908,scikit-learn__scikit-learn-10908,20250415_openhands,20250415_openhands,20250415_openhands,0,step,33,33
20250415_openhands/scikit-learn__scikit-learn-11310,scikit-learn__scikit-learn-11310,20250415_openhands,20250415_openhands,20250415_openhands,0,step,47,47
20250415_openhands/scikit-learn__scikit-learn-11578,scikit-learn__scikit-learn-11578,20250415_openhands,20250415_openhands,20250415_openhands,0,step,20,20
20250415_openhands/scikit-learn__scikit-learn-12585,scikit-learn__scikit-learn-12585,20250415_openhands,20250415_openhands,20250415_openhands,0,step,18,18
20250415_openhands/scikit-learn__scikit-learn-12682,scikit-learn__scikit-learn-12682,20250415_openhands,20250415_openhands,20250415_openhands,0,step,39,39
20250415_openhands/scikit-learn__scikit-learn-12973,scikit-learn__scikit-learn-12973,20250415_openhands,20250415_openhands,20250415_openhands,0,step,30,30
20250415_openhands/scikit-learn__scikit-learn-13135,scikit-learn__scikit-learn-13135,20250415_openhands,20250415_openhands,20250415_openhands,0,step,13,13
20250415_openhands/scikit-learn__scikit-learn-13142,scikit-learn__scikit-learn-13142,20250415_openhands,20250415_openhands,20250415_openhands,0,step,36,36
20250415_openhands/scikit-learn__scikit-learn-13328,scikit-learn__scikit-learn-13328,20250415_openhands,20250415_openhands,20250415_openhands,0,step,19,19
20250415_openhands/scikit-learn__scikit-learn-13439,scikit-learn__scikit-learn-13439,20250415_openhands,20250415_openhands,20250415_openhands,0,step,18,18
20250415_openhands/scikit-learn__scikit-learn-13496,scikit-learn__scikit-learn-13496,20250415_openhands,20250415_openhands,20250415_openhands,0,step,29,29
20250415_openhands/scikit-learn__scikit-learn-13779,scikit-learn__scikit-learn-13779,20250415_openhands,20250415_openhands,20250415_openhands,0,step,15,15
20250415_openhands/scikit-learn__scikit-learn-14053,scikit-learn__scikit-learn-14053,20250415_openhands,20250415_openhands,20250415_openhands,0,step,18,18
20250415_openhands/scikit-learn__scikit-learn-14087,scikit-learn__scikit-learn-14087,20250415_openhands,20250415_openhands,20250415_openhands,0,step,36,36
20250415_openhands/scikit-learn__scikit-learn-14141,scikit-learn__scikit-learn-14141,20250415_openhands,20250415_openhands,20250415_openhands,0,step,14,14
20250415_openhands/scikit-learn__scikit-learn-14496,scikit-learn__scikit-learn-14496,20250415_openhands,20250415_openhands,20250415_openhands,0,step,28,28
20250415_openhands/scikit-learn__scikit-learn-14629,scikit-learn__scikit-learn-14629,20250415_openhands,20250415_openhands,20250415_openhands,0,step,22,22
20250415_openhands/scikit-learn__scikit-learn-14710,scikit-learn__scikit-learn-14710,20250415_openhands,20250415_openhands,20250415_openhands,0,step,41,41
20250415_openhands/scikit-learn__scikit-learn-14894,scikit-learn__scikit-learn-14894,20250415_openhands,20250415_openhands,20250415_openhands,0,step,25,25
20250415_openhands/scikit-learn__scikit-learn-15100,scikit-learn__scikit-learn-15100,20250415_openhands,20250415_openhands,20250415_openhands,0,step,21,21
20250415_openhands/scikit-learn__scikit-learn-25232,scikit-learn__scikit-learn-25232,20250415_openhands,20250415_openhands,20250415_openhands,0,step,27,27
20250415_openhands/scikit-learn__scikit-learn-25931,scikit-learn__scikit-learn-25931,20250415_openhands,20250415_openhands,20250415_openhands,0,step,20,20
20250415_openhands/scikit-learn__scikit-learn-25973,scikit-learn__scikit-learn-25973,20250415_openhands,20250415_openhands,20250415_openhands,0,step,21,21
20250415_openhands/scikit-learn__scikit-learn-26323,scikit-learn__scikit-learn-26323,20250415_openhands,20250415_openhands,20250415_openhands,0,step,43,43
20250415_openhands/scikit-learn__scikit-learn-9288,scikit-learn__scikit-learn-9288,20250415_openhands,20250415_openhands,20250415_openhands,0,step,32,32
20250415_openhands/sphinx-doc__sphinx-10323,sphinx-doc__sphinx-10323,20250415_openhands,20250415_openhands,20250415_openhands,0,step,27,27
20250415_openhands/sphinx-doc__sphinx-10449,sphinx-doc__sphinx-10449,20250415_openhands,20250415_openhands,20250415_openhands,0,step,30,30
20250415_openhands/sphinx-doc__sphinx-10466,sphinx-doc__sphinx-10466,20250415_openhands,20250415_openhands,20250415_openhands,0,step,18,18
20250415_openhands/sphinx-doc__sphinx-10673,sphinx-doc__sphinx-10673,20250415_openhands,20250415_openhands,20250415_openhands,0,step,22,22
20250415_openhands/sphinx-doc__sphinx-7440,sphinx-doc__sphinx-7440,20250415_openhands,20250415_openhands,20250415_openhands,0,step,29,29
20250415_openhands/sphinx-doc__sphinx-7757,sphinx-doc__sphinx-7757,20250415_openhands,20250415_openhands,20250415_openhands,0,step,33,33
20250415_openhands/sphinx-doc__sphinx-7889,sphinx-doc__sphinx-7889,20250415_openhands,20250415_openhands,20250415_openhands,0,step,19,19
20250415_openhands/sphinx-doc__sphinx-7910,sphinx-doc__sphinx-7910,20250415_openhands,20250415_openhands,20250415_openhands,0,step,25,25
20250415_openhands/sphinx-doc__sphinx-8035,sphinx-doc__sphinx-8035,20250415_openhands,20250415_openhands,20250415_openhands,0,step,42,42
20250415_openhands/sphinx-doc__sphinx-8120,sphinx-doc__sphinx-8120,20250415_openhands,20250415_openhands,20250415_openhands,0,step,22,22
20250415_openhands/sphinx-doc__sphinx-8269,sphinx-doc__sphinx-8269,20250415_openhands,20250415_openhands,20250415_openhands,0,step,13,13
20250415_openhands/sphinx-doc__sphinx-8459,sphinx-doc__sphinx-8459,20250415_openhands,20250415_openhands,20250415_openhands,0,step,38,38
20250415_openhands/sphinx-doc__sphinx-8475,sphinx-doc__sphinx-8475,20250415_openhands,20250415_openhands,20250415_openhands,0,step,19,19
20250415_openhands/sphinx-doc__sphinx-8593,sphinx-doc__sphinx-8593,20250415_openhands,20250415_openhands,20250415_openhands,0,step,49,49
20250415_openhands/sphinx-doc__sphinx-8595,sphinx-doc__sphinx-8595,20250415_openhands,20250415_openhands,20250415_openhands,0,step,50,50
20250415_openhands/sphinx-doc__sphinx-8621,sphinx-doc__sphinx-8621,20250415_openhands,20250415_openhands,20250415_openhands,0,step,43,43
20250415_openhands/sphinx-doc__sphinx-8721,sphinx-doc__sphinx-8721,20250415_openhands,20250415_openhands,20250415_openhands,0,step,26,26
20250415_openhands/sphinx-doc__sphinx-9258,sphinx-doc__sphinx-9258,20250415_openhands,20250415_openhands,20250415_openhands,0,step,38,38
20250415_openhands/sphinx-doc__sphinx-9281,sphinx-doc__sphinx-9281,20250415_openhands,20250415_openhands,20250415_openhands,0,step,27,27
20250415_openhands/sphinx-doc__sphinx-9320,sphinx-doc__sphinx-9320,20250415_openhands,20250415_openhands,20250415_openhands,0,step,17,17
20250415_openhands/sphinx-doc__sphinx-9367,sphinx-doc__sphinx-9367,20250415_openhands,20250415_openhands,20250415_openhands,0,step,10,10
20250415_openhands/sphinx-doc__sphinx-9658,sphinx-doc__sphinx-9658,20250415_openhands,20250415_openhands,20250415_openhands,0,step,44,44
20250415_openhands/sphinx-doc__sphinx-9673,sphinx-doc__sphinx-9673,20250415_openhands,20250415_openhands,20250415_openhands,0,step,38,38
20250415_openhands/sphinx-doc__sphinx-9698,sphinx-doc__sphinx-9698,20250415_openhands,20250415_openhands,20250415_openhands,0,step,42,42
20250415_openhands/sphinx-doc__sphinx-9711,sphinx-doc__sphinx-9711,20250415_openhands,20250415_openhands,20250415_openhands,0,step,22,22
20250415_openhands/sympy__sympy-11618,sympy__sympy-11618,20250415_openhands,20250415_openhands,20250415_openhands,0,step,16,16
20250415_openhands/sympy__sympy-12096,sympy__sympy-12096,20250415_openhands,20250415_openhands,20250415_openhands,0,step,21,21
20250415_openhands/sympy__sympy-12419,sympy__sympy-12419,20250415_openhands,20250415_openhands,20250415_openhands,0,step,93,93
20250415_openhands/sympy__sympy-12481,sympy__sympy-12481,20250415_openhands,20250415_openhands,20250415_openhands,0,step,65,65
20250415_openhands/sympy__sympy-13091,sympy__sympy-13091,20250415_openhands,20250415_openhands,20250415_openhands,0,step,80,80
20250415_openhands/sympy__sympy-13372,sympy__sympy-13372,20250415_openhands,20250415_openhands,20250415_openhands,0,step,21,21
20250415_openhands/sympy__sympy-13480,sympy__sympy-13480,20250415_openhands,20250415_openhands,20250415_openhands,0,step,17,17
20250415_openhands/sympy__sympy-13647,sympy__sympy-13647,20250415_openhands,20250415_openhands,20250415_openhands,0,step,24,24
20250415_openhands/sympy__sympy-13757,sympy__sympy-13757,20250415_openhands,20250415_openhands,20250415_openhands,0,step,92,92
20250415_openhands/sympy__sympy-13878,sympy__sympy-13878,20250415_openhands,20250415_openhands,20250415_openhands,0,step,88,88
20250415_openhands/sympy__sympy-14531,sympy__sympy-14531,20250415_openhands,20250415_openhands,20250415_openhands,0,step,30,30
20250415_openhands/sympy__sympy-14711,sympy__sympy-14711,20250415_openhands,20250415_openhands,20250415_openhands,0,step,25,25
20250415_openhands/sympy__sympy-14976,sympy__sympy-14976,20250415_openhands,20250415_openhands,20250415_openhands,0,step,26,26
20250415_openhands/sympy__sympy-15345,sympy__sympy-15345,20250415_openhands,20250415_openhands,20250415_openhands,0,step,49,49
20250415_openhands/sympy__sympy-15349,sympy__sympy-15349,20250415_openhands,20250415_openhands,20250415_openhands,0,step,36,36
20250415_openhands/sympy__sympy-15599,sympy__sympy-15599,20250415_openhands,20250415_openhands,20250415_openhands,0,step,44,44
20250415_openhands/sympy__sympy-15809,sympy__sympy-15809,20250415_openhands,20250415_openhands,20250415_openhands,0,step,28,28
20250415_openhands/sympy__sympy-15875,sympy__sympy-15875,20250415_openhands,20250415_openhands,20250415_openhands,0,step,29,29
20250415_openhands/sympy__sympy-16450,sympy__sympy-16450,20250415_openhands,20250415_openhands,20250415_openhands,0,step,27,27
20250415_openhands/sympy__sympy-16766,sympy__sympy-16766,20250415_openhands,20250415_openhands,20250415_openhands,0,step,33,33
20250415_openhands/sympy__sympy-16792,sympy__sympy-16792,20250415_openhands,20250415_openhands,20250415_openhands,0,step,55,55
20250415_openhands/sympy__sympy-16886,sympy__sympy-16886,20250415_openhands,20250415_openhands,20250415_openhands,0,step,16,16
20250415_openhands/sympy__sympy-17139,sympy__sympy-17139,20250415_openhands,20250415_openhands,20250415_openhands,0,step,29,29
20250415_openhands/sympy__sympy-17655,sympy__sympy-17655,20250415_openhands,20250415_openhands,20250415_openhands,0,step,44,44
20250415_openhands/sympy__sympy-18189,sympy__sympy-18189,20250415_openhands,20250415_openhands,20250415_openhands,0,step,23,23
20250415_openhands/sympy__sympy-18211,sympy__sympy-18211,20250415_openhands,20250415_openhands,20250415_openhands,0,step,70,70
20250415_openhands/sympy__sympy-19346,sympy__sympy-19346,20250415_openhands,20250415_openhands,20250415_openhands,0,step,16,16
20250415_openhands/sympy__sympy-19637,sympy__sympy-19637,20250415_openhands,20250415_openhands,20250415_openhands,0,step,20,20
20250415_openhands/sympy__sympy-19783,sympy__sympy-19783,20250415_openhands,20250415_openhands,20250415_openhands,0,step,47,47
20250415_openhands/sympy__sympy-19954,sympy__sympy-19954,20250415_openhands,20250415_openhands,20250415_openhands,0,step,31,31
20250415_openhands/sympy__sympy-20154,sympy__sympy-20154,20250415_openhands,20250415_openhands,20250415_openhands,0,step,18,18
20250415_openhands/sympy__sympy-20590,sympy__sympy-20590,20250415_openhands,20250415_openhands,20250415_openhands,0,step,50,50
20250415_openhands/sympy__sympy-20801,sympy__sympy-20801,20250415_openhands,20250415_openhands,20250415_openhands,0,step,43,43
20250415_openhands/sympy__sympy-21847,sympy__sympy-21847,20250415_openhands,20250415_openhands,20250415_openhands,0,step,16,16
20250415_openhands/sympy__sympy-22456,sympy__sympy-22456,20250415_openhands,20250415_openhands,20250415_openhands,0,step,53,53
20250415_openhands/sympy__sympy-22714,sympy__sympy-22714,20250415_openhands,20250415_openhands,20250415_openhands,0,step,46,46
20250415_openhands/sympy__sympy-22914,sympy__sympy-22914,20250415_openhands,20250415_openhands,20250415_openhands,0,step,21,21
20250415_openhands/sympy__sympy-23262,sympy__sympy-23262,20250415_openhands,20250415_openhands,20250415_openhands,0,step,48,48
20250415_openhands/sympy__sympy-23534,sympy__sympy-23534,20250415_openhands,20250415_openhands,20250415_openhands,0,step,24,24
20250415_openhands/sympy__sympy-23824,sympy__sympy-23824,20250415_openhands,20250415_openhands,20250415_openhands,0,step,16,16
20250415_openhands/sympy__sympy-23950,sympy__sympy-23950,20250415_openhands,20250415_openhands,20250415_openhands,0,step,67,67
20250415_openhands/sympy__sympy-24066,sympy__sympy-24066,20250415_openhands,20250415_openhands,20250415_openhands,0,step,29,29
20250415_openhands/sympy__sympy-24213,sympy__sympy-24213,20250415_openhands,20250415_openhands,20250415_openhands,0,step,24,24
20250415_openhands/sympy__sympy-24443,sympy__sympy-24443,20250415_openhands,20250415_openhands,20250415_openhands,0,step,77,77
20250415_openhands/sympy__sympy-24539,sympy__sympy-24539,20250415_openhands,20250415_openhands,20250415_openhands,0,step,20,20
20250415_openhands/sympy__sympy-24562,sympy__sympy-24562,20250415_openhands,20250415_openhands,20250415_openhands,0,step,33,33
20250415_openhands/sympy__sympy-24661,sympy__sympy-24661,20250415_openhands,20250415_openhands,20250415_openhands,0,step,40,40
20250520_openhands_devstral_small/astropy__astropy-12907,astropy__astropy-12907,20250520_openhands_devstral_small,20250520_openhands_devstral_small,20250520_openhands_devstral_small,1,step,75,75
20250520_openhands_devstral_small/astropy__astropy-13033,astropy__astropy-13033,20250520_openhands_devstral_small,20250520_openhands_devstral_small,20250520_openhands_devstral_small,1,step,30,30
20250520_openhands_devstral_small/astropy__astropy-13236,astropy__astropy-13236,20250520_openhands_devstral_small,20250520_openhands_devstral_small,20250520_openhands_devstral_small,1,step,40,40
20250520_openhands_devstral_small/astropy__astropy-13398,astropy__astropy-13398,20250520_openhands_devstral_small,20250520_openhands_devstral_small,20250520_openhands_devstral_small,1,step,31,31
20250520_openhands_devstral_small/astropy__astropy-13453,astropy__astropy-13453,20250520_openhands_devstral_small,20250520_openhands_devstral_small,20250520_openhands_devstral_small,1,step,99,99
20250520_openhands_devstral_small/astropy__astropy-13977,astropy__astropy-13977,20250520_openhands_devstral_small,20250520_openhands_devstral_small,20250520_openhands_devstral_small,1,step,44,44
20250520_openhands_devstral_small/astropy__astropy-14182,astropy__astropy-14182,20250520_openhands_devstral_small,20250520_openhands_devstral_small,20250520_openhands_devstral_small,1,step,41,41
20250520_openhands_devstral_small/astropy__astropy-14365,astropy__astropy-14365,20250520_openhands_devstral_small,20250520_openhands_devstral_small,20250520_openhands_devstral_small,1,step,43,43
20250520_openhands_devstral_small/astropy__astropy-14369,astropy__astropy-14369,20250520_openhands_devstral_small,20250520_openhands_devstral_small,20250520_openhands_devstral_small,1,step,99,99
20250520_openhands_devstral_small/astropy__astropy-14508,astropy__astropy-14508,20250520_openhands_devstral_small,20250520_openhands_devstral_small,20250520_openhands_devstral_small,1,step,36,36
20250520_openhands_devstral_small/astropy__astropy-14598,astropy__astropy-14598,20250520_openhands_devstral_small,20250520_openhands_devstral_small,20250520_openhands_devstral_small,1,step,99,99
20250520_openhands_devstral_small/astropy__astropy-7606,astropy__astropy-7606,20250520_openhands_devstral_small,20250520_openhands_devstral_small,20250520_openhands_devstral_small,1,step,27,27
20250520_openhands_devstral_small/astropy__astropy-8707,astropy__astropy-8707,20250520_openhands_devstral_small,20250520_openhands_devstral_small,20250520_openhands_devstral_small,1,step,58,58
20250520_openhands_devstral_small/astropy__astropy-8872,astropy__astropy-8872,20250520_openhands_devstral_small,20250520_openhands_devstral_small,20250520_openhands_devstral_small,1,step,46,46
20250520_openhands_devstral_small/django__django-10097,django__django-10097,20250520_openhands_devstral_small,20250520_openhands_devstral_small,20250520_openhands_devstral_small,1,step,99,99
20250520_openhands_devstral_small/django__django-10554,django__django-10554,20250520_openhands_devstral_small,20250520_openhands_devstral_small,20250520_openhands_devstral_small,1,step,99,99
20250520_openhands_devstral_small/django__django-10973,django__django-10973,20250520_openhands_devstral_small,20250520_openhands_devstral_small,20250520_openhands_devstral_small,1,step,23,23
20250520_openhands_devstral_small/django__django-10999,django__django-10999,20250520_openhands_devstral_small,20250520_openhands_devstral_small,20250520_openhands_devstral_small,1,step,12,12
20250520_openhands_devstral_small/django__django-11087,django__django-11087,20250520_openhands_devstral_small,20250520_openhands_devstral_small,20250520_openhands_devstral_small,1,step,31,31
20250520_openhands_devstral_small/django__django-11138,django__django-11138,20250520_openhands_devstral_small,20250520_openhands_devstral_small,20250520_openhands_devstral_small,1,step,26,26
20250520_openhands_devstral_small/django__django-11141,django__django-11141,20250520_openhands_devstral_small,20250520_openhands_devstral_small,20250520_openhands_devstral_small,1,step,43,43
20250520_openhands_devstral_small/django__django-11149,django__django-11149,20250520_openhands_devstral_small,20250520_openhands_devstral_small,20250520_openhands_devstral_small,1,step,88,88
20250520_openhands_devstral_small/django__django-11179,django__django-11179,20250520_openhands_devstral_small,20250520_openhands_devstral_small,20250520_openhands_devstral_small,1,step,91,91
20250520_openhands_devstral_small/django__django-11206,django__django-11206,20250520_openhands_devstral_small,20250520_openhands_devstral_small,20250520_openhands_devstral_small,1,step,26,26
20250520_openhands_devstral_small/django__django-11239,django__django-11239,20250520_openhands_devstral_small,20250520_openhands_devstral_small,20250520_openhands_devstral_small,1,step,29,29
20250520_openhands_devstral_small/django__django-11265,django__django-11265,20250520_openhands_devstral_small,20250520_openhands_devstral_small,20250520_openhands_devstral_small,1,step,50,50
20250520_openhands_devstral_small/django__django-11333,django__django-11333,20250520_openhands_devstral_small,20250520_openhands_devstral_small,20250520_openhands_devstral_small,1,step,46,46
20250520_openhands_devstral_small/django__django-11400,django__django-11400,20250520_openhands_devstral_small,20250520_openhands_devstral_small,20250520_openhands_devstral_small,1,step,50,50
20250520_openhands_devstral_small/django__django-11433,django__django-11433,20250520_openhands_devstral_small,20250520_openhands_devstral_small,20250520_openhands_devstral_small,1,step,69,69
20250520_openhands_devstral_small/django__django-11477,django__django-11477,20250520_openhands_devstral_small,20250520_openhands_devstral_small,20250520_openhands_devstral_small,1,step,43,43
20250520_openhands_devstral_small/django__django-11490,django__django-11490,20250520_openhands_devstral_small,20250520_openhands_devstral_small,20250520_openhands_devstral_small,1,step,61,61
20250520_openhands_devstral_small/django__django-11555,django__django-11555,20250520_openhands_devstral_small,20250520_openhands_devstral_small,20250520_openhands_devstral_small,1,step,56,56
20250520_openhands_devstral_small/django__django-11728,django__django-11728,20250520_openhands_devstral_small,20250520_openhands_devstral_small,20250520_openhands_devstral_small,1,step,41,41
20250520_openhands_devstral_small/django__django-11734,django__django-11734,20250520_openhands_devstral_small,20250520_openhands_devstral_small,20250520_openhands_devstral_small,1,step,81,81
20250520_openhands_devstral_small/django__django-11749,django__django-11749,20250520_openhands_devstral_small,20250520_openhands_devstral_small,20250520_openhands_devstral_small,1,step,42,42
20250520_openhands_devstral_small/django__django-11790,django__django-11790,20250520_openhands_devstral_small,20250520_openhands_devstral_small,20250520_openhands_devstral_small,1,step,34,34
20250520_openhands_devstral_small/django__django-11820,django__django-11820,20250520_openhands_devstral_small,20250520_openhands_devstral_small,20250520_openhands_devstral_small,1,step,43,43
20250520_openhands_devstral_small/django__django-11848,django__django-11848,20250520_openhands_devstral_small,20250520_openhands_devstral_small,20250520_openhands_devstral_small,1,step,36,36
20250520_openhands_devstral_small/django__django-11885,django__django-11885,20250520_openhands_devstral_small,20250520_openhands_devstral_small,20250520_openhands_devstral_small,1,step,99,99
20250520_openhands_devstral_small/django__django-11964,django__django-11964,20250520_openhands_devstral_small,20250520_openhands_devstral_small,20250520_openhands_devstral_small,1,step,41,41
20250520_openhands_devstral_small/django__django-12039,django__django-12039,20250520_openhands_devstral_small,20250520_openhands_devstral_small,20250520_openhands_devstral_small,1,step,42,42
20250520_openhands_devstral_small/django__django-12125,django__django-12125,20250520_openhands_devstral_small,20250520_openhands_devstral_small,20250520_openhands_devstral_small,1,step,94,94
20250520_openhands_devstral_small/django__django-12193,django__django-12193,20250520_openhands_devstral_small,20250520_openhands_devstral_small,20250520_openhands_devstral_small,1,step,50,50
20250520_openhands_devstral_small/django__django-12262,django__django-12262,20250520_openhands_devstral_small,20250520_openhands_devstral_small,20250520_openhands_devstral_small,1,step,35,35
20250520_openhands_devstral_small/django__django-12273,django__django-12273,20250520_openhands_devstral_small,20250520_openhands_devstral_small,20250520_openhands_devstral_small,1,step,62,62
20250520_openhands_devstral_small/django__django-12308,django__django-12308,20250520_openhands_devstral_small,20250520_openhands_devstral_small,20250520_openhands_devstral_small,1,step,39,39
20250520_openhands_devstral_small/django__django-12325,django__django-12325,20250520_openhands_devstral_small,20250520_openhands_devstral_small,20250520_openhands_devstral_small,1,step,43,43
20250520_openhands_devstral_small/django__django-12406,django__django-12406,20250520_openhands_devstral_small,20250520_openhands_devstral_small,20250520_openhands_devstral_small,1,step,62,62
20250520_openhands_devstral_small/django__django-12663,django__django-12663,20250520_openhands_devstral_small,20250520_openhands_devstral_small,20250520_openhands_devstral_small,1,step,44,44
20250520_openhands_devstral_small/django__django-12754,django__django-12754,20250520_openhands_devstral_small,20250520_openhands_devstral_small,20250520_openhands_devstral_small,1,step,93,93
20250520_openhands_devstral_small/django__django-12774,django__django-12774,20250520_openhands_devstral_small,20250520_openhands_devstral_small,20250520_openhands_devstral_small,1,step,42,42
20250520_openhands_devstral_small/django__django-12858,django__django-12858,20250520_openhands_devstral_small,20250520_openhands_devstral_small,20250520_openhands_devstral_small,1,step,72,72
20250520_openhands_devstral_small/django__django-12965,django__django-12965,20250520_openhands_devstral_small,20250520_openhands_devstral_small,20250520_openhands_devstral_small,1,step,78,78
20250520_openhands_devstral_small/django__django-13012,django__django-13012,20250520_openhands_devstral_small,20250520_openhands_devstral_small,20250520_openhands_devstral_small,1,step,45,45
20250520_openhands_devstral_small/django__django-13033,django__django-13033,20250520_openhands_devstral_small,20250520_openhands_devstral_small,20250520_openhands_devstral_small,1,step,68,68
20250520_openhands_devstral_small/django__django-13112,django__django-13112,20250520_openhands_devstral_small,20250520_openhands_devstral_small,20250520_openhands_devstral_small,1,step,99,99
20250520_openhands_devstral_small/django__django-13121,django__django-13121,20250520_openhands_devstral_small,20250520_openhands_devstral_small,20250520_openhands_devstral_small,1,step,46,46
20250520_openhands_devstral_small/django__django-13128,django__django-13128,20250520_openhands_devstral_small,20250520_openhands_devstral_small,20250520_openhands_devstral_small,1,step,50,50
20250520_openhands_devstral_small/django__django-13158,django__django-13158,20250520_openhands_devstral_small,20250520_openhands_devstral_small,20250520_openhands_devstral_small,1,step,51,51
20250520_openhands_devstral_small/django__django-13195,django__django-13195,20250520_openhands_devstral_small,20250520_openhands_devstral_small,20250520_openhands_devstral_small,1,step,32,32
20250520_openhands_devstral_small/django__django-13212,django__django-13212,20250520_openhands_devstral_small,20250520_openhands_devstral_small,20250520_openhands_devstral_small,1,step,38,38
20250520_openhands_devstral_small/django__django-13279,django__django-13279,20250520_openhands_devstral_small,20250520_openhands_devstral_small,20250520_openhands_devstral_small,1,step,57,57
20250520_openhands_devstral_small/django__django-13297,django__django-13297,20250520_openhands_devstral_small,20250520_openhands_devstral_small,20250520_openhands_devstral_small,1,step,55,55
20250520_openhands_devstral_small/django__django-13315,django__django-13315,20250520_openhands_devstral_small,20250520_openhands_devstral_small,20250520_openhands_devstral_small,1,step,77,77
20250520_openhands_devstral_small/django__django-13343,django__django-13343,20250520_openhands_devstral_small,20250520_openhands_devstral_small,20250520_openhands_devstral_small,1,step,49,49
20250520_openhands_devstral_small/django__django-13344,django__django-13344,20250520_openhands_devstral_small,20250520_openhands_devstral_small,20250520_openhands_devstral_small,1,step,64,64
20250520_openhands_devstral_small/django__django-13346,django__django-13346,20250520_openhands_devstral_small,20250520_openhands_devstral_small,20250520_openhands_devstral_small,1,step,99,99
20250520_openhands_devstral_small/django__django-13401,django__django-13401,20250520_openhands_devstral_small,20250520_openhands_devstral_small,20250520_openhands_devstral_small,1,step,41,41
20250520_openhands_devstral_small/django__django-13512,django__django-13512,20250520_openhands_devstral_small,20250520_openhands_devstral_small,20250520_openhands_devstral_small,1,step,42,42
20250520_openhands_devstral_small/django__django-13513,django__django-13513,20250520_openhands_devstral_small,20250520_openhands_devstral_small,20250520_openhands_devstral_small,1,step,52,52
20250520_openhands_devstral_small/django__django-13551,django__django-13551,20250520_openhands_devstral_small,20250520_openhands_devstral_small,20250520_openhands_devstral_small,1,step,35,35
20250520_openhands_devstral_small/django__django-13568,django__django-13568,20250520_openhands_devstral_small,20250520_openhands_devstral_small,20250520_openhands_devstral_small,1,step,41,41
20250520_openhands_devstral_small/django__django-13590,django__django-13590,20250520_openhands_devstral_small,20250520_openhands_devstral_small,20250520_openhands_devstral_small,1,step,23,23
20250520_openhands_devstral_small/django__django-13794,django__django-13794,20250520_openhands_devstral_small,20250520_openhands_devstral_small,20250520_openhands_devstral_small,1,step,45,45
20250520_openhands_devstral_small/django__django-13807,django__django-13807,20250520_openhands_devstral_small,20250520_openhands_devstral_small,20250520_openhands_devstral_small,1,step,31,31
20250520_openhands_devstral_small/django__django-13925,django__django-13925,20250520_openhands_devstral_small,20250520_openhands_devstral_small,20250520_openhands_devstral_small,1,step,57,57
20250520_openhands_devstral_small/django__django-13964,django__django-13964,20250520_openhands_devstral_small,20250520_openhands_devstral_small,20250520_openhands_devstral_small,1,step,65,65
20250520_openhands_devstral_small/django__django-14007,django__django-14007,20250520_openhands_devstral_small,20250520_openhands_devstral_small,20250520_openhands_devstral_small,1,step,67,67
20250520_openhands_devstral_small/django__django-14011,django__django-14011,20250520_openhands_devstral_small,20250520_openhands_devstral_small,20250520_openhands_devstral_small,1,step,87,87
20250520_openhands_devstral_small/django__django-14034,django__django-14034,20250520_openhands_devstral_small,20250520_openhands_devstral_small,20250520_openhands_devstral_small,1,step,32,32
20250520_openhands_devstral_small/django__django-14155,django__django-14155,20250520_openhands_devstral_small,20250520_openhands_devstral_small,20250520_openhands_devstral_small,1,step,46,46
20250520_openhands_devstral_small/django__django-14170,django__django-14170,20250520_openhands_devstral_small,20250520_openhands_devstral_small,20250520_openhands_devstral_small,1,step,45,45
20250520_openhands_devstral_small/django__django-14238,django__django-14238,20250520_openhands_devstral_small,20250520_openhands_devstral_small,20250520_openhands_devstral_small,1,step,30,30
20250520_openhands_devstral_small/django__django-14311,django__django-14311,20250520_openhands_devstral_small,20250520_openhands_devstral_small,20250520_openhands_devstral_small,1,step,26,26
20250520_openhands_devstral_small/django__django-14376,django__django-14376,20250520_openhands_devstral_small,20250520_openhands_devstral_small,20250520_openhands_devstral_small,1,step,45,45
20250520_openhands_devstral_small/django__django-14493,django__django-14493,20250520_openhands_devstral_small,20250520_openhands_devstral_small,20250520_openhands_devstral_small,1,step,26,26
20250520_openhands_devstral_small/django__django-14534,django__django-14534,20250520_openhands_devstral_small,20250520_openhands_devstral_small,20250520_openhands_devstral_small,1,step,32,32
20250520_openhands_devstral_small/django__django-14539,django__django-14539,20250520_openhands_devstral_small,20250520_openhands_devstral_small,20250520_openhands_devstral_small,1,step,43,43
20250520_openhands_devstral_small/django__django-14559,django__django-14559,20250520_openhands_devstral_small,20250520_openhands_devstral_small,20250520_openhands_devstral_small,1,step,44,44
20250520_openhands_devstral_small/django__django-14631,django__django-14631,20250520_openhands_devstral_small,20250520_openhands_devstral_small,20250520_openhands_devstral_small,1,step,60,60
20250520_openhands_devstral_small/django__django-14725,django__django-14725,20250520_openhands_devstral_small,20250520_openhands_devstral_small,20250520_openhands_devstral_small,1,step,59,59
20250520_openhands_devstral_small/django__django-14771,django__django-14771,20250520_openhands_devstral_small,20250520_openhands_devstral_small,20250520_openhands_devstral_small,1,step,42,42
20250520_openhands_devstral_small/django__django-14792,django__django-14792,20250520_openhands_devstral_small,20250520_openhands_devstral_small,20250520_openhands_devstral_small,1,step,38,38
20250520_openhands_devstral_small/django__django-15022,django__django-15022,20250520_openhands_devstral_small,20250520_openhands_devstral_small,20250520_openhands_devstral_small,1,step,29,29
20250520_openhands_devstral_small/django__django-15037,django__django-15037,20250520_openhands_devstral_small,20250520_openhands_devstral_small,20250520_openhands_devstral_small,1,step,30,30
20250520_openhands_devstral_small/django__django-15098,django__django-15098,20250520_openhands_devstral_small,20250520_openhands_devstral_small,20250520_openhands_devstral_small,1,step,44,44
20250520_openhands_devstral_small/django__django-15252,django__django-15252,20250520_openhands_devstral_small,20250520_openhands_devstral_small,20250520_openhands_devstral_small,1,step,53,53
20250520_openhands_devstral_small/django__django-15280,django__django-15280,20250520_openhands_devstral_small,20250520_openhands_devstral_small,20250520_openhands_devstral_small,1,step,98,98
20250520_openhands_devstral_small/django__django-15375,django__django-15375,20250520_openhands_devstral_small,20250520_openhands_devstral_small,20250520_openhands_devstral_small,1,step,44,44
20250520_openhands_devstral_small/django__django-15382,django__django-15382,20250520_openhands_devstral_small,20250520_openhands_devstral_small,20250520_openhands_devstral_small,1,step,73,73
20250520_openhands_devstral_small/django__django-15503,django__django-15503,20250520_openhands_devstral_small,20250520_openhands_devstral_small,20250520_openhands_devstral_small,1,step,99,99
20250520_openhands_devstral_small/django__django-15525,django__django-15525,20250520_openhands_devstral_small,20250520_openhands_devstral_small,20250520_openhands_devstral_small,1,step,71,71
20250520_openhands_devstral_small/django__django-15554,django__django-15554,20250520_openhands_devstral_small,20250520_openhands_devstral_small,20250520_openhands_devstral_small,1,step,40,40
20250520_openhands_devstral_small/django__django-15563,django__django-15563,20250520_openhands_devstral_small,20250520_openhands_devstral_small,20250520_openhands_devstral_small,1,step,55,55
20250520_openhands_devstral_small/django__django-15629,django__django-15629,20250520_openhands_devstral_small,20250520_openhands_devstral_small,20250520_openhands_devstral_small,1,step,67,67
20250520_openhands_devstral_small/django__django-15695,django__django-15695,20250520_openhands_devstral_small,20250520_openhands_devstral_small,20250520_openhands_devstral_small,1,step,43,43
20250520_openhands_devstral_small/django__django-15732,django__django-15732,20250520_openhands_devstral_small,20250520_openhands_devstral_small,20250520_openhands_devstral_small,1,step,61,61
20250520_openhands_devstral_small/django__django-15916,django__django-15916,20250520_openhands_devstral_small,20250520_openhands_devstral_small,20250520_openhands_devstral_small,1,step,31,31
20250520_openhands_devstral_small/django__django-15930,django__django-15930,20250520_openhands_devstral_small,20250520_openhands_devstral_small,20250520_openhands_devstral_small,1,step,50,50
20250520_openhands_devstral_small/django__django-15957,django__django-15957,20250520_openhands_devstral_small,20250520_openhands_devstral_small,20250520_openhands_devstral_small,1,step,67,67
20250520_openhands_devstral_small/django__django-15973,django__django-15973,20250520_openhands_devstral_small,20250520_openhands_devstral_small,20250520_openhands_devstral_small,1,step,65,65
20250520_openhands_devstral_small/django__django-16032,django__django-16032,20250520_openhands_devstral_small,20250520_openhands_devstral_small,20250520_openhands_devstral_small,1,step,99,99
20250520_openhands_devstral_small/django__django-16256,django__django-16256,20250520_openhands_devstral_small,20250520_openhands_devstral_small,20250520_openhands_devstral_small,1,step,57,57
20250520_openhands_devstral_small/django__django-16263,django__django-16263,20250520_openhands_devstral_small,20250520_openhands_devstral_small,20250520_openhands_devstral_small,1,step,53,53
20250520_openhands_devstral_small/django__django-16315,django__django-16315,20250520_openhands_devstral_small,20250520_openhands_devstral_small,20250520_openhands_devstral_small,1,step,50,50
20250520_openhands_devstral_small/django__django-16502,django__django-16502,20250520_openhands_devstral_small,20250520_openhands_devstral_small,20250520_openhands_devstral_small,1,step,47,47
20250520_openhands_devstral_small/django__django-16560,django__django-16560,20250520_openhands_devstral_small,20250520_openhands_devstral_small,20250520_openhands_devstral_small,1,step,44,44
20250520_openhands_devstral_small/django__django-16631,django__django-16631,20250520_openhands_devstral_small,20250520_openhands_devstral_small,20250520_openhands_devstral_small,1,step,34,34
20250520_openhands_devstral_small/django__django-16642,django__django-16642,20250520_openhands_devstral_small,20250520_openhands_devstral_small,20250520_openhands_devstral_small,1,step,28,28
20250520_openhands_devstral_small/django__django-16661,django__django-16661,20250520_openhands_devstral_small,20250520_openhands_devstral_small,20250520_openhands_devstral_small,1,step,50,50
20250520_openhands_devstral_small/django__django-16667,django__django-16667,20250520_openhands_devstral_small,20250520_openhands_devstral_small,20250520_openhands_devstral_small,1,step,28,28
20250520_openhands_devstral_small/django__django-16819,django__django-16819,20250520_openhands_devstral_small,20250520_openhands_devstral_small,20250520_openhands_devstral_small,1,step,72,72
20250520_openhands_devstral_small/django__django-16877,django__django-16877,20250520_openhands_devstral_small,20250520_openhands_devstral_small,20250520_openhands_devstral_small,1,step,46,46
20250520_openhands_devstral_small/django__django-16899,django__django-16899,20250520_openhands_devstral_small,20250520_openhands_devstral_small,20250520_openhands_devstral_small,1,step,46,46
20250520_openhands_devstral_small/django__django-16901,django__django-16901,20250520_openhands_devstral_small,20250520_openhands_devstral_small,20250520_openhands_devstral_small,1,step,43,43
20250520_openhands_devstral_small/django__django-16938,django__django-16938,20250520_openhands_devstral_small,20250520_openhands_devstral_small,20250520_openhands_devstral_small,1,step,43,43
20250520_openhands_devstral_small/django__django-16950,django__django-16950,20250520_openhands_devstral_small,20250520_openhands_devstral_small,20250520_openhands_devstral_small,1,step,42,42
20250520_openhands_devstral_small/django__django-17084,django__django-17084,20250520_openhands_devstral_small,20250520_openhands_devstral_small,20250520_openhands_devstral_small,1,step,99,99
20250520_openhands_devstral_small/matplotlib__matplotlib-14623,matplotlib__matplotlib-14623,20250520_openhands_devstral_small,20250520_openhands_devstral_small,20250520_openhands_devstral_small,1,step,41,41
20250520_openhands_devstral_small/matplotlib__matplotlib-20488,matplotlib__matplotlib-20488,20250520_openhands_devstral_small,20250520_openhands_devstral_small,20250520_openhands_devstral_small,1,step,55,55
20250520_openhands_devstral_small/matplotlib__matplotlib-20676,matplotlib__matplotlib-20676,20250520_openhands_devstral_small,20250520_openhands_devstral_small,20250520_openhands_devstral_small,1,step,99,99
20250520_openhands_devstral_small/matplotlib__matplotlib-20826,matplotlib__matplotlib-20826,20250520_openhands_devstral_small,20250520_openhands_devstral_small,20250520_openhands_devstral_small,1,step,64,64
20250520_openhands_devstral_small/matplotlib__matplotlib-21568,matplotlib__matplotlib-21568,20250520_openhands_devstral_small,20250520_openhands_devstral_small,20250520_openhands_devstral_small,1,step,35,35
20250520_openhands_devstral_small/matplotlib__matplotlib-22865,matplotlib__matplotlib-22865,20250520_openhands_devstral_small,20250520_openhands_devstral_small,20250520_openhands_devstral_small,1,step,33,33
20250520_openhands_devstral_small/matplotlib__matplotlib-22871,matplotlib__matplotlib-22871,20250520_openhands_devstral_small,20250520_openhands_devstral_small,20250520_openhands_devstral_small,1,step,50,50
20250520_openhands_devstral_small/matplotlib__matplotlib-23299,matplotlib__matplotlib-23299,20250520_openhands_devstral_small,20250520_openhands_devstral_small,20250520_openhands_devstral_small,1,step,99,99
20250520_openhands_devstral_small/matplotlib__matplotlib-23476,matplotlib__matplotlib-23476,20250520_openhands_devstral_small,20250520_openhands_devstral_small,20250520_openhands_devstral_small,1,step,52,52
20250520_openhands_devstral_small/matplotlib__matplotlib-24177,matplotlib__matplotlib-24177,20250520_openhands_devstral_small,20250520_openhands_devstral_small,20250520_openhands_devstral_small,1,step,42,42
20250520_openhands_devstral_small/matplotlib__matplotlib-24570,matplotlib__matplotlib-24570,20250520_openhands_devstral_small,20250520_openhands_devstral_small,20250520_openhands_devstral_small,1,step,21,21
20250520_openhands_devstral_small/matplotlib__matplotlib-24870,matplotlib__matplotlib-24870,20250520_openhands_devstral_small,20250520_openhands_devstral_small,20250520_openhands_devstral_small,1,step,41,41
20250520_openhands_devstral_small/matplotlib__matplotlib-25311,matplotlib__matplotlib-25311,20250520_openhands_devstral_small,20250520_openhands_devstral_small,20250520_openhands_devstral_small,1,step,35,35
20250520_openhands_devstral_small/matplotlib__matplotlib-25332,matplotlib__matplotlib-25332,20250520_openhands_devstral_small,20250520_openhands_devstral_small,20250520_openhands_devstral_small,1,step,35,35
20250520_openhands_devstral_small/matplotlib__matplotlib-25479,matplotlib__matplotlib-25479,20250520_openhands_devstral_small,20250520_openhands_devstral_small,20250520_openhands_devstral_small,1,step,99,99
20250520_openhands_devstral_small/matplotlib__matplotlib-25775,matplotlib__matplotlib-25775,20250520_openhands_devstral_small,20250520_openhands_devstral_small,20250520_openhands_devstral_small,1,step,76,76
20250520_openhands_devstral_small/matplotlib__matplotlib-25960,matplotlib__matplotlib-25960,20250520_openhands_devstral_small,20250520_openhands_devstral_small,20250520_openhands_devstral_small,1,step,35,35
20250520_openhands_devstral_small/matplotlib__matplotlib-26208,matplotlib__matplotlib-26208,20250520_openhands_devstral_small,20250520_openhands_devstral_small,20250520_openhands_devstral_small,1,step,99,99
20250520_openhands_devstral_small/matplotlib__matplotlib-26466,matplotlib__matplotlib-26466,20250520_openhands_devstral_small,20250520_openhands_devstral_small,20250520_openhands_devstral_small,1,step,33,33
20250520_openhands_devstral_small/mwaskom__seaborn-3069,mwaskom__seaborn-3069,20250520_openhands_devstral_small,20250520_openhands_devstral_small,20250520_openhands_devstral_small,1,step,34,34
20250520_openhands_devstral_small/mwaskom__seaborn-3187,mwaskom__seaborn-3187,20250520_openhands_devstral_small,20250520_openhands_devstral_small,20250520_openhands_devstral_small,1,step,47,47
20250520_openhands_devstral_small/psf__requests-1142,psf__requests-1142,20250520_openhands_devstral_small,20250520_openhands_devstral_small,20250520_openhands_devstral_small,1,step,26,26
20250520_openhands_devstral_small/psf__requests-1724,psf__requests-1724,20250520_openhands_devstral_small,20250520_openhands_devstral_small,20250520_openhands_devstral_small,1,step,38,38
20250520_openhands_devstral_small/psf__requests-1766,psf__requests-1766,20250520_openhands_devstral_small,20250520_openhands_devstral_small,20250520_openhands_devstral_small,1,step,48,48
20250520_openhands_devstral_small/psf__requests-1921,psf__requests-1921,20250520_openhands_devstral_small,20250520_openhands_devstral_small,20250520_openhands_devstral_small,1,step,24,24
20250520_openhands_devstral_small/psf__requests-2317,psf__requests-2317,20250520_openhands_devstral_small,20250520_openhands_devstral_small,20250520_openhands_devstral_small,1,step,43,43
20250520_openhands_devstral_small/psf__requests-2931,psf__requests-2931,20250520_openhands_devstral_small,20250520_openhands_devstral_small,20250520_openhands_devstral_small,1,step,28,28
20250520_openhands_devstral_small/psf__requests-5414,psf__requests-5414,20250520_openhands_devstral_small,20250520_openhands_devstral_small,20250520_openhands_devstral_small,1,step,26,26
20250520_openhands_devstral_small/psf__requests-6028,psf__requests-6028,20250520_openhands_devstral_small,20250520_openhands_devstral_small,20250520_openhands_devstral_small,1,step,36,36
20250520_openhands_devstral_small/pydata__xarray-3095,pydata__xarray-3095,20250520_openhands_devstral_small,20250520_openhands_devstral_small,20250520_openhands_devstral_small,1,step,98,98
20250520_openhands_devstral_small/pydata__xarray-3993,pydata__xarray-3993,20250520_openhands_devstral_small,20250520_openhands_devstral_small,20250520_openhands_devstral_small,1,step,47,47
20250520_openhands_devstral_small/pydata__xarray-4094,pydata__xarray-4094,20250520_openhands_devstral_small,20250520_openhands_devstral_small,20250520_openhands_devstral_small,1,step,72,72
20250520_openhands_devstral_small/pydata__xarray-4687,pydata__xarray-4687,20250520_openhands_devstral_small,20250520_openhands_devstral_small,20250520_openhands_devstral_small,1,step,99,99
20250520_openhands_devstral_small/pydata__xarray-4695,pydata__xarray-4695,20250520_openhands_devstral_small,20250520_openhands_devstral_small,20250520_openhands_devstral_small,1,step,61,61
20250520_openhands_devstral_small/pydata__xarray-6599,pydata__xarray-6599,20250520_openhands_devstral_small,20250520_openhands_devstral_small,20250520_openhands_devstral_small,1,step,79,79
20250520_openhands_devstral_small/pydata__xarray-6721,pydata__xarray-6721,20250520_openhands_devstral_small,20250520_openhands_devstral_small,20250520_openhands_devstral_small,1,step,87,87
20250520_openhands_devstral_small/pydata__xarray-6744,pydata__xarray-6744,20250520_openhands_devstral_small,20250520_openhands_devstral_small,20250520_openhands_devstral_small,1,step,62,62
20250520_openhands_devstral_small/pydata__xarray-6938,pydata__xarray-6938,20250520_openhands_devstral_small,20250520_openhands_devstral_small,20250520_openhands_devstral_small,1,step,34,34
20250520_openhands_devstral_small/pydata__xarray-6992,pydata__xarray-6992,20250520_openhands_devstral_small,20250520_openhands_devstral_small,20250520_openhands_devstral_small,1,step,28,28
20250520_openhands_devstral_small/pydata__xarray-7229,pydata__xarray-7229,20250520_openhands_devstral_small,20250520_openhands_devstral_small,20250520_openhands_devstral_small,1,step,35,35
20250520_openhands_devstral_small/pylint-dev__pylint-4551,pylint-dev__pylint-4551,20250520_openhands_devstral_small,20250520_openhands_devstral_small,20250520_openhands_devstral_small,1,step,49,49
20250520_openhands_devstral_small/pylint-dev__pylint-4604,pylint-dev__pylint-4604,20250520_openhands_devstral_small,20250520_openhands_devstral_small,20250520_openhands_devstral_small,1,step,30,30
20250520_openhands_devstral_small/pylint-dev__pylint-4661,pylint-dev__pylint-4661,20250520_openhands_devstral_small,20250520_openhands_devstral_small,20250520_openhands_devstral_small,1,step,28,28
20250520_openhands_devstral_small/pylint-dev__pylint-4970,pylint-dev__pylint-4970,20250520_openhands_devstral_small,20250520_openhands_devstral_small,20250520_openhands_devstral_small,1,step,50,50
20250520_openhands_devstral_small/pylint-dev__pylint-6386,pylint-dev__pylint-6386,20250520_openhands_devstral_small,20250520_openhands_devstral_small,20250520_openhands_devstral_small,1,step,26,26
20250520_openhands_devstral_small/pylint-dev__pylint-7080,pylint-dev__pylint-7080,20250520_openhands_devstral_small,20250520_openhands_devstral_small,20250520_openhands_devstral_small,1,step,42,42
20250520_openhands_devstral_small/pylint-dev__pylint-7277,pylint-dev__pylint-7277,20250520_openhands_devstral_small,20250520_openhands_devstral_small,20250520_openhands_devstral_small,1,step,38,38
20250520_openhands_devstral_small/pylint-dev__pylint-8898,pylint-dev__pylint-8898,20250520_openhands_devstral_small,20250520_openhands_devstral_small,20250520_openhands_devstral_small,1,step,42,42
20250520_openhands_devstral_small/pytest-dev__pytest-10051,pytest-dev__pytest-10051,20250520_openhands_devstral_small,20250520_openhands_devstral_small,20250520_openhands_devstral_small,1,step,98,98
20250520_openhands_devstral_small/pytest-dev__pytest-10081,pytest-dev__pytest-10081,20250520_openhands_devstral_small,20250520_openhands_devstral_small,20250520_openhands_devstral_small,1,step,98,98
20250520_openhands_devstral_small/pytest-dev__pytest-10356,pytest-dev__pytest-10356,20250520_openhands_devstral_small,20250520_openhands_devstral_small,20250520_openhands_devstral_small,1,step,99,99
20250520_openhands_devstral_small/pytest-dev__pytest-5840,pytest-dev__pytest-5840,20250520_openhands_devstral_small,20250520_openhands_devstral_small,20250520_openhands_devstral_small,1,step,64,64
20250520_openhands_devstral_small/pytest-dev__pytest-6197,pytest-dev__pytest-6197,20250520_openhands_devstral_small,20250520_openhands_devstral_small,20250520_openhands_devstral_small,1,step,99,99
20250520_openhands_devstral_small/pytest-dev__pytest-7236,pytest-dev__pytest-7236,20250520_openhands_devstral_small,20250520_openhands_devstral_small,20250520_openhands_devstral_small,1,step,97,97
20250520_openhands_devstral_small/pytest-dev__pytest-7324,pytest-dev__pytest-7324,20250520_openhands_devstral_small,20250520_openhands_devstral_small,20250520_openhands_devstral_small,1,step,99,99
20250520_openhands_devstral_small/pytest-dev__pytest-7490,pytest-dev__pytest-7490,20250520_openhands_devstral_small,20250520_openhands_devstral_small,20250520_openhands_devstral_small,1,step,85,85
20250520_openhands_devstral_small/pytest-dev__pytest-7521,pytest-dev__pytest-7521,20250520_openhands_devstral_small,20250520_openhands_devstral_small,20250520_openhands_devstral_small,1,step,99,99
20250520_openhands_devstral_small/scikit-learn__scikit-learn-13124,scikit-learn__scikit-learn-13124,20250520_openhands_devstral_small,20250520_openhands_devstral_small,20250520_openhands_devstral_small,1,step,19,19
20250520_openhands_devstral_small/scikit-learn__scikit-learn-13135,scikit-learn__scikit-learn-13135,20250520_openhands_devstral_small,20250520_openhands_devstral_small,20250520_openhands_devstral_small,1,step,22,22
20250520_openhands_devstral_small/scikit-learn__scikit-learn-14087,scikit-learn__scikit-learn-14087,20250520_openhands_devstral_small,20250520_openhands_devstral_small,20250520_openhands_devstral_small,1,step,99,99
20250520_openhands_devstral_small/scikit-learn__scikit-learn-14629,scikit-learn__scikit-learn-14629,20250520_openhands_devstral_small,20250520_openhands_devstral_small,20250520_openhands_devstral_small,1,step,22,22
20250520_openhands_devstral_small/scikit-learn__scikit-learn-14983,scikit-learn__scikit-learn-14983,20250520_openhands_devstral_small,20250520_openhands_devstral_small,20250520_openhands_devstral_small,1,step,26,26
20250520_openhands_devstral_small/scikit-learn__scikit-learn-25102,scikit-learn__scikit-learn-25102,20250520_openhands_devstral_small,20250520_openhands_devstral_small,20250520_openhands_devstral_small,1,step,96,96
20250520_openhands_devstral_small/scikit-learn__scikit-learn-25747,scikit-learn__scikit-learn-25747,20250520_openhands_devstral_small,20250520_openhands_devstral_small,20250520_openhands_devstral_small,1,step,37,37
20250520_openhands_devstral_small/scikit-learn__scikit-learn-25973,scikit-learn__scikit-learn-25973,20250520_openhands_devstral_small,20250520_openhands_devstral_small,20250520_openhands_devstral_small,1,step,52,52
20250520_openhands_devstral_small/scikit-learn__scikit-learn-26194,scikit-learn__scikit-learn-26194,20250520_openhands_devstral_small,20250520_openhands_devstral_small,20250520_openhands_devstral_small,1,step,55,55
20250520_openhands_devstral_small/sphinx-doc__sphinx-10323,sphinx-doc__sphinx-10323,20250520_openhands_devstral_small,20250520_openhands_devstral_small,20250520_openhands_devstral_small,1,step,28,28
20250520_openhands_devstral_small/sphinx-doc__sphinx-10435,sphinx-doc__sphinx-10435,20250520_openhands_devstral_small,20250520_openhands_devstral_small,20250520_openhands_devstral_small,1,step,96,96
20250520_openhands_devstral_small/sphinx-doc__sphinx-10614,sphinx-doc__sphinx-10614,20250520_openhands_devstral_small,20250520_openhands_devstral_small,20250520_openhands_devstral_small,1,step,50,50
20250520_openhands_devstral_small/sphinx-doc__sphinx-10673,sphinx-doc__sphinx-10673,20250520_openhands_devstral_small,20250520_openhands_devstral_small,20250520_openhands_devstral_small,1,step,74,74
20250520_openhands_devstral_small/sphinx-doc__sphinx-11445,sphinx-doc__sphinx-11445,20250520_openhands_devstral_small,20250520_openhands_devstral_small,20250520_openhands_devstral_small,1,step,22,22
20250520_openhands_devstral_small/sphinx-doc__sphinx-11510,sphinx-doc__sphinx-11510,20250520_openhands_devstral_small,20250520_openhands_devstral_small,20250520_openhands_devstral_small,1,step,99,99
20250520_openhands_devstral_small/sphinx-doc__sphinx-7454,sphinx-doc__sphinx-7454,20250520_openhands_devstral_small,20250520_openhands_devstral_small,20250520_openhands_devstral_small,1,step,99,99
20250520_openhands_devstral_small/sphinx-doc__sphinx-7462,sphinx-doc__sphinx-7462,20250520_openhands_devstral_small,20250520_openhands_devstral_small,20250520_openhands_devstral_small,1,step,24,24
20250520_openhands_devstral_small/sphinx-doc__sphinx-7590,sphinx-doc__sphinx-7590,20250520_openhands_devstral_small,20250520_openhands_devstral_small,20250520_openhands_devstral_small,1,step,99,99
20250520_openhands_devstral_small/sphinx-doc__sphinx-7748,sphinx-doc__sphinx-7748,20250520_openhands_devstral_small,20250520_openhands_devstral_small,20250520_openhands_devstral_small,1,step,41,41
20250520_openhands_devstral_small/sphinx-doc__sphinx-7757,sphinx-doc__sphinx-7757,20250520_openhands_devstral_small,20250520_openhands_devstral_small,20250520_openhands_devstral_small,1,step,56,56
20250520_openhands_devstral_small/sphinx-doc__sphinx-7985,sphinx-doc__sphinx-7985,20250520_openhands_devstral_small,20250520_openhands_devstral_small,20250520_openhands_devstral_small,1,step,77,77
20250520_openhands_devstral_small/sphinx-doc__sphinx-8056,sphinx-doc__sphinx-8056,20250520_openhands_devstral_small,20250520_openhands_devstral_small,20250520_openhands_devstral_small,1,step,99,99
20250520_openhands_devstral_small/sphinx-doc__sphinx-8265,sphinx-doc__sphinx-8265,20250520_openhands_devstral_small,20250520_openhands_devstral_small,20250520_openhands_devstral_small,1,step,99,99
20250520_openhands_devstral_small/sphinx-doc__sphinx-8269,sphinx-doc__sphinx-8269,20250520_openhands_devstral_small,20250520_openhands_devstral_small,20250520_openhands_devstral_small,1,step,15,15
20250520_openhands_devstral_small/sphinx-doc__sphinx-8459,sphinx-doc__sphinx-8459,20250520_openhands_devstral_small,20250520_openhands_devstral_small,20250520_openhands_devstral_small,1,step,59,59
20250520_openhands_devstral_small/sphinx-doc__sphinx-8548,sphinx-doc__sphinx-8548,20250520_openhands_devstral_small,20250520_openhands_devstral_small,20250520_openhands_devstral_small,1,step,66,66
20250520_openhands_devstral_small/sphinx-doc__sphinx-8551,sphinx-doc__sphinx-8551,20250520_openhands_devstral_small,20250520_openhands_devstral_small,20250520_openhands_devstral_small,1,step,80,80
20250520_openhands_devstral_small/sphinx-doc__sphinx-8593,sphinx-doc__sphinx-8593,20250520_openhands_devstral_small,20250520_openhands_devstral_small,20250520_openhands_devstral_small,1,step,81,81
20250520_openhands_devstral_small/sphinx-doc__sphinx-8621,sphinx-doc__sphinx-8621,20250520_openhands_devstral_small,20250520_openhands_devstral_small,20250520_openhands_devstral_small,1,step,94,94
20250520_openhands_devstral_small/sphinx-doc__sphinx-8638,sphinx-doc__sphinx-8638,20250520_openhands_devstral_small,20250520_openhands_devstral_small,20250520_openhands_devstral_small,1,step,72,72
20250520_openhands_devstral_small/sphinx-doc__sphinx-9229,sphinx-doc__sphinx-9229,20250520_openhands_devstral_small,20250520_openhands_devstral_small,20250520_openhands_devstral_small,1,step,92,92
20250520_openhands_devstral_small/sphinx-doc__sphinx-9230,sphinx-doc__sphinx-9230,20250520_openhands_devstral_small,20250520_openhands_devstral_small,20250520_openhands_devstral_small,1,step,80,80
20250520_openhands_devstral_small/sphinx-doc__sphinx-9258,sphinx-doc__sphinx-9258,20250520_openhands_devstral_small,20250520_openhands_devstral_small,20250520_openhands_devstral_small,1,step,53,53
20250520_openhands_devstral_small/sphinx-doc__sphinx-9461,sphinx-doc__sphinx-9461,20250520_openhands_devstral_small,20250520_openhands_devstral_small,20250520_openhands_devstral_small,1,step,69,69
20250520_openhands_devstral_small/sphinx-doc__sphinx-9591,sphinx-doc__sphinx-9591,20250520_openhands_devstral_small,20250520_openhands_devstral_small,20250520_openhands_devstral_small,1,step,43,43
20250520_openhands_devstral_small/sphinx-doc__sphinx-9602,sphinx-doc__sphinx-9602,20250520_openhands_devstral_small,20250520_openhands_devstral_small,20250520_openhands_devstral_small,1,step,72,72
20250520_openhands_devstral_small/sphinx-doc__sphinx-9658,sphinx-doc__sphinx-9658,20250520_openhands_devstral_small,20250520_openhands_devstral_small,20250520_openhands_devstral_small,1,step,51,51
20250520_openhands_devstral_small/sympy__sympy-12419,sympy__sympy-12419,20250520_openhands_devstral_small,20250520_openhands_devstral_small,20250520_openhands_devstral_small,1,step,99,99
20250520_openhands_devstral_small/sympy__sympy-12489,sympy__sympy-12489,20250520_openhands_devstral_small,20250520_openhands_devstral_small,20250520_openhands_devstral_small,1,step,99,99
20250520_openhands_devstral_small/sympy__sympy-13091,sympy__sympy-13091,20250520_openhands_devstral_small,20250520_openhands_devstral_small,20250520_openhands_devstral_small,1,step,43,43
20250520_openhands_devstral_small/sympy__sympy-13551,sympy__sympy-13551,20250520_openhands_devstral_small,20250520_openhands_devstral_small,20250520_openhands_devstral_small,1,step,68,68
20250520_openhands_devstral_small/sympy__sympy-13615,sympy__sympy-13615,20250520_openhands_devstral_small,20250520_openhands_devstral_small,20250520_openhands_devstral_small,1,step,99,99
20250520_openhands_devstral_small/sympy__sympy-13647,sympy__sympy-13647,20250520_openhands_devstral_small,20250520_openhands_devstral_small,20250520_openhands_devstral_small,1,step,54,54
20250520_openhands_devstral_small/sympy__sympy-13757,sympy__sympy-13757,20250520_openhands_devstral_small,20250520_openhands_devstral_small,20250520_openhands_devstral_small,1,step,66,66
20250520_openhands_devstral_small/sympy__sympy-13798,sympy__sympy-13798,20250520_openhands_devstral_small,20250520_openhands_devstral_small,20250520_openhands_devstral_small,1,step,34,34
20250520_openhands_devstral_small/sympy__sympy-13852,sympy__sympy-13852,20250520_openhands_devstral_small,20250520_openhands_devstral_small,20250520_openhands_devstral_small,1,step,26,26
20250520_openhands_devstral_small/sympy__sympy-13877,sympy__sympy-13877,20250520_openhands_devstral_small,20250520_openhands_devstral_small,20250520_openhands_devstral_small,1,step,31,31
20250520_openhands_devstral_small/sympy__sympy-13974,sympy__sympy-13974,20250520_openhands_devstral_small,20250520_openhands_devstral_small,20250520_openhands_devstral_small,1,step,99,99
20250520_openhands_devstral_small/sympy__sympy-14248,sympy__sympy-14248,20250520_openhands_devstral_small,20250520_openhands_devstral_small,20250520_openhands_devstral_small,1,step,99,99
20250520_openhands_devstral_small/sympy__sympy-15017,sympy__sympy-15017,20250520_openhands_devstral_small,20250520_openhands_devstral_small,20250520_openhands_devstral_small,1,step,23,23
20250520_openhands_devstral_small/sympy__sympy-15345,sympy__sympy-15345,20250520_openhands_devstral_small,20250520_openhands_devstral_small,20250520_openhands_devstral_small,1,step,87,87
20250520_openhands_devstral_small/sympy__sympy-15349,sympy__sympy-15349,20250520_openhands_devstral_small,20250520_openhands_devstral_small,20250520_openhands_devstral_small,1,step,31,31
20250520_openhands_devstral_small/sympy__sympy-15599,sympy__sympy-15599,20250520_openhands_devstral_small,20250520_openhands_devstral_small,20250520_openhands_devstral_small,1,step,23,23
20250520_openhands_devstral_small/sympy__sympy-15875,sympy__sympy-15875,20250520_openhands_devstral_small,20250520_openhands_devstral_small,20250520_openhands_devstral_small,1,step,31,31
20250520_openhands_devstral_small/sympy__sympy-15976,sympy__sympy-15976,20250520_openhands_devstral_small,20250520_openhands_devstral_small,20250520_openhands_devstral_small,1,step,99,99
20250520_openhands_devstral_small/sympy__sympy-16450,sympy__sympy-16450,20250520_openhands_devstral_small,20250520_openhands_devstral_small,20250520_openhands_devstral_small,1,step,99,99
20250520_openhands_devstral_small/sympy__sympy-16597,sympy__sympy-16597,20250520_openhands_devstral_small,20250520_openhands_devstral_small,20250520_openhands_devstral_small,1,step,24,24
20250520_openhands_devstral_small/sympy__sympy-16792,sympy__sympy-16792,20250520_openhands_devstral_small,20250520_openhands_devstral_small,20250520_openhands_devstral_small,1,step,99,99
20250520_openhands_devstral_small/sympy__sympy-17139,sympy__sympy-17139,20250520_openhands_devstral_small,20250520_openhands_devstral_small,20250520_openhands_devstral_small,1,step,39,39
20250520_openhands_devstral_small/sympy__sympy-17318,sympy__sympy-17318,20250520_openhands_devstral_small,20250520_openhands_devstral_small,20250520_openhands_devstral_small,1,step,34,34
20250520_openhands_devstral_small/sympy__sympy-17630,sympy__sympy-17630,20250520_openhands_devstral_small,20250520_openhands_devstral_small,20250520_openhands_devstral_small,1,step,54,54
20250520_openhands_devstral_small/sympy__sympy-18189,sympy__sympy-18189,20250520_openhands_devstral_small,20250520_openhands_devstral_small,20250520_openhands_devstral_small,1,step,99,99
20250520_openhands_devstral_small/sympy__sympy-18199,sympy__sympy-18199,20250520_openhands_devstral_small,20250520_openhands_devstral_small,20250520_openhands_devstral_small,1,step,40,40
20250520_openhands_devstral_small/sympy__sympy-18211,sympy__sympy-18211,20250520_openhands_devstral_small,20250520_openhands_devstral_small,20250520_openhands_devstral_small,1,step,40,40
20250520_openhands_devstral_small/sympy__sympy-18698,sympy__sympy-18698,20250520_openhands_devstral_small,20250520_openhands_devstral_small,20250520_openhands_devstral_small,1,step,99,99
20250520_openhands_devstral_small/sympy__sympy-19040,sympy__sympy-19040,20250520_openhands_devstral_small,20250520_openhands_devstral_small,20250520_openhands_devstral_small,1,step,99,99
20250520_openhands_devstral_small/sympy__sympy-19783,sympy__sympy-19783,20250520_openhands_devstral_small,20250520_openhands_devstral_small,20250520_openhands_devstral_small,1,step,99,99
20250520_openhands_devstral_small/sympy__sympy-20428,sympy__sympy-20428,20250520_openhands_devstral_small,20250520_openhands_devstral_small,20250520_openhands_devstral_small,1,step,96,96
20250520_openhands_devstral_small/sympy__sympy-20438,sympy__sympy-20438,20250520_openhands_devstral_small,20250520_openhands_devstral_small,20250520_openhands_devstral_small,1,step,92,92
20250520_openhands_devstral_small/sympy__sympy-20801,sympy__sympy-20801,20250520_openhands_devstral_small,20250520_openhands_devstral_small,20250520_openhands_devstral_small,1,step,49,49
20250520_openhands_devstral_small/sympy__sympy-20916,sympy__sympy-20916,20250520_openhands_devstral_small,20250520_openhands_devstral_small,20250520_openhands_devstral_small,1,step,99,99
20250520_openhands_devstral_small/sympy__sympy-21596,sympy__sympy-21596,20250520_openhands_devstral_small,20250520_openhands_devstral_small,20250520_openhands_devstral_small,1,step,99,99
20250520_openhands_devstral_small/sympy__sympy-21612,sympy__sympy-21612,20250520_openhands_devstral_small,20250520_openhands_devstral_small,20250520_openhands_devstral_small,1,step,49,49
20250520_openhands_devstral_small/sympy__sympy-21930,sympy__sympy-21930,20250520_openhands_devstral_small,20250520_openhands_devstral_small,20250520_openhands_devstral_small,1,step,52,52
20250520_openhands_devstral_small/sympy__sympy-22080,sympy__sympy-22080,20250520_openhands_devstral_small,20250520_openhands_devstral_small,20250520_openhands_devstral_small,1,step,31,31
20250520_openhands_devstral_small/sympy__sympy-22456,sympy__sympy-22456,20250520_openhands_devstral_small,20250520_openhands_devstral_small,20250520_openhands_devstral_small,1,step,62,62
20250520_openhands_devstral_small/sympy__sympy-22714,sympy__sympy-22714,20250520_openhands_devstral_small,20250520_openhands_devstral_small,20250520_openhands_devstral_small,1,step,60,60
20250520_openhands_devstral_small/sympy__sympy-23413,sympy__sympy-23413,20250520_openhands_devstral_small,20250520_openhands_devstral_small,20250520_openhands_devstral_small,1,step,92,92
20250520_openhands_devstral_small/sympy__sympy-23824,sympy__sympy-23824,20250520_openhands_devstral_small,20250520_openhands_devstral_small,20250520_openhands_devstral_small,1,step,79,79
20250520_openhands_devstral_small/sympy__sympy-24066,sympy__sympy-24066,20250520_openhands_devstral_small,20250520_openhands_devstral_small,20250520_openhands_devstral_small,1,step,99,99
20250520_openhands_devstral_small/sympy__sympy-24562,sympy__sympy-24562,20250520_openhands_devstral_small,20250520_openhands_devstral_small,20250520_openhands_devstral_small,1,step,93,93
20250520_openhands_devstral_small/astropy__astropy-13579,astropy__astropy-13579,20250520_openhands_devstral_small,20250520_openhands_devstral_small,20250520_openhands_devstral_small,0,step,75,75
20250520_openhands_devstral_small/astropy__astropy-14096,astropy__astropy-14096,20250520_openhands_devstral_small,20250520_openhands_devstral_small,20250520_openhands_devstral_small,0,step,25,25
20250520_openhands_devstral_small/astropy__astropy-14309,astropy__astropy-14309,20250520_openhands_devstral_small,20250520_openhands_devstral_small,20250520_openhands_devstral_small,0,step,24,24
20250520_openhands_devstral_small/astropy__astropy-14539,astropy__astropy-14539,20250520_openhands_devstral_small,20250520_openhands_devstral_small,20250520_openhands_devstral_small,0,step,36,36
20250520_openhands_devstral_small/astropy__astropy-14995,astropy__astropy-14995,20250520_openhands_devstral_small,20250520_openhands_devstral_small,20250520_openhands_devstral_small,0,step,20,20
20250520_openhands_devstral_small/astropy__astropy-7166,astropy__astropy-7166,20250520_openhands_devstral_small,20250520_openhands_devstral_small,20250520_openhands_devstral_small,0,step,26,26
20250520_openhands_devstral_small/astropy__astropy-7336,astropy__astropy-7336,20250520_openhands_devstral_small,20250520_openhands_devstral_small,20250520_openhands_devstral_small,0,step,18,18
20250520_openhands_devstral_small/astropy__astropy-7671,astropy__astropy-7671,20250520_openhands_devstral_small,20250520_openhands_devstral_small,20250520_openhands_devstral_small,0,step,35,35
20250520_openhands_devstral_small/django__django-10880,django__django-10880,20250520_openhands_devstral_small,20250520_openhands_devstral_small,20250520_openhands_devstral_small,0,step,36,36
20250520_openhands_devstral_small/django__django-10914,django__django-10914,20250520_openhands_devstral_small,20250520_openhands_devstral_small,20250520_openhands_devstral_small,0,step,55,55
20250520_openhands_devstral_small/django__django-11066,django__django-11066,20250520_openhands_devstral_small,20250520_openhands_devstral_small,20250520_openhands_devstral_small,0,step,31,31
20250520_openhands_devstral_small/django__django-11095,django__django-11095,20250520_openhands_devstral_small,20250520_openhands_devstral_small,20250520_openhands_devstral_small,0,step,37,37
20250520_openhands_devstral_small/django__django-11099,django__django-11099,20250520_openhands_devstral_small,20250520_openhands_devstral_small,20250520_openhands_devstral_small,0,step,25,25
20250520_openhands_devstral_small/django__django-11119,django__django-11119,20250520_openhands_devstral_small,20250520_openhands_devstral_small,20250520_openhands_devstral_small,0,step,80,80
20250520_openhands_devstral_small/django__django-11133,django__django-11133,20250520_openhands_devstral_small,20250520_openhands_devstral_small,20250520_openhands_devstral_small,0,step,24,24
20250520_openhands_devstral_small/django__django-11163,django__django-11163,20250520_openhands_devstral_small,20250520_openhands_devstral_small,20250520_openhands_devstral_small,0,step,18,18
20250520_openhands_devstral_small/django__django-11211,django__django-11211,20250520_openhands_devstral_small,20250520_openhands_devstral_small,20250520_openhands_devstral_small,0,step,87,87
20250520_openhands_devstral_small/django__django-11276,django__django-11276,20250520_openhands_devstral_small,20250520_openhands_devstral_small,20250520_openhands_devstral_small,0,step,44,44
20250520_openhands_devstral_small/django__django-11292,django__django-11292,20250520_openhands_devstral_small,20250520_openhands_devstral_small,20250520_openhands_devstral_small,0,step,21,21
20250520_openhands_devstral_small/django__django-11299,django__django-11299,20250520_openhands_devstral_small,20250520_openhands_devstral_small,20250520_openhands_devstral_small,0,step,95,95
20250520_openhands_devstral_small/django__django-11451,django__django-11451,20250520_openhands_devstral_small,20250520_openhands_devstral_small,20250520_openhands_devstral_small,0,step,35,35
20250520_openhands_devstral_small/django__django-11532,django__django-11532,20250520_openhands_devstral_small,20250520_openhands_devstral_small,20250520_openhands_devstral_small,0,step,37,37
20250520_openhands_devstral_small/django__django-11551,django__django-11551,20250520_openhands_devstral_small,20250520_openhands_devstral_small,20250520_openhands_devstral_small,0,step,35,35
20250520_openhands_devstral_small/django__django-11603,django__django-11603,20250520_openhands_devstral_small,20250520_openhands_devstral_small,20250520_openhands_devstral_small,0,step,46,46
20250520_openhands_devstral_small/django__django-11740,django__django-11740,20250520_openhands_devstral_small,20250520_openhands_devstral_small,20250520_openhands_devstral_small,0,step,54,54
20250520_openhands_devstral_small/django__django-11815,django__django-11815,20250520_openhands_devstral_small,20250520_openhands_devstral_small,20250520_openhands_devstral_small,0,step,48,48
20250520_openhands_devstral_small/django__django-11880,django__django-11880,20250520_openhands_devstral_small,20250520_openhands_devstral_small,20250520_openhands_devstral_small,0,step,31,31
20250520_openhands_devstral_small/django__django-11951,django__django-11951,20250520_openhands_devstral_small,20250520_openhands_devstral_small,20250520_openhands_devstral_small,0,step,50,50
20250520_openhands_devstral_small/django__django-11999,django__django-11999,20250520_openhands_devstral_small,20250520_openhands_devstral_small,20250520_openhands_devstral_small,0,step,42,42
20250520_openhands_devstral_small/django__django-12050,django__django-12050,20250520_openhands_devstral_small,20250520_openhands_devstral_small,20250520_openhands_devstral_small,0,step,49,49
20250520_openhands_devstral_small/django__django-12143,django__django-12143,20250520_openhands_devstral_small,20250520_openhands_devstral_small,20250520_openhands_devstral_small,0,step,43,43
20250520_openhands_devstral_small/django__django-12155,django__django-12155,20250520_openhands_devstral_small,20250520_openhands_devstral_small,20250520_openhands_devstral_small,0,step,21,21
20250520_openhands_devstral_small/django__django-12209,django__django-12209,20250520_openhands_devstral_small,20250520_openhands_devstral_small,20250520_openhands_devstral_small,0,step,45,45
20250520_openhands_devstral_small/django__django-12276,django__django-12276,20250520_openhands_devstral_small,20250520_openhands_devstral_small,20250520_openhands_devstral_small,0,step,34,34
20250520_openhands_devstral_small/django__django-12304,django__django-12304,20250520_openhands_devstral_small,20250520_openhands_devstral_small,20250520_openhands_devstral_small,0,step,36,36
20250520_openhands_devstral_small/django__django-12419,django__django-12419,20250520_openhands_devstral_small,20250520_openhands_devstral_small,20250520_openhands_devstral_small,0,step,35,35
20250520_openhands_devstral_small/django__django-12708,django__django-12708,20250520_openhands_devstral_small,20250520_openhands_devstral_small,20250520_openhands_devstral_small,0,step,51,51
20250520_openhands_devstral_small/django__django-12713,django__django-12713,20250520_openhands_devstral_small,20250520_openhands_devstral_small,20250520_openhands_devstral_small,0,step,36,36
20250520_openhands_devstral_small/django__django-12741,django__django-12741,20250520_openhands_devstral_small,20250520_openhands_devstral_small,20250520_openhands_devstral_small,0,step,29,29
20250520_openhands_devstral_small/django__django-13023,django__django-13023,20250520_openhands_devstral_small,20250520_openhands_devstral_small,20250520_openhands_devstral_small,0,step,38,38
20250520_openhands_devstral_small/django__django-13028,django__django-13028,20250520_openhands_devstral_small,20250520_openhands_devstral_small,20250520_openhands_devstral_small,0,step,55,55
20250520_openhands_devstral_small/django__django-13089,django__django-13089,20250520_openhands_devstral_small,20250520_openhands_devstral_small,20250520_openhands_devstral_small,0,step,38,38
20250520_openhands_devstral_small/django__django-13109,django__django-13109,20250520_openhands_devstral_small,20250520_openhands_devstral_small,20250520_openhands_devstral_small,0,step,47,47
20250520_openhands_devstral_small/django__django-13363,django__django-13363,20250520_openhands_devstral_small,20250520_openhands_devstral_small,20250520_openhands_devstral_small,0,step,40,40
20250520_openhands_devstral_small/django__django-13406,django__django-13406,20250520_openhands_devstral_small,20250520_openhands_devstral_small,20250520_openhands_devstral_small,0,step,94,94
20250520_openhands_devstral_small/django__django-13410,django__django-13410,20250520_openhands_devstral_small,20250520_openhands_devstral_small,20250520_openhands_devstral_small,0,step,34,34
20250520_openhands_devstral_small/django__django-13417,django__django-13417,20250520_openhands_devstral_small,20250520_openhands_devstral_small,20250520_openhands_devstral_small,0,step,52,52
20250520_openhands_devstral_small/django__django-13449,django__django-13449,20250520_openhands_devstral_small,20250520_openhands_devstral_small,20250520_openhands_devstral_small,0,step,60,60
20250520_openhands_devstral_small/django__django-13516,django__django-13516,20250520_openhands_devstral_small,20250520_openhands_devstral_small,20250520_openhands_devstral_small,0,step,52,52
20250520_openhands_devstral_small/django__django-13569,django__django-13569,20250520_openhands_devstral_small,20250520_openhands_devstral_small,20250520_openhands_devstral_small,0,step,45,45
20250520_openhands_devstral_small/django__django-13658,django__django-13658,20250520_openhands_devstral_small,20250520_openhands_devstral_small,20250520_openhands_devstral_small,0,step,25,25
20250520_openhands_devstral_small/django__django-13670,django__django-13670,20250520_openhands_devstral_small,20250520_openhands_devstral_small,20250520_openhands_devstral_small,0,step,28,28
20250520_openhands_devstral_small/django__django-13741,django__django-13741,20250520_openhands_devstral_small,20250520_openhands_devstral_small,20250520_openhands_devstral_small,0,step,25,25
20250520_openhands_devstral_small/django__django-13786,django__django-13786,20250520_openhands_devstral_small,20250520_openhands_devstral_small,20250520_openhands_devstral_small,0,step,38,38
20250520_openhands_devstral_small/django__django-13809,django__django-13809,20250520_openhands_devstral_small,20250520_openhands_devstral_small,20250520_openhands_devstral_small,0,step,39,39
20250520_openhands_devstral_small/django__django-13810,django__django-13810,20250520_openhands_devstral_small,20250520_openhands_devstral_small,20250520_openhands_devstral_small,0,step,46,46
20250520_openhands_devstral_small/django__django-13820,django__django-13820,20250520_openhands_devstral_small,20250520_openhands_devstral_small,20250520_openhands_devstral_small,0,step,23,23
20250520_openhands_devstral_small/django__django-13821,django__django-13821,20250520_openhands_devstral_small,20250520_openhands_devstral_small,20250520_openhands_devstral_small,0,step,41,41
20250520_openhands_devstral_small/django__django-13837,django__django-13837,20250520_openhands_devstral_small,20250520_openhands_devstral_small,20250520_openhands_devstral_small,0,step,20,20
20250520_openhands_devstral_small/django__django-13933,django__django-13933,20250520_openhands_devstral_small,20250520_openhands_devstral_small,20250520_openhands_devstral_small,0,step,33,33
20250520_openhands_devstral_small/django__django-14017,django__django-14017,20250520_openhands_devstral_small,20250520_openhands_devstral_small,20250520_openhands_devstral_small,0,step,27,27
20250520_openhands_devstral_small/django__django-14053,django__django-14053,20250520_openhands_devstral_small,20250520_openhands_devstral_small,20250520_openhands_devstral_small,0,step,46,46
20250520_openhands_devstral_small/django__django-14089,django__django-14089,20250520_openhands_devstral_small,20250520_openhands_devstral_small,20250520_openhands_devstral_small,0,step,20,20
20250520_openhands_devstral_small/django__django-14122,django__django-14122,20250520_openhands_devstral_small,20250520_openhands_devstral_small,20250520_openhands_devstral_small,0,step,37,37
20250520_openhands_devstral_small/django__django-14140,django__django-14140,20250520_openhands_devstral_small,20250520_openhands_devstral_small,20250520_openhands_devstral_small,0,step,24,24
20250520_openhands_devstral_small/django__django-14315,django__django-14315,20250520_openhands_devstral_small,20250520_openhands_devstral_small,20250520_openhands_devstral_small,0,step,39,39
20250520_openhands_devstral_small/django__django-14349,django__django-14349,20250520_openhands_devstral_small,20250520_openhands_devstral_small,20250520_openhands_devstral_small,0,step,16,16
20250520_openhands_devstral_small/django__django-14351,django__django-14351,20250520_openhands_devstral_small,20250520_openhands_devstral_small,20250520_openhands_devstral_small,0,step,40,40
20250520_openhands_devstral_small/django__django-14373,django__django-14373,20250520_openhands_devstral_small,20250520_openhands_devstral_small,20250520_openhands_devstral_small,0,step,26,26
20250520_openhands_devstral_small/django__django-14404,django__django-14404,20250520_openhands_devstral_small,20250520_openhands_devstral_small,20250520_openhands_devstral_small,0,step,48,48
20250520_openhands_devstral_small/django__django-14434,django__django-14434,20250520_openhands_devstral_small,20250520_openhands_devstral_small,20250520_openhands_devstral_small,0,step,27,27
20250520_openhands_devstral_small/django__django-14500,django__django-14500,20250520_openhands_devstral_small,20250520_openhands_devstral_small,20250520_openhands_devstral_small,0,step,41,41
20250520_openhands_devstral_small/django__django-14580,django__django-14580,20250520_openhands_devstral_small,20250520_openhands_devstral_small,20250520_openhands_devstral_small,0,step,75,75
20250520_openhands_devstral_small/django__django-14608,django__django-14608,20250520_openhands_devstral_small,20250520_openhands_devstral_small,20250520_openhands_devstral_small,0,step,56,56
20250520_openhands_devstral_small/django__django-14672,django__django-14672,20250520_openhands_devstral_small,20250520_openhands_devstral_small,20250520_openhands_devstral_small,0,step,15,15
20250520_openhands_devstral_small/django__django-14752,django__django-14752,20250520_openhands_devstral_small,20250520_openhands_devstral_small,20250520_openhands_devstral_small,0,step,37,37
20250520_openhands_devstral_small/django__django-14765,django__django-14765,20250520_openhands_devstral_small,20250520_openhands_devstral_small,20250520_openhands_devstral_small,0,step,28,28
20250520_openhands_devstral_small/django__django-14787,django__django-14787,20250520_openhands_devstral_small,20250520_openhands_devstral_small,20250520_openhands_devstral_small,0,step,19,19
20250520_openhands_devstral_small/django__django-14855,django__django-14855,20250520_openhands_devstral_small,20250520_openhands_devstral_small,20250520_openhands_devstral_small,0,step,64,64
20250520_openhands_devstral_small/django__django-14915,django__django-14915,20250520_openhands_devstral_small,20250520_openhands_devstral_small,20250520_openhands_devstral_small,0,step,30,30
20250520_openhands_devstral_small/django__django-14999,django__django-14999,20250520_openhands_devstral_small,20250520_openhands_devstral_small,20250520_openhands_devstral_small,0,step,33,33
20250520_openhands_devstral_small/django__django-15103,django__django-15103,20250520_openhands_devstral_small,20250520_openhands_devstral_small,20250520_openhands_devstral_small,0,step,32,32
20250520_openhands_devstral_small/django__django-15104,django__django-15104,20250520_openhands_devstral_small,20250520_openhands_devstral_small,20250520_openhands_devstral_small,0,step,17,17
20250520_openhands_devstral_small/django__django-15127,django__django-15127,20250520_openhands_devstral_small,20250520_openhands_devstral_small,20250520_openhands_devstral_small,0,step,55,55
20250520_openhands_devstral_small/django__django-15128,django__django-15128,20250520_openhands_devstral_small,20250520_openhands_devstral_small,20250520_openhands_devstral_small,0,step,37,37
20250520_openhands_devstral_small/django__django-15161,django__django-15161,20250520_openhands_devstral_small,20250520_openhands_devstral_small,20250520_openhands_devstral_small,0,step,65,65
20250520_openhands_devstral_small/django__django-15268,django__django-15268,20250520_openhands_devstral_small,20250520_openhands_devstral_small,20250520_openhands_devstral_small,0,step,41,41
20250520_openhands_devstral_small/django__django-15277,django__django-15277,20250520_openhands_devstral_small,20250520_openhands_devstral_small,20250520_openhands_devstral_small,0,step,34,34
20250520_openhands_devstral_small/django__django-15278,django__django-15278,20250520_openhands_devstral_small,20250520_openhands_devstral_small,20250520_openhands_devstral_small,0,step,99,99
20250520_openhands_devstral_small/django__django-15315,django__django-15315,20250520_openhands_devstral_small,20250520_openhands_devstral_small,20250520_openhands_devstral_small,0,step,50,50
20250520_openhands_devstral_small/django__django-15368,django__django-15368,20250520_openhands_devstral_small,20250520_openhands_devstral_small,20250520_openhands_devstral_small,0,step,27,27
20250520_openhands_devstral_small/django__django-15380,django__django-15380,20250520_openhands_devstral_small,20250520_openhands_devstral_small,20250520_openhands_devstral_small,0,step,31,31
20250520_openhands_devstral_small/django__django-15467,django__django-15467,20250520_openhands_devstral_small,20250520_openhands_devstral_small,20250520_openhands_devstral_small,0,step,30,30
20250520_openhands_devstral_small/django__django-15499,django__django-15499,20250520_openhands_devstral_small,20250520_openhands_devstral_small,20250520_openhands_devstral_small,0,step,32,32
20250520_openhands_devstral_small/django__django-15561,django__django-15561,20250520_openhands_devstral_small,20250520_openhands_devstral_small,20250520_openhands_devstral_small,0,step,79,79
20250520_openhands_devstral_small/django__django-15569,django__django-15569,20250520_openhands_devstral_small,20250520_openhands_devstral_small,20250520_openhands_devstral_small,0,step,21,21
20250520_openhands_devstral_small/django__django-15572,django__django-15572,20250520_openhands_devstral_small,20250520_openhands_devstral_small,20250520_openhands_devstral_small,0,step,50,50
20250520_openhands_devstral_small/django__django-15731,django__django-15731,20250520_openhands_devstral_small,20250520_openhands_devstral_small,20250520_openhands_devstral_small,0,step,35,35
20250520_openhands_devstral_small/django__django-15741,django__django-15741,20250520_openhands_devstral_small,20250520_openhands_devstral_small,20250520_openhands_devstral_small,0,step,33,33
20250520_openhands_devstral_small/django__django-15814,django__django-15814,20250520_openhands_devstral_small,20250520_openhands_devstral_small,20250520_openhands_devstral_small,0,step,76,76
20250520_openhands_devstral_small/django__django-15851,django__django-15851,20250520_openhands_devstral_small,20250520_openhands_devstral_small,20250520_openhands_devstral_small,0,step,28,28
20250520_openhands_devstral_small/django__django-15863,django__django-15863,20250520_openhands_devstral_small,20250520_openhands_devstral_small,20250520_openhands_devstral_small,0,step,21,21
20250520_openhands_devstral_small/django__django-15987,django__django-15987,20250520_openhands_devstral_small,20250520_openhands_devstral_small,20250520_openhands_devstral_small,0,step,23,23
20250520_openhands_devstral_small/django__django-16082,django__django-16082,20250520_openhands_devstral_small,20250520_openhands_devstral_small,20250520_openhands_devstral_small,0,step,41,41
20250520_openhands_devstral_small/django__django-16100,django__django-16100,20250520_openhands_devstral_small,20250520_openhands_devstral_small,20250520_openhands_devstral_small,0,step,27,27
20250520_openhands_devstral_small/django__django-16116,django__django-16116,20250520_openhands_devstral_small,20250520_openhands_devstral_small,20250520_openhands_devstral_small,0,step,43,43
20250520_openhands_devstral_small/django__django-16136,django__django-16136,20250520_openhands_devstral_small,20250520_openhands_devstral_small,20250520_openhands_devstral_small,0,step,40,40
20250520_openhands_devstral_small/django__django-16139,django__django-16139,20250520_openhands_devstral_small,20250520_openhands_devstral_small,20250520_openhands_devstral_small,0,step,17,17
20250520_openhands_devstral_small/django__django-16145,django__django-16145,20250520_openhands_devstral_small,20250520_openhands_devstral_small,20250520_openhands_devstral_small,0,step,43,43
20250520_openhands_devstral_small/django__django-16255,django__django-16255,20250520_openhands_devstral_small,20250520_openhands_devstral_small,20250520_openhands_devstral_small,0,step,28,28
20250520_openhands_devstral_small/django__django-16333,django__django-16333,20250520_openhands_devstral_small,20250520_openhands_devstral_small,20250520_openhands_devstral_small,0,step,22,22
20250520_openhands_devstral_small/django__django-16429,django__django-16429,20250520_openhands_devstral_small,20250520_openhands_devstral_small,20250520_openhands_devstral_small,0,step,20,20
20250520_openhands_devstral_small/django__django-16454,django__django-16454,20250520_openhands_devstral_small,20250520_openhands_devstral_small,20250520_openhands_devstral_small,0,step,77,77
20250520_openhands_devstral_small/django__django-16485,django__django-16485,20250520_openhands_devstral_small,20250520_openhands_devstral_small,20250520_openhands_devstral_small,0,step,39,39
20250520_openhands_devstral_small/django__django-16493,django__django-16493,20250520_openhands_devstral_small,20250520_openhands_devstral_small,20250520_openhands_devstral_small,0,step,22,22
20250520_openhands_devstral_small/django__django-16527,django__django-16527,20250520_openhands_devstral_small,20250520_openhands_devstral_small,20250520_openhands_devstral_small,0,step,51,51
20250520_openhands_devstral_small/django__django-16569,django__django-16569,20250520_openhands_devstral_small,20250520_openhands_devstral_small,20250520_openhands_devstral_small,0,step,16,16
20250520_openhands_devstral_small/django__django-16595,django__django-16595,20250520_openhands_devstral_small,20250520_openhands_devstral_small,20250520_openhands_devstral_small,0,step,20,20
20250520_openhands_devstral_small/django__django-16612,django__django-16612,20250520_openhands_devstral_small,20250520_openhands_devstral_small,20250520_openhands_devstral_small,0,step,37,37
20250520_openhands_devstral_small/django__django-16662,django__django-16662,20250520_openhands_devstral_small,20250520_openhands_devstral_small,20250520_openhands_devstral_small,0,step,48,48
20250520_openhands_devstral_small/django__django-16801,django__django-16801,20250520_openhands_devstral_small,20250520_openhands_devstral_small,20250520_openhands_devstral_small,0,step,35,35
20250520_openhands_devstral_small/django__django-17029,django__django-17029,20250520_openhands_devstral_small,20250520_openhands_devstral_small,20250520_openhands_devstral_small,0,step,20,20
20250520_openhands_devstral_small/django__django-17087,django__django-17087,20250520_openhands_devstral_small,20250520_openhands_devstral_small,20250520_openhands_devstral_small,0,step,56,56
20250520_openhands_devstral_small/django__django-7530,django__django-7530,20250520_openhands_devstral_small,20250520_openhands_devstral_small,20250520_openhands_devstral_small,0,step,38,38
20250520_openhands_devstral_small/django__django-9296,django__django-9296,20250520_openhands_devstral_small,20250520_openhands_devstral_small,20250520_openhands_devstral_small,0,step,22,22
20250520_openhands_devstral_small/matplotlib__matplotlib-13989,matplotlib__matplotlib-13989,20250520_openhands_devstral_small,20250520_openhands_devstral_small,20250520_openhands_devstral_small,0,step,97,97
20250520_openhands_devstral_small/matplotlib__matplotlib-20859,matplotlib__matplotlib-20859,20250520_openhands_devstral_small,20250520_openhands_devstral_small,20250520_openhands_devstral_small,0,step,39,39
20250520_openhands_devstral_small/matplotlib__matplotlib-22719,matplotlib__matplotlib-22719,20250520_openhands_devstral_small,20250520_openhands_devstral_small,20250520_openhands_devstral_small,0,step,30,30
20250520_openhands_devstral_small/matplotlib__matplotlib-23314,matplotlib__matplotlib-23314,20250520_openhands_devstral_small,20250520_openhands_devstral_small,20250520_openhands_devstral_small,0,step,32,32
20250520_openhands_devstral_small/matplotlib__matplotlib-23412,matplotlib__matplotlib-23412,20250520_openhands_devstral_small,20250520_openhands_devstral_small,20250520_openhands_devstral_small,0,step,28,28
20250520_openhands_devstral_small/matplotlib__matplotlib-24026,matplotlib__matplotlib-24026,20250520_openhands_devstral_small,20250520_openhands_devstral_small,20250520_openhands_devstral_small,0,step,74,74
20250520_openhands_devstral_small/matplotlib__matplotlib-24149,matplotlib__matplotlib-24149,20250520_openhands_devstral_small,20250520_openhands_devstral_small,20250520_openhands_devstral_small,0,step,29,29
20250520_openhands_devstral_small/matplotlib__matplotlib-24627,matplotlib__matplotlib-24627,20250520_openhands_devstral_small,20250520_openhands_devstral_small,20250520_openhands_devstral_small,0,step,42,42
20250520_openhands_devstral_small/matplotlib__matplotlib-24637,matplotlib__matplotlib-24637,20250520_openhands_devstral_small,20250520_openhands_devstral_small,20250520_openhands_devstral_small,0,step,81,81
20250520_openhands_devstral_small/matplotlib__matplotlib-24970,matplotlib__matplotlib-24970,20250520_openhands_devstral_small,20250520_openhands_devstral_small,20250520_openhands_devstral_small,0,step,31,31
20250520_openhands_devstral_small/matplotlib__matplotlib-25122,matplotlib__matplotlib-25122,20250520_openhands_devstral_small,20250520_openhands_devstral_small,20250520_openhands_devstral_small,0,step,29,29
20250520_openhands_devstral_small/matplotlib__matplotlib-25287,matplotlib__matplotlib-25287,20250520_openhands_devstral_small,20250520_openhands_devstral_small,20250520_openhands_devstral_small,0,step,26,26
20250520_openhands_devstral_small/matplotlib__matplotlib-26113,matplotlib__matplotlib-26113,20250520_openhands_devstral_small,20250520_openhands_devstral_small,20250520_openhands_devstral_small,0,step,19,19
20250520_openhands_devstral_small/matplotlib__matplotlib-26291,matplotlib__matplotlib-26291,20250520_openhands_devstral_small,20250520_openhands_devstral_small,20250520_openhands_devstral_small,0,step,28,28
20250520_openhands_devstral_small/matplotlib__matplotlib-26342,matplotlib__matplotlib-26342,20250520_openhands_devstral_small,20250520_openhands_devstral_small,20250520_openhands_devstral_small,0,step,53,53
20250520_openhands_devstral_small/pallets__flask-5014,pallets__flask-5014,20250520_openhands_devstral_small,20250520_openhands_devstral_small,20250520_openhands_devstral_small,0,step,24,24
20250520_openhands_devstral_small/pydata__xarray-2905,pydata__xarray-2905,20250520_openhands_devstral_small,20250520_openhands_devstral_small,20250520_openhands_devstral_small,0,step,34,34
20250520_openhands_devstral_small/pydata__xarray-3151,pydata__xarray-3151,20250520_openhands_devstral_small,20250520_openhands_devstral_small,20250520_openhands_devstral_small,0,step,20,20
20250520_openhands_devstral_small/pydata__xarray-3305,pydata__xarray-3305,20250520_openhands_devstral_small,20250520_openhands_devstral_small,20250520_openhands_devstral_small,0,step,37,37
20250520_openhands_devstral_small/pydata__xarray-3677,pydata__xarray-3677,20250520_openhands_devstral_small,20250520_openhands_devstral_small,20250520_openhands_devstral_small,0,step,28,28
20250520_openhands_devstral_small/pydata__xarray-4075,pydata__xarray-4075,20250520_openhands_devstral_small,20250520_openhands_devstral_small,20250520_openhands_devstral_small,0,step,26,26
20250520_openhands_devstral_small/pydata__xarray-4356,pydata__xarray-4356,20250520_openhands_devstral_small,20250520_openhands_devstral_small,20250520_openhands_devstral_small,0,step,32,32
20250520_openhands_devstral_small/pydata__xarray-4629,pydata__xarray-4629,20250520_openhands_devstral_small,20250520_openhands_devstral_small,20250520_openhands_devstral_small,0,step,22,22
20250520_openhands_devstral_small/pydata__xarray-4966,pydata__xarray-4966,20250520_openhands_devstral_small,20250520_openhands_devstral_small,20250520_openhands_devstral_small,0,step,27,27
20250520_openhands_devstral_small/pydata__xarray-6461,pydata__xarray-6461,20250520_openhands_devstral_small,20250520_openhands_devstral_small,20250520_openhands_devstral_small,0,step,51,51
20250520_openhands_devstral_small/pydata__xarray-7233,pydata__xarray-7233,20250520_openhands_devstral_small,20250520_openhands_devstral_small,20250520_openhands_devstral_small,0,step,27,27
20250520_openhands_devstral_small/pydata__xarray-7393,pydata__xarray-7393,20250520_openhands_devstral_small,20250520_openhands_devstral_small,20250520_openhands_devstral_small,0,step,67,67
20250520_openhands_devstral_small/pylint-dev__pylint-6528,pylint-dev__pylint-6528,20250520_openhands_devstral_small,20250520_openhands_devstral_small,20250520_openhands_devstral_small,0,step,72,72
20250520_openhands_devstral_small/pylint-dev__pylint-6903,pylint-dev__pylint-6903,20250520_openhands_devstral_small,20250520_openhands_devstral_small,20250520_openhands_devstral_small,0,step,32,32
20250520_openhands_devstral_small/pytest-dev__pytest-5262,pytest-dev__pytest-5262,20250520_openhands_devstral_small,20250520_openhands_devstral_small,20250520_openhands_devstral_small,0,step,28,28
20250520_openhands_devstral_small/pytest-dev__pytest-5631,pytest-dev__pytest-5631,20250520_openhands_devstral_small,20250520_openhands_devstral_small,20250520_openhands_devstral_small,0,step,29,29
20250520_openhands_devstral_small/pytest-dev__pytest-5787,pytest-dev__pytest-5787,20250520_openhands_devstral_small,20250520_openhands_devstral_small,20250520_openhands_devstral_small,0,step,52,52
20250520_openhands_devstral_small/pytest-dev__pytest-5809,pytest-dev__pytest-5809,20250520_openhands_devstral_small,20250520_openhands_devstral_small,20250520_openhands_devstral_small,0,step,12,12
20250520_openhands_devstral_small/pytest-dev__pytest-6202,pytest-dev__pytest-6202,20250520_openhands_devstral_small,20250520_openhands_devstral_small,20250520_openhands_devstral_small,0,step,30,30
20250520_openhands_devstral_small/pytest-dev__pytest-7205,pytest-dev__pytest-7205,20250520_openhands_devstral_small,20250520_openhands_devstral_small,20250520_openhands_devstral_small,0,step,38,38
20250520_openhands_devstral_small/pytest-dev__pytest-7432,pytest-dev__pytest-7432,20250520_openhands_devstral_small,20250520_openhands_devstral_small,20250520_openhands_devstral_small,0,step,40,40
20250520_openhands_devstral_small/pytest-dev__pytest-7571,pytest-dev__pytest-7571,20250520_openhands_devstral_small,20250520_openhands_devstral_small,20250520_openhands_devstral_small,0,step,48,48
20250520_openhands_devstral_small/pytest-dev__pytest-7982,pytest-dev__pytest-7982,20250520_openhands_devstral_small,20250520_openhands_devstral_small,20250520_openhands_devstral_small,0,step,36,36
20250520_openhands_devstral_small/pytest-dev__pytest-8399,pytest-dev__pytest-8399,20250520_openhands_devstral_small,20250520_openhands_devstral_small,20250520_openhands_devstral_small,0,step,26,26
20250520_openhands_devstral_small/scikit-learn__scikit-learn-10297,scikit-learn__scikit-learn-10297,20250520_openhands_devstral_small,20250520_openhands_devstral_small,20250520_openhands_devstral_small,0,step,40,40
20250520_openhands_devstral_small/scikit-learn__scikit-learn-10844,scikit-learn__scikit-learn-10844,20250520_openhands_devstral_small,20250520_openhands_devstral_small,20250520_openhands_devstral_small,0,step,26,26
20250520_openhands_devstral_small/scikit-learn__scikit-learn-10908,scikit-learn__scikit-learn-10908,20250520_openhands_devstral_small,20250520_openhands_devstral_small,20250520_openhands_devstral_small,0,step,25,25
20250520_openhands_devstral_small/scikit-learn__scikit-learn-11310,scikit-learn__scikit-learn-11310,20250520_openhands_devstral_small,20250520_openhands_devstral_small,20250520_openhands_devstral_small,0,step,35,35
20250520_openhands_devstral_small/scikit-learn__scikit-learn-11578,scikit-learn__scikit-learn-11578,20250520_openhands_devstral_small,20250520_openhands_devstral_small,20250520_openhands_devstral_small,0,step,35,35
20250520_openhands_devstral_small/scikit-learn__scikit-learn-12585,scikit-learn__scikit-learn-12585,20250520_openhands_devstral_small,20250520_openhands_devstral_small,20250520_openhands_devstral_small,0,step,26,26
20250520_openhands_devstral_small/scikit-learn__scikit-learn-12682,scikit-learn__scikit-learn-12682,20250520_openhands_devstral_small,20250520_openhands_devstral_small,20250520_openhands_devstral_small,0,step,42,42
20250520_openhands_devstral_small/scikit-learn__scikit-learn-12973,scikit-learn__scikit-learn-12973,20250520_openhands_devstral_small,20250520_openhands_devstral_small,20250520_openhands_devstral_small,0,step,18,18
20250520_openhands_devstral_small/scikit-learn__scikit-learn-13142,scikit-learn__scikit-learn-13142,20250520_openhands_devstral_small,20250520_openhands_devstral_small,20250520_openhands_devstral_small,0,step,32,32
20250520_openhands_devstral_small/scikit-learn__scikit-learn-13328,scikit-learn__scikit-learn-13328,20250520_openhands_devstral_small,20250520_openhands_devstral_small,20250520_openhands_devstral_small,0,step,47,47
20250520_openhands_devstral_small/scikit-learn__scikit-learn-13439,scikit-learn__scikit-learn-13439,20250520_openhands_devstral_small,20250520_openhands_devstral_small,20250520_openhands_devstral_small,0,step,23,23
20250520_openhands_devstral_small/scikit-learn__scikit-learn-13496,scikit-learn__scikit-learn-13496,20250520_openhands_devstral_small,20250520_openhands_devstral_small,20250520_openhands_devstral_small,0,step,27,27
20250520_openhands_devstral_small/scikit-learn__scikit-learn-13779,scikit-learn__scikit-learn-13779,20250520_openhands_devstral_small,20250520_openhands_devstral_small,20250520_openhands_devstral_small,0,step,41,41
20250520_openhands_devstral_small/scikit-learn__scikit-learn-14053,scikit-learn__scikit-learn-14053,20250520_openhands_devstral_small,20250520_openhands_devstral_small,20250520_openhands_devstral_small,0,step,20,20
20250520_openhands_devstral_small/scikit-learn__scikit-learn-14141,scikit-learn__scikit-learn-14141,20250520_openhands_devstral_small,20250520_openhands_devstral_small,20250520_openhands_devstral_small,0,step,17,17
20250520_openhands_devstral_small/scikit-learn__scikit-learn-14496,scikit-learn__scikit-learn-14496,20250520_openhands_devstral_small,20250520_openhands_devstral_small,20250520_openhands_devstral_small,0,step,30,30
20250520_openhands_devstral_small/scikit-learn__scikit-learn-14710,scikit-learn__scikit-learn-14710,20250520_openhands_devstral_small,20250520_openhands_devstral_small,20250520_openhands_devstral_small,0,step,51,51
20250520_openhands_devstral_small/scikit-learn__scikit-learn-14894,scikit-learn__scikit-learn-14894,20250520_openhands_devstral_small,20250520_openhands_devstral_small,20250520_openhands_devstral_small,0,step,24,24
20250520_openhands_devstral_small/scikit-learn__scikit-learn-15100,scikit-learn__scikit-learn-15100,20250520_openhands_devstral_small,20250520_openhands_devstral_small,20250520_openhands_devstral_small,0,step,21,21
20250520_openhands_devstral_small/scikit-learn__scikit-learn-25232,scikit-learn__scikit-learn-25232,20250520_openhands_devstral_small,20250520_openhands_devstral_small,20250520_openhands_devstral_small,0,step,64,64
20250520_openhands_devstral_small/scikit-learn__scikit-learn-25931,scikit-learn__scikit-learn-25931,20250520_openhands_devstral_small,20250520_openhands_devstral_small,20250520_openhands_devstral_small,0,step,63,63
20250520_openhands_devstral_small/scikit-learn__scikit-learn-26323,scikit-learn__scikit-learn-26323,20250520_openhands_devstral_small,20250520_openhands_devstral_small,20250520_openhands_devstral_small,0,step,43,43
20250520_openhands_devstral_small/scikit-learn__scikit-learn-9288,scikit-learn__scikit-learn-9288,20250520_openhands_devstral_small,20250520_openhands_devstral_small,20250520_openhands_devstral_small,0,step,99,99
20250520_openhands_devstral_small/sphinx-doc__sphinx-10449,sphinx-doc__sphinx-10449,20250520_openhands_devstral_small,20250520_openhands_devstral_small,20250520_openhands_devstral_small,0,step,94,94
20250520_openhands_devstral_small/sphinx-doc__sphinx-10466,sphinx-doc__sphinx-10466,20250520_openhands_devstral_small,20250520_openhands_devstral_small,20250520_openhands_devstral_small,0,step,17,17
20250520_openhands_devstral_small/sphinx-doc__sphinx-7440,sphinx-doc__sphinx-7440,20250520_openhands_devstral_small,20250520_openhands_devstral_small,20250520_openhands_devstral_small,0,step,34,34
20250520_openhands_devstral_small/sphinx-doc__sphinx-7889,sphinx-doc__sphinx-7889,20250520_openhands_devstral_small,20250520_openhands_devstral_small,20250520_openhands_devstral_small,0,step,40,40
20250520_openhands_devstral_small/sphinx-doc__sphinx-7910,sphinx-doc__sphinx-7910,20250520_openhands_devstral_small,20250520_openhands_devstral_small,20250520_openhands_devstral_small,0,step,58,58
20250520_openhands_devstral_small/sphinx-doc__sphinx-8035,sphinx-doc__sphinx-8035,20250520_openhands_devstral_small,20250520_openhands_devstral_small,20250520_openhands_devstral_small,0,step,74,74
20250520_openhands_devstral_small/sphinx-doc__sphinx-8120,sphinx-doc__sphinx-8120,20250520_openhands_devstral_small,20250520_openhands_devstral_small,20250520_openhands_devstral_small,0,step,35,35
20250520_openhands_devstral_small/sphinx-doc__sphinx-8475,sphinx-doc__sphinx-8475,20250520_openhands_devstral_small,20250520_openhands_devstral_small,20250520_openhands_devstral_small,0,step,20,20
20250520_openhands_devstral_small/sphinx-doc__sphinx-8595,sphinx-doc__sphinx-8595,20250520_openhands_devstral_small,20250520_openhands_devstral_small,20250520_openhands_devstral_small,0,step,39,39
20250520_openhands_devstral_small/sphinx-doc__sphinx-8721,sphinx-doc__sphinx-8721,20250520_openhands_devstral_small,20250520_openhands_devstral_small,20250520_openhands_devstral_small,0,step,42,42
20250520_openhands_devstral_small/sphinx-doc__sphinx-9281,sphinx-doc__sphinx-9281,20250520_openhands_devstral_small,20250520_openhands_devstral_small,20250520_openhands_devstral_small,0,step,52,52
20250520_openhands_devstral_small/sphinx-doc__sphinx-9320,sphinx-doc__sphinx-9320,20250520_openhands_devstral_small,20250520_openhands_devstral_small,20250520_openhands_devstral_small,0,step,25,25
20250520_openhands_devstral_small/sphinx-doc__sphinx-9367,sphinx-doc__sphinx-9367,20250520_openhands_devstral_small,20250520_openhands_devstral_small,20250520_openhands_devstral_small,0,step,17,17
20250520_openhands_devstral_small/sphinx-doc__sphinx-9673,sphinx-doc__sphinx-9673,20250520_openhands_devstral_small,20250520_openhands_devstral_small,20250520_openhands_devstral_small,0,step,99,99
20250520_openhands_devstral_small/sphinx-doc__sphinx-9698,sphinx-doc__sphinx-9698,20250520_openhands_devstral_small,20250520_openhands_devstral_small,20250520_openhands_devstral_small,0,step,42,42
20250520_openhands_devstral_small/sphinx-doc__sphinx-9711,sphinx-doc__sphinx-9711,20250520_openhands_devstral_small,20250520_openhands_devstral_small,20250520_openhands_devstral_small,0,step,30,30
20250520_openhands_devstral_small/sympy__sympy-11618,sympy__sympy-11618,20250520_openhands_devstral_small,20250520_openhands_devstral_small,20250520_openhands_devstral_small,0,step,20,20
20250520_openhands_devstral_small/sympy__sympy-12096,sympy__sympy-12096,20250520_openhands_devstral_small,20250520_openhands_devstral_small,20250520_openhands_devstral_small,0,step,35,35
20250520_openhands_devstral_small/sympy__sympy-12481,sympy__sympy-12481,20250520_openhands_devstral_small,20250520_openhands_devstral_small,20250520_openhands_devstral_small,0,step,63,63
20250520_openhands_devstral_small/sympy__sympy-13031,sympy__sympy-13031,20250520_openhands_devstral_small,20250520_openhands_devstral_small,20250520_openhands_devstral_small,0,step,49,49
20250520_openhands_devstral_small/sympy__sympy-13372,sympy__sympy-13372,20250520_openhands_devstral_small,20250520_openhands_devstral_small,20250520_openhands_devstral_small,0,step,44,44
20250520_openhands_devstral_small/sympy__sympy-13480,sympy__sympy-13480,20250520_openhands_devstral_small,20250520_openhands_devstral_small,20250520_openhands_devstral_small,0,step,21,21
20250520_openhands_devstral_small/sympy__sympy-13878,sympy__sympy-13878,20250520_openhands_devstral_small,20250520_openhands_devstral_small,20250520_openhands_devstral_small,0,step,60,60
20250520_openhands_devstral_small/sympy__sympy-14531,sympy__sympy-14531,20250520_openhands_devstral_small,20250520_openhands_devstral_small,20250520_openhands_devstral_small,0,step,74,74
20250520_openhands_devstral_small/sympy__sympy-14711,sympy__sympy-14711,20250520_openhands_devstral_small,20250520_openhands_devstral_small,20250520_openhands_devstral_small,0,step,36,36
20250520_openhands_devstral_small/sympy__sympy-14976,sympy__sympy-14976,20250520_openhands_devstral_small,20250520_openhands_devstral_small,20250520_openhands_devstral_small,0,step,49,49
20250520_openhands_devstral_small/sympy__sympy-15809,sympy__sympy-15809,20250520_openhands_devstral_small,20250520_openhands_devstral_small,20250520_openhands_devstral_small,0,step,27,27
20250520_openhands_devstral_small/sympy__sympy-16766,sympy__sympy-16766,20250520_openhands_devstral_small,20250520_openhands_devstral_small,20250520_openhands_devstral_small,0,step,22,22
20250520_openhands_devstral_small/sympy__sympy-16886,sympy__sympy-16886,20250520_openhands_devstral_small,20250520_openhands_devstral_small,20250520_openhands_devstral_small,0,step,25,25
20250520_openhands_devstral_small/sympy__sympy-17655,sympy__sympy-17655,20250520_openhands_devstral_small,20250520_openhands_devstral_small,20250520_openhands_devstral_small,0,step,43,43
20250520_openhands_devstral_small/sympy__sympy-18763,sympy__sympy-18763,20250520_openhands_devstral_small,20250520_openhands_devstral_small,20250520_openhands_devstral_small,0,step,38,38
20250520_openhands_devstral_small/sympy__sympy-19346,sympy__sympy-19346,20250520_openhands_devstral_small,20250520_openhands_devstral_small,20250520_openhands_devstral_small,0,step,37,37
20250520_openhands_devstral_small/sympy__sympy-19495,sympy__sympy-19495,20250520_openhands_devstral_small,20250520_openhands_devstral_small,20250520_openhands_devstral_small,0,step,99,99
20250520_openhands_devstral_small/sympy__sympy-19637,sympy__sympy-19637,20250520_openhands_devstral_small,20250520_openhands_devstral_small,20250520_openhands_devstral_small,0,step,21,21
20250520_openhands_devstral_small/sympy__sympy-19954,sympy__sympy-19954,20250520_openhands_devstral_small,20250520_openhands_devstral_small,20250520_openhands_devstral_small,0,step,29,29
20250520_openhands_devstral_small/sympy__sympy-20154,sympy__sympy-20154,20250520_openhands_devstral_small,20250520_openhands_devstral_small,20250520_openhands_devstral_small,0,step,36,36
20250520_openhands_devstral_small/sympy__sympy-20590,sympy__sympy-20590,20250520_openhands_devstral_small,20250520_openhands_devstral_small,20250520_openhands_devstral_small,0,step,50,50
20250520_openhands_devstral_small/sympy__sympy-21379,sympy__sympy-21379,20250520_openhands_devstral_small,20250520_openhands_devstral_small,20250520_openhands_devstral_small,0,step,46,46
20250520_openhands_devstral_small/sympy__sympy-21847,sympy__sympy-21847,20250520_openhands_devstral_small,20250520_openhands_devstral_small,20250520_openhands_devstral_small,0,step,27,27
20250520_openhands_devstral_small/sympy__sympy-22914,sympy__sympy-22914,20250520_openhands_devstral_small,20250520_openhands_devstral_small,20250520_openhands_devstral_small,0,step,47,47
20250520_openhands_devstral_small/sympy__sympy-23262,sympy__sympy-23262,20250520_openhands_devstral_small,20250520_openhands_devstral_small,20250520_openhands_devstral_small,0,step,99,99
20250520_openhands_devstral_small/sympy__sympy-23534,sympy__sympy-23534,20250520_openhands_devstral_small,20250520_openhands_devstral_small,20250520_openhands_devstral_small,0,step,43,43
20250520_openhands_devstral_small/sympy__sympy-23950,sympy__sympy-23950,20250520_openhands_devstral_small,20250520_openhands_devstral_small,20250520_openhands_devstral_small,0,step,41,41
20250520_openhands_devstral_small/sympy__sympy-24213,sympy__sympy-24213,20250520_openhands_devstral_small,20250520_openhands_devstral_small,20250520_openhands_devstral_small,0,step,78,78
20250520_openhands_devstral_small/sympy__sympy-24443,sympy__sympy-24443,20250520_openhands_devstral_small,20250520_openhands_devstral_small,20250520_openhands_devstral_small,0,step,93,93
20250520_openhands_devstral_small/sympy__sympy-24539,sympy__sympy-24539,20250520_openhands_devstral_small,20250520_openhands_devstral_small,20250520_openhands_devstral_small,0,step,22,22
20250520_openhands_devstral_small/sympy__sympy-24661,sympy__sympy-24661,20250520_openhands_devstral_small,20250520_openhands_devstral_small,20250520_openhands_devstral_small,0,step,49,49
20250524_openhands_claude_4_sonnet/astropy__astropy-13033,astropy__astropy-13033,20250524_openhands_claude_4_sonnet,20250524_openhands_claude_4_sonnet,20250524_openhands_claude_4_sonnet,1,step,77,77
20250524_openhands_claude_4_sonnet/astropy__astropy-13236,astropy__astropy-13236,20250524_openhands_claude_4_sonnet,20250524_openhands_claude_4_sonnet,20250524_openhands_claude_4_sonnet,1,step,49,49
20250524_openhands_claude_4_sonnet/astropy__astropy-13398,astropy__astropy-13398,20250524_openhands_claude_4_sonnet,20250524_openhands_claude_4_sonnet,20250524_openhands_claude_4_sonnet,1,step,81,81
20250524_openhands_claude_4_sonnet/astropy__astropy-13977,astropy__astropy-13977,20250524_openhands_claude_4_sonnet,20250524_openhands_claude_4_sonnet,20250524_openhands_claude_4_sonnet,1,step,69,69
20250524_openhands_claude_4_sonnet/astropy__astropy-14182,astropy__astropy-14182,20250524_openhands_claude_4_sonnet,20250524_openhands_claude_4_sonnet,20250524_openhands_claude_4_sonnet,1,step,61,61
20250524_openhands_claude_4_sonnet/astropy__astropy-14365,astropy__astropy-14365,20250524_openhands_claude_4_sonnet,20250524_openhands_claude_4_sonnet,20250524_openhands_claude_4_sonnet,1,step,61,61
20250524_openhands_claude_4_sonnet/astropy__astropy-14598,astropy__astropy-14598,20250524_openhands_claude_4_sonnet,20250524_openhands_claude_4_sonnet,20250524_openhands_claude_4_sonnet,1,step,83,83
20250524_openhands_claude_4_sonnet/astropy__astropy-7606,astropy__astropy-7606,20250524_openhands_claude_4_sonnet,20250524_openhands_claude_4_sonnet,20250524_openhands_claude_4_sonnet,1,step,32,32
20250524_openhands_claude_4_sonnet/astropy__astropy-8707,astropy__astropy-8707,20250524_openhands_claude_4_sonnet,20250524_openhands_claude_4_sonnet,20250524_openhands_claude_4_sonnet,1,step,84,84
20250524_openhands_claude_4_sonnet/astropy__astropy-8872,astropy__astropy-8872,20250524_openhands_claude_4_sonnet,20250524_openhands_claude_4_sonnet,20250524_openhands_claude_4_sonnet,1,step,37,37
20250524_openhands_claude_4_sonnet/django__django-10554,django__django-10554,20250524_openhands_claude_4_sonnet,20250524_openhands_claude_4_sonnet,20250524_openhands_claude_4_sonnet,1,step,110,110
20250524_openhands_claude_4_sonnet/django__django-10999,django__django-10999,20250524_openhands_claude_4_sonnet,20250524_openhands_claude_4_sonnet,20250524_openhands_claude_4_sonnet,1,step,35,35
20250524_openhands_claude_4_sonnet/django__django-11087,django__django-11087,20250524_openhands_claude_4_sonnet,20250524_openhands_claude_4_sonnet,20250524_openhands_claude_4_sonnet,1,step,62,62
20250524_openhands_claude_4_sonnet/django__django-11138,django__django-11138,20250524_openhands_claude_4_sonnet,20250524_openhands_claude_4_sonnet,20250524_openhands_claude_4_sonnet,1,step,83,83
20250524_openhands_claude_4_sonnet/django__django-11141,django__django-11141,20250524_openhands_claude_4_sonnet,20250524_openhands_claude_4_sonnet,20250524_openhands_claude_4_sonnet,1,step,58,58
20250524_openhands_claude_4_sonnet/django__django-11149,django__django-11149,20250524_openhands_claude_4_sonnet,20250524_openhands_claude_4_sonnet,20250524_openhands_claude_4_sonnet,1,step,137,137
20250524_openhands_claude_4_sonnet/django__django-11400,django__django-11400,20250524_openhands_claude_4_sonnet,20250524_openhands_claude_4_sonnet,20250524_openhands_claude_4_sonnet,1,step,68,68
20250524_openhands_claude_4_sonnet/django__django-11433,django__django-11433,20250524_openhands_claude_4_sonnet,20250524_openhands_claude_4_sonnet,20250524_openhands_claude_4_sonnet,1,step,86,86
20250524_openhands_claude_4_sonnet/django__django-11477,django__django-11477,20250524_openhands_claude_4_sonnet,20250524_openhands_claude_4_sonnet,20250524_openhands_claude_4_sonnet,1,step,84,84
20250524_openhands_claude_4_sonnet/django__django-11490,django__django-11490,20250524_openhands_claude_4_sonnet,20250524_openhands_claude_4_sonnet,20250524_openhands_claude_4_sonnet,1,step,46,46
20250524_openhands_claude_4_sonnet/django__django-11728,django__django-11728,20250524_openhands_claude_4_sonnet,20250524_openhands_claude_4_sonnet,20250524_openhands_claude_4_sonnet,1,step,59,59
20250524_openhands_claude_4_sonnet/django__django-11734,django__django-11734,20250524_openhands_claude_4_sonnet,20250524_openhands_claude_4_sonnet,20250524_openhands_claude_4_sonnet,1,step,107,107
20250524_openhands_claude_4_sonnet/django__django-11790,django__django-11790,20250524_openhands_claude_4_sonnet,20250524_openhands_claude_4_sonnet,20250524_openhands_claude_4_sonnet,1,step,56,56
20250524_openhands_claude_4_sonnet/django__django-11820,django__django-11820,20250524_openhands_claude_4_sonnet,20250524_openhands_claude_4_sonnet,20250524_openhands_claude_4_sonnet,1,step,79,79
20250524_openhands_claude_4_sonnet/django__django-11848,django__django-11848,20250524_openhands_claude_4_sonnet,20250524_openhands_claude_4_sonnet,20250524_openhands_claude_4_sonnet,1,step,36,36
20250524_openhands_claude_4_sonnet/django__django-11885,django__django-11885,20250524_openhands_claude_4_sonnet,20250524_openhands_claude_4_sonnet,20250524_openhands_claude_4_sonnet,1,step,63,63
20250524_openhands_claude_4_sonnet/django__django-11964,django__django-11964,20250524_openhands_claude_4_sonnet,20250524_openhands_claude_4_sonnet,20250524_openhands_claude_4_sonnet,1,step,98,98
20250524_openhands_claude_4_sonnet/django__django-12325,django__django-12325,20250524_openhands_claude_4_sonnet,20250524_openhands_claude_4_sonnet,20250524_openhands_claude_4_sonnet,1,step,69,69
20250524_openhands_claude_4_sonnet/django__django-12406,django__django-12406,20250524_openhands_claude_4_sonnet,20250524_openhands_claude_4_sonnet,20250524_openhands_claude_4_sonnet,1,step,59,59
20250524_openhands_claude_4_sonnet/django__django-12663,django__django-12663,20250524_openhands_claude_4_sonnet,20250524_openhands_claude_4_sonnet,20250524_openhands_claude_4_sonnet,1,step,96,96
20250524_openhands_claude_4_sonnet/django__django-13195,django__django-13195,20250524_openhands_claude_4_sonnet,20250524_openhands_claude_4_sonnet,20250524_openhands_claude_4_sonnet,1,step,77,77
20250524_openhands_claude_4_sonnet/django__django-13212,django__django-13212,20250524_openhands_claude_4_sonnet,20250524_openhands_claude_4_sonnet,20250524_openhands_claude_4_sonnet,1,step,71,71
20250524_openhands_claude_4_sonnet/django__django-13343,django__django-13343,20250524_openhands_claude_4_sonnet,20250524_openhands_claude_4_sonnet,20250524_openhands_claude_4_sonnet,1,step,61,61
20250524_openhands_claude_4_sonnet/django__django-13344,django__django-13344,20250524_openhands_claude_4_sonnet,20250524_openhands_claude_4_sonnet,20250524_openhands_claude_4_sonnet,1,step,87,87
20250524_openhands_claude_4_sonnet/django__django-13513,django__django-13513,20250524_openhands_claude_4_sonnet,20250524_openhands_claude_4_sonnet,20250524_openhands_claude_4_sonnet,1,step,55,55
20250524_openhands_claude_4_sonnet/django__django-13568,django__django-13568,20250524_openhands_claude_4_sonnet,20250524_openhands_claude_4_sonnet,20250524_openhands_claude_4_sonnet,1,step,110,110
20250524_openhands_claude_4_sonnet/django__django-13794,django__django-13794,20250524_openhands_claude_4_sonnet,20250524_openhands_claude_4_sonnet,20250524_openhands_claude_4_sonnet,1,step,48,48
20250524_openhands_claude_4_sonnet/django__django-13925,django__django-13925,20250524_openhands_claude_4_sonnet,20250524_openhands_claude_4_sonnet,20250524_openhands_claude_4_sonnet,1,step,141,141
20250524_openhands_claude_4_sonnet/django__django-13964,django__django-13964,20250524_openhands_claude_4_sonnet,20250524_openhands_claude_4_sonnet,20250524_openhands_claude_4_sonnet,1,step,74,74
20250524_openhands_claude_4_sonnet/django__django-14011,django__django-14011,20250524_openhands_claude_4_sonnet,20250524_openhands_claude_4_sonnet,20250524_openhands_claude_4_sonnet,1,step,49,49
20250524_openhands_claude_4_sonnet/django__django-14034,django__django-14034,20250524_openhands_claude_4_sonnet,20250524_openhands_claude_4_sonnet,20250524_openhands_claude_4_sonnet,1,step,36,36
20250524_openhands_claude_4_sonnet/django__django-14053,django__django-14053,20250524_openhands_claude_4_sonnet,20250524_openhands_claude_4_sonnet,20250524_openhands_claude_4_sonnet,1,step,43,43
20250524_openhands_claude_4_sonnet/django__django-14140,django__django-14140,20250524_openhands_claude_4_sonnet,20250524_openhands_claude_4_sonnet,20250524_openhands_claude_4_sonnet,1,step,56,56
20250524_openhands_claude_4_sonnet/django__django-14155,django__django-14155,20250524_openhands_claude_4_sonnet,20250524_openhands_claude_4_sonnet,20250524_openhands_claude_4_sonnet,1,step,59,59
20250524_openhands_claude_4_sonnet/django__django-14170,django__django-14170,20250524_openhands_claude_4_sonnet,20250524_openhands_claude_4_sonnet,20250524_openhands_claude_4_sonnet,1,step,43,43
20250524_openhands_claude_4_sonnet/django__django-14315,django__django-14315,20250524_openhands_claude_4_sonnet,20250524_openhands_claude_4_sonnet,20250524_openhands_claude_4_sonnet,1,step,79,79
20250524_openhands_claude_4_sonnet/django__django-14404,django__django-14404,20250524_openhands_claude_4_sonnet,20250524_openhands_claude_4_sonnet,20250524_openhands_claude_4_sonnet,1,step,46,46
20250524_openhands_claude_4_sonnet/django__django-14434,django__django-14434,20250524_openhands_claude_4_sonnet,20250524_openhands_claude_4_sonnet,20250524_openhands_claude_4_sonnet,1,step,37,37
20250524_openhands_claude_4_sonnet/django__django-14534,django__django-14534,20250524_openhands_claude_4_sonnet,20250524_openhands_claude_4_sonnet,20250524_openhands_claude_4_sonnet,1,step,58,58
20250524_openhands_claude_4_sonnet/django__django-14725,django__django-14725,20250524_openhands_claude_4_sonnet,20250524_openhands_claude_4_sonnet,20250524_openhands_claude_4_sonnet,1,step,73,73
20250524_openhands_claude_4_sonnet/django__django-14792,django__django-14792,20250524_openhands_claude_4_sonnet,20250524_openhands_claude_4_sonnet,20250524_openhands_claude_4_sonnet,1,step,67,67
20250524_openhands_claude_4_sonnet/django__django-15098,django__django-15098,20250524_openhands_claude_4_sonnet,20250524_openhands_claude_4_sonnet,20250524_openhands_claude_4_sonnet,1,step,139,139
20250524_openhands_claude_4_sonnet/django__django-15127,django__django-15127,20250524_openhands_claude_4_sonnet,20250524_openhands_claude_4_sonnet,20250524_openhands_claude_4_sonnet,1,step,53,53
20250524_openhands_claude_4_sonnet/django__django-15252,django__django-15252,20250524_openhands_claude_4_sonnet,20250524_openhands_claude_4_sonnet,20250524_openhands_claude_4_sonnet,1,step,60,60
20250524_openhands_claude_4_sonnet/django__django-15280,django__django-15280,20250524_openhands_claude_4_sonnet,20250524_openhands_claude_4_sonnet,20250524_openhands_claude_4_sonnet,1,step,134,134
20250524_openhands_claude_4_sonnet/django__django-15554,django__django-15554,20250524_openhands_claude_4_sonnet,20250524_openhands_claude_4_sonnet,20250524_openhands_claude_4_sonnet,1,step,58,58
20250524_openhands_claude_4_sonnet/django__django-15563,django__django-15563,20250524_openhands_claude_4_sonnet,20250524_openhands_claude_4_sonnet,20250524_openhands_claude_4_sonnet,1,step,75,75
20250524_openhands_claude_4_sonnet/django__django-15629,django__django-15629,20250524_openhands_claude_4_sonnet,20250524_openhands_claude_4_sonnet,20250524_openhands_claude_4_sonnet,1,step,73,73
20250524_openhands_claude_4_sonnet/django__django-15695,django__django-15695,20250524_openhands_claude_4_sonnet,20250524_openhands_claude_4_sonnet,20250524_openhands_claude_4_sonnet,1,step,108,108
20250524_openhands_claude_4_sonnet/django__django-15732,django__django-15732,20250524_openhands_claude_4_sonnet,20250524_openhands_claude_4_sonnet,20250524_openhands_claude_4_sonnet,1,step,97,97
20250524_openhands_claude_4_sonnet/django__django-15957,django__django-15957,20250524_openhands_claude_4_sonnet,20250524_openhands_claude_4_sonnet,20250524_openhands_claude_4_sonnet,1,step,125,125
20250524_openhands_claude_4_sonnet/django__django-15973,django__django-15973,20250524_openhands_claude_4_sonnet,20250524_openhands_claude_4_sonnet,20250524_openhands_claude_4_sonnet,1,step,83,83
20250524_openhands_claude_4_sonnet/django__django-16256,django__django-16256,20250524_openhands_claude_4_sonnet,20250524_openhands_claude_4_sonnet,20250524_openhands_claude_4_sonnet,1,step,93,93
20250524_openhands_claude_4_sonnet/django__django-16263,django__django-16263,20250524_openhands_claude_4_sonnet,20250524_openhands_claude_4_sonnet,20250524_openhands_claude_4_sonnet,1,step,69,69
20250524_openhands_claude_4_sonnet/django__django-16502,django__django-16502,20250524_openhands_claude_4_sonnet,20250524_openhands_claude_4_sonnet,20250524_openhands_claude_4_sonnet,1,step,74,74
20250524_openhands_claude_4_sonnet/django__django-16631,django__django-16631,20250524_openhands_claude_4_sonnet,20250524_openhands_claude_4_sonnet,20250524_openhands_claude_4_sonnet,1,step,56,56
20250524_openhands_claude_4_sonnet/django__django-16667,django__django-16667,20250524_openhands_claude_4_sonnet,20250524_openhands_claude_4_sonnet,20250524_openhands_claude_4_sonnet,1,step,37,37
20250524_openhands_claude_4_sonnet/django__django-16877,django__django-16877,20250524_openhands_claude_4_sonnet,20250524_openhands_claude_4_sonnet,20250524_openhands_claude_4_sonnet,1,step,54,54
20250524_openhands_claude_4_sonnet/django__django-16938,django__django-16938,20250524_openhands_claude_4_sonnet,20250524_openhands_claude_4_sonnet,20250524_openhands_claude_4_sonnet,1,step,74,74
20250524_openhands_claude_4_sonnet/django__django-16950,django__django-16950,20250524_openhands_claude_4_sonnet,20250524_openhands_claude_4_sonnet,20250524_openhands_claude_4_sonnet,1,step,69,69
20250524_openhands_claude_4_sonnet/matplotlib__matplotlib-20488,matplotlib__matplotlib-20488,20250524_openhands_claude_4_sonnet,20250524_openhands_claude_4_sonnet,20250524_openhands_claude_4_sonnet,1,step,98,98
20250524_openhands_claude_4_sonnet/matplotlib__matplotlib-20676,matplotlib__matplotlib-20676,20250524_openhands_claude_4_sonnet,20250524_openhands_claude_4_sonnet,20250524_openhands_claude_4_sonnet,1,step,90,90
20250524_openhands_claude_4_sonnet/matplotlib__matplotlib-20826,matplotlib__matplotlib-20826,20250524_openhands_claude_4_sonnet,20250524_openhands_claude_4_sonnet,20250524_openhands_claude_4_sonnet,1,step,150,150
20250524_openhands_claude_4_sonnet/matplotlib__matplotlib-21568,matplotlib__matplotlib-21568,20250524_openhands_claude_4_sonnet,20250524_openhands_claude_4_sonnet,20250524_openhands_claude_4_sonnet,1,step,118,118
20250524_openhands_claude_4_sonnet/matplotlib__matplotlib-23299,matplotlib__matplotlib-23299,20250524_openhands_claude_4_sonnet,20250524_openhands_claude_4_sonnet,20250524_openhands_claude_4_sonnet,1,step,183,183
20250524_openhands_claude_4_sonnet/matplotlib__matplotlib-23476,matplotlib__matplotlib-23476,20250524_openhands_claude_4_sonnet,20250524_openhands_claude_4_sonnet,20250524_openhands_claude_4_sonnet,1,step,99,99
20250524_openhands_claude_4_sonnet/matplotlib__matplotlib-24177,matplotlib__matplotlib-24177,20250524_openhands_claude_4_sonnet,20250524_openhands_claude_4_sonnet,20250524_openhands_claude_4_sonnet,1,step,115,115
20250524_openhands_claude_4_sonnet/matplotlib__matplotlib-24570,matplotlib__matplotlib-24570,20250524_openhands_claude_4_sonnet,20250524_openhands_claude_4_sonnet,20250524_openhands_claude_4_sonnet,1,step,67,67
20250524_openhands_claude_4_sonnet/matplotlib__matplotlib-24870,matplotlib__matplotlib-24870,20250524_openhands_claude_4_sonnet,20250524_openhands_claude_4_sonnet,20250524_openhands_claude_4_sonnet,1,step,93,93
20250524_openhands_claude_4_sonnet/matplotlib__matplotlib-25332,matplotlib__matplotlib-25332,20250524_openhands_claude_4_sonnet,20250524_openhands_claude_4_sonnet,20250524_openhands_claude_4_sonnet,1,step,92,92
20250524_openhands_claude_4_sonnet/matplotlib__matplotlib-25479,matplotlib__matplotlib-25479,20250524_openhands_claude_4_sonnet,20250524_openhands_claude_4_sonnet,20250524_openhands_claude_4_sonnet,1,step,71,71
20250524_openhands_claude_4_sonnet/matplotlib__matplotlib-25775,matplotlib__matplotlib-25775,20250524_openhands_claude_4_sonnet,20250524_openhands_claude_4_sonnet,20250524_openhands_claude_4_sonnet,1,step,96,96
20250524_openhands_claude_4_sonnet/matplotlib__matplotlib-25960,matplotlib__matplotlib-25960,20250524_openhands_claude_4_sonnet,20250524_openhands_claude_4_sonnet,20250524_openhands_claude_4_sonnet,1,step,86,86
20250524_openhands_claude_4_sonnet/matplotlib__matplotlib-26466,matplotlib__matplotlib-26466,20250524_openhands_claude_4_sonnet,20250524_openhands_claude_4_sonnet,20250524_openhands_claude_4_sonnet,1,step,72,72
20250524_openhands_claude_4_sonnet/psf__requests-1142,psf__requests-1142,20250524_openhands_claude_4_sonnet,20250524_openhands_claude_4_sonnet,20250524_openhands_claude_4_sonnet,1,step,64,64
20250524_openhands_claude_4_sonnet/psf__requests-1724,psf__requests-1724,20250524_openhands_claude_4_sonnet,20250524_openhands_claude_4_sonnet,20250524_openhands_claude_4_sonnet,1,step,49,49
20250524_openhands_claude_4_sonnet/psf__requests-1766,psf__requests-1766,20250524_openhands_claude_4_sonnet,20250524_openhands_claude_4_sonnet,20250524_openhands_claude_4_sonnet,1,step,33,33
20250524_openhands_claude_4_sonnet/psf__requests-1921,psf__requests-1921,20250524_openhands_claude_4_sonnet,20250524_openhands_claude_4_sonnet,20250524_openhands_claude_4_sonnet,1,step,51,51
20250524_openhands_claude_4_sonnet/psf__requests-2317,psf__requests-2317,20250524_openhands_claude_4_sonnet,20250524_openhands_claude_4_sonnet,20250524_openhands_claude_4_sonnet,1,step,58,58
20250524_openhands_claude_4_sonnet/psf__requests-2931,psf__requests-2931,20250524_openhands_claude_4_sonnet,20250524_openhands_claude_4_sonnet,20250524_openhands_claude_4_sonnet,1,step,50,50
20250524_openhands_claude_4_sonnet/psf__requests-6028,psf__requests-6028,20250524_openhands_claude_4_sonnet,20250524_openhands_claude_4_sonnet,20250524_openhands_claude_4_sonnet,1,step,97,97
20250524_openhands_claude_4_sonnet/pydata__xarray-6599,pydata__xarray-6599,20250524_openhands_claude_4_sonnet,20250524_openhands_claude_4_sonnet,20250524_openhands_claude_4_sonnet,1,step,64,64
20250524_openhands_claude_4_sonnet/pydata__xarray-6938,pydata__xarray-6938,20250524_openhands_claude_4_sonnet,20250524_openhands_claude_4_sonnet,20250524_openhands_claude_4_sonnet,1,step,54,54
20250524_openhands_claude_4_sonnet/pydata__xarray-6992,pydata__xarray-6992,20250524_openhands_claude_4_sonnet,20250524_openhands_claude_4_sonnet,20250524_openhands_claude_4_sonnet,1,step,36,36
20250524_openhands_claude_4_sonnet/pydata__xarray-7229,pydata__xarray-7229,20250524_openhands_claude_4_sonnet,20250524_openhands_claude_4_sonnet,20250524_openhands_claude_4_sonnet,1,step,77,77
20250524_openhands_claude_4_sonnet/pylint-dev__pylint-4551,pylint-dev__pylint-4551,20250524_openhands_claude_4_sonnet,20250524_openhands_claude_4_sonnet,20250524_openhands_claude_4_sonnet,1,step,58,58
20250524_openhands_claude_4_sonnet/pylint-dev__pylint-4604,pylint-dev__pylint-4604,20250524_openhands_claude_4_sonnet,20250524_openhands_claude_4_sonnet,20250524_openhands_claude_4_sonnet,1,step,114,114
20250524_openhands_claude_4_sonnet/pylint-dev__pylint-4661,pylint-dev__pylint-4661,20250524_openhands_claude_4_sonnet,20250524_openhands_claude_4_sonnet,20250524_openhands_claude_4_sonnet,1,step,53,53
20250524_openhands_claude_4_sonnet/pylint-dev__pylint-4970,pylint-dev__pylint-4970,20250524_openhands_claude_4_sonnet,20250524_openhands_claude_4_sonnet,20250524_openhands_claude_4_sonnet,1,step,62,62
20250524_openhands_claude_4_sonnet/pylint-dev__pylint-7080,pylint-dev__pylint-7080,20250524_openhands_claude_4_sonnet,20250524_openhands_claude_4_sonnet,20250524_openhands_claude_4_sonnet,1,step,72,72
20250524_openhands_claude_4_sonnet/pylint-dev__pylint-8898,pylint-dev__pylint-8898,20250524_openhands_claude_4_sonnet,20250524_openhands_claude_4_sonnet,20250524_openhands_claude_4_sonnet,1,step,71,71
20250524_openhands_claude_4_sonnet/pytest-dev__pytest-10051,pytest-dev__pytest-10051,20250524_openhands_claude_4_sonnet,20250524_openhands_claude_4_sonnet,20250524_openhands_claude_4_sonnet,1,step,81,81
20250524_openhands_claude_4_sonnet/pytest-dev__pytest-10356,pytest-dev__pytest-10356,20250524_openhands_claude_4_sonnet,20250524_openhands_claude_4_sonnet,20250524_openhands_claude_4_sonnet,1,step,86,86
20250524_openhands_claude_4_sonnet/pytest-dev__pytest-5787,pytest-dev__pytest-5787,20250524_openhands_claude_4_sonnet,20250524_openhands_claude_4_sonnet,20250524_openhands_claude_4_sonnet,1,step,87,87
20250524_openhands_claude_4_sonnet/pytest-dev__pytest-5840,pytest-dev__pytest-5840,20250524_openhands_claude_4_sonnet,20250524_openhands_claude_4_sonnet,20250524_openhands_claude_4_sonnet,1,step,59,59
20250524_openhands_claude_4_sonnet/pytest-dev__pytest-6197,pytest-dev__pytest-6197,20250524_openhands_claude_4_sonnet,20250524_openhands_claude_4_sonnet,20250524_openhands_claude_4_sonnet,1,step,122,122
20250524_openhands_claude_4_sonnet/pytest-dev__pytest-7490,pytest-dev__pytest-7490,20250524_openhands_claude_4_sonnet,20250524_openhands_claude_4_sonnet,20250524_openhands_claude_4_sonnet,1,step,67,67
20250524_openhands_claude_4_sonnet/scikit-learn__scikit-learn-14629,scikit-learn__scikit-learn-14629,20250524_openhands_claude_4_sonnet,20250524_openhands_claude_4_sonnet,20250524_openhands_claude_4_sonnet,1,step,72,72
20250524_openhands_claude_4_sonnet/scikit-learn__scikit-learn-25747,scikit-learn__scikit-learn-25747,20250524_openhands_claude_4_sonnet,20250524_openhands_claude_4_sonnet,20250524_openhands_claude_4_sonnet,1,step,56,56
20250524_openhands_claude_4_sonnet/scikit-learn__scikit-learn-25931,scikit-learn__scikit-learn-25931,20250524_openhands_claude_4_sonnet,20250524_openhands_claude_4_sonnet,20250524_openhands_claude_4_sonnet,1,step,102,102
20250524_openhands_claude_4_sonnet/scikit-learn__scikit-learn-26194,scikit-learn__scikit-learn-26194,20250524_openhands_claude_4_sonnet,20250524_openhands_claude_4_sonnet,20250524_openhands_claude_4_sonnet,1,step,62,62
20250524_openhands_claude_4_sonnet/sphinx-doc__sphinx-10614,sphinx-doc__sphinx-10614,20250524_openhands_claude_4_sonnet,20250524_openhands_claude_4_sonnet,20250524_openhands_claude_4_sonnet,1,step,95,95
20250524_openhands_claude_4_sonnet/sphinx-doc__sphinx-11510,sphinx-doc__sphinx-11510,20250524_openhands_claude_4_sonnet,20250524_openhands_claude_4_sonnet,20250524_openhands_claude_4_sonnet,1,step,93,93
20250524_openhands_claude_4_sonnet/sphinx-doc__sphinx-7454,sphinx-doc__sphinx-7454,20250524_openhands_claude_4_sonnet,20250524_openhands_claude_4_sonnet,20250524_openhands_claude_4_sonnet,1,step,197,197
20250524_openhands_claude_4_sonnet/sphinx-doc__sphinx-7462,sphinx-doc__sphinx-7462,20250524_openhands_claude_4_sonnet,20250524_openhands_claude_4_sonnet,20250524_openhands_claude_4_sonnet,1,step,49,49
20250524_openhands_claude_4_sonnet/sphinx-doc__sphinx-7590,sphinx-doc__sphinx-7590,20250524_openhands_claude_4_sonnet,20250524_openhands_claude_4_sonnet,20250524_openhands_claude_4_sonnet,1,step,54,54
20250524_openhands_claude_4_sonnet/sphinx-doc__sphinx-7748,sphinx-doc__sphinx-7748,20250524_openhands_claude_4_sonnet,20250524_openhands_claude_4_sonnet,20250524_openhands_claude_4_sonnet,1,step,80,80
20250524_openhands_claude_4_sonnet/sphinx-doc__sphinx-7985,sphinx-doc__sphinx-7985,20250524_openhands_claude_4_sonnet,20250524_openhands_claude_4_sonnet,20250524_openhands_claude_4_sonnet,1,step,67,67
20250524_openhands_claude_4_sonnet/sphinx-doc__sphinx-8056,sphinx-doc__sphinx-8056,20250524_openhands_claude_4_sonnet,20250524_openhands_claude_4_sonnet,20250524_openhands_claude_4_sonnet,1,step,101,101
20250524_openhands_claude_4_sonnet/sphinx-doc__sphinx-8548,sphinx-doc__sphinx-8548,20250524_openhands_claude_4_sonnet,20250524_openhands_claude_4_sonnet,20250524_openhands_claude_4_sonnet,1,step,73,73
20250524_openhands_claude_4_sonnet/sphinx-doc__sphinx-8595,sphinx-doc__sphinx-8595,20250524_openhands_claude_4_sonnet,20250524_openhands_claude_4_sonnet,20250524_openhands_claude_4_sonnet,1,step,86,86
20250524_openhands_claude_4_sonnet/sphinx-doc__sphinx-8621,sphinx-doc__sphinx-8621,20250524_openhands_claude_4_sonnet,20250524_openhands_claude_4_sonnet,20250524_openhands_claude_4_sonnet,1,step,97,97
20250524_openhands_claude_4_sonnet/sphinx-doc__sphinx-8638,sphinx-doc__sphinx-8638,20250524_openhands_claude_4_sonnet,20250524_openhands_claude_4_sonnet,20250524_openhands_claude_4_sonnet,1,step,117,117
20250524_openhands_claude_4_sonnet/sphinx-doc__sphinx-9229,sphinx-doc__sphinx-9229,20250524_openhands_claude_4_sonnet,20250524_openhands_claude_4_sonnet,20250524_openhands_claude_4_sonnet,1,step,100,100
20250524_openhands_claude_4_sonnet/sphinx-doc__sphinx-9461,sphinx-doc__sphinx-9461,20250524_openhands_claude_4_sonnet,20250524_openhands_claude_4_sonnet,20250524_openhands_claude_4_sonnet,1,step,100,100
20250524_openhands_claude_4_sonnet/sphinx-doc__sphinx-9602,sphinx-doc__sphinx-9602,20250524_openhands_claude_4_sonnet,20250524_openhands_claude_4_sonnet,20250524_openhands_claude_4_sonnet,1,step,146,146
20250524_openhands_claude_4_sonnet/sphinx-doc__sphinx-9658,sphinx-doc__sphinx-9658,20250524_openhands_claude_4_sonnet,20250524_openhands_claude_4_sonnet,20250524_openhands_claude_4_sonnet,1,step,69,69
20250524_openhands_claude_4_sonnet/sympy__sympy-12489,sympy__sympy-12489,20250524_openhands_claude_4_sonnet,20250524_openhands_claude_4_sonnet,20250524_openhands_claude_4_sonnet,1,step,110,110
20250524_openhands_claude_4_sonnet/sympy__sympy-13852,sympy__sympy-13852,20250524_openhands_claude_4_sonnet,20250524_openhands_claude_4_sonnet,20250524_openhands_claude_4_sonnet,1,step,63,63
20250524_openhands_claude_4_sonnet/sympy__sympy-13877,sympy__sympy-13877,20250524_openhands_claude_4_sonnet,20250524_openhands_claude_4_sonnet,20250524_openhands_claude_4_sonnet,1,step,48,48
20250524_openhands_claude_4_sonnet/sympy__sympy-13974,sympy__sympy-13974,20250524_openhands_claude_4_sonnet,20250524_openhands_claude_4_sonnet,20250524_openhands_claude_4_sonnet,1,step,67,67
20250524_openhands_claude_4_sonnet/sympy__sympy-14248,sympy__sympy-14248,20250524_openhands_claude_4_sonnet,20250524_openhands_claude_4_sonnet,20250524_openhands_claude_4_sonnet,1,step,96,96
20250524_openhands_claude_4_sonnet/sympy__sympy-15599,sympy__sympy-15599,20250524_openhands_claude_4_sonnet,20250524_openhands_claude_4_sonnet,20250524_openhands_claude_4_sonnet,1,step,82,82
20250524_openhands_claude_4_sonnet/sympy__sympy-16597,sympy__sympy-16597,20250524_openhands_claude_4_sonnet,20250524_openhands_claude_4_sonnet,20250524_openhands_claude_4_sonnet,1,step,136,136
20250524_openhands_claude_4_sonnet/sympy__sympy-17318,sympy__sympy-17318,20250524_openhands_claude_4_sonnet,20250524_openhands_claude_4_sonnet,20250524_openhands_claude_4_sonnet,1,step,75,75
20250524_openhands_claude_4_sonnet/sympy__sympy-17630,sympy__sympy-17630,20250524_openhands_claude_4_sonnet,20250524_openhands_claude_4_sonnet,20250524_openhands_claude_4_sonnet,1,step,50,50
20250524_openhands_claude_4_sonnet/sympy__sympy-17655,sympy__sympy-17655,20250524_openhands_claude_4_sonnet,20250524_openhands_claude_4_sonnet,20250524_openhands_claude_4_sonnet,1,step,61,61
20250524_openhands_claude_4_sonnet/sympy__sympy-18199,sympy__sympy-18199,20250524_openhands_claude_4_sonnet,20250524_openhands_claude_4_sonnet,20250524_openhands_claude_4_sonnet,1,step,41,41
20250524_openhands_claude_4_sonnet/sympy__sympy-18698,sympy__sympy-18698,20250524_openhands_claude_4_sonnet,20250524_openhands_claude_4_sonnet,20250524_openhands_claude_4_sonnet,1,step,104,104
20250524_openhands_claude_4_sonnet/sympy__sympy-18763,sympy__sympy-18763,20250524_openhands_claude_4_sonnet,20250524_openhands_claude_4_sonnet,20250524_openhands_claude_4_sonnet,1,step,57,57
20250524_openhands_claude_4_sonnet/sympy__sympy-20428,sympy__sympy-20428,20250524_openhands_claude_4_sonnet,20250524_openhands_claude_4_sonnet,20250524_openhands_claude_4_sonnet,1,step,66,66
20250524_openhands_claude_4_sonnet/sympy__sympy-20438,sympy__sympy-20438,20250524_openhands_claude_4_sonnet,20250524_openhands_claude_4_sonnet,20250524_openhands_claude_4_sonnet,1,step,72,72
20250524_openhands_claude_4_sonnet/sympy__sympy-20916,sympy__sympy-20916,20250524_openhands_claude_4_sonnet,20250524_openhands_claude_4_sonnet,20250524_openhands_claude_4_sonnet,1,step,73,73
20250524_openhands_claude_4_sonnet/sympy__sympy-21596,sympy__sympy-21596,20250524_openhands_claude_4_sonnet,20250524_openhands_claude_4_sonnet,20250524_openhands_claude_4_sonnet,1,step,51,51
20250524_openhands_claude_4_sonnet/sympy__sympy-21612,sympy__sympy-21612,20250524_openhands_claude_4_sonnet,20250524_openhands_claude_4_sonnet,20250524_openhands_claude_4_sonnet,1,step,64,64
20250524_openhands_claude_4_sonnet/sympy__sympy-21930,sympy__sympy-21930,20250524_openhands_claude_4_sonnet,20250524_openhands_claude_4_sonnet,20250524_openhands_claude_4_sonnet,1,step,77,77
20250524_openhands_claude_4_sonnet/sympy__sympy-22080,sympy__sympy-22080,20250524_openhands_claude_4_sonnet,20250524_openhands_claude_4_sonnet,20250524_openhands_claude_4_sonnet,1,step,77,77
20250524_openhands_claude_4_sonnet/sympy__sympy-23413,sympy__sympy-23413,20250524_openhands_claude_4_sonnet,20250524_openhands_claude_4_sonnet,20250524_openhands_claude_4_sonnet,1,step,88,88
20250524_openhands_claude_4_sonnet/astropy__astropy-12907,astropy__astropy-12907,20250524_openhands_claude_4_sonnet,20250524_openhands_claude_4_sonnet,20250524_openhands_claude_4_sonnet,0,step,36,36
20250524_openhands_claude_4_sonnet/astropy__astropy-13453,astropy__astropy-13453,20250524_openhands_claude_4_sonnet,20250524_openhands_claude_4_sonnet,20250524_openhands_claude_4_sonnet,0,step,51,51
20250524_openhands_claude_4_sonnet/astropy__astropy-13579,astropy__astropy-13579,20250524_openhands_claude_4_sonnet,20250524_openhands_claude_4_sonnet,20250524_openhands_claude_4_sonnet,0,step,50,50
20250524_openhands_claude_4_sonnet/astropy__astropy-14096,astropy__astropy-14096,20250524_openhands_claude_4_sonnet,20250524_openhands_claude_4_sonnet,20250524_openhands_claude_4_sonnet,0,step,49,49
20250524_openhands_claude_4_sonnet/astropy__astropy-14309,astropy__astropy-14309,20250524_openhands_claude_4_sonnet,20250524_openhands_claude_4_sonnet,20250524_openhands_claude_4_sonnet,0,step,49,49
20250524_openhands_claude_4_sonnet/astropy__astropy-14369,astropy__astropy-14369,20250524_openhands_claude_4_sonnet,20250524_openhands_claude_4_sonnet,20250524_openhands_claude_4_sonnet,0,step,79,79
20250524_openhands_claude_4_sonnet/astropy__astropy-14508,astropy__astropy-14508,20250524_openhands_claude_4_sonnet,20250524_openhands_claude_4_sonnet,20250524_openhands_claude_4_sonnet,0,step,69,69
20250524_openhands_claude_4_sonnet/astropy__astropy-14539,astropy__astropy-14539,20250524_openhands_claude_4_sonnet,20250524_openhands_claude_4_sonnet,20250524_openhands_claude_4_sonnet,0,step,41,41
20250524_openhands_claude_4_sonnet/astropy__astropy-14995,astropy__astropy-14995,20250524_openhands_claude_4_sonnet,20250524_openhands_claude_4_sonnet,20250524_openhands_claude_4_sonnet,0,step,54,54
20250524_openhands_claude_4_sonnet/astropy__astropy-7166,astropy__astropy-7166,20250524_openhands_claude_4_sonnet,20250524_openhands_claude_4_sonnet,20250524_openhands_claude_4_sonnet,0,step,51,51
20250524_openhands_claude_4_sonnet/astropy__astropy-7336,astropy__astropy-7336,20250524_openhands_claude_4_sonnet,20250524_openhands_claude_4_sonnet,20250524_openhands_claude_4_sonnet,0,step,42,42
20250524_openhands_claude_4_sonnet/astropy__astropy-7671,astropy__astropy-7671,20250524_openhands_claude_4_sonnet,20250524_openhands_claude_4_sonnet,20250524_openhands_claude_4_sonnet,0,step,43,43
20250524_openhands_claude_4_sonnet/django__django-10097,django__django-10097,20250524_openhands_claude_4_sonnet,20250524_openhands_claude_4_sonnet,20250524_openhands_claude_4_sonnet,0,step,48,48
20250524_openhands_claude_4_sonnet/django__django-10880,django__django-10880,20250524_openhands_claude_4_sonnet,20250524_openhands_claude_4_sonnet,20250524_openhands_claude_4_sonnet,0,step,36,36
20250524_openhands_claude_4_sonnet/django__django-10914,django__django-10914,20250524_openhands_claude_4_sonnet,20250524_openhands_claude_4_sonnet,20250524_openhands_claude_4_sonnet,0,step,41,41
20250524_openhands_claude_4_sonnet/django__django-10973,django__django-10973,20250524_openhands_claude_4_sonnet,20250524_openhands_claude_4_sonnet,20250524_openhands_claude_4_sonnet,0,step,48,48
20250524_openhands_claude_4_sonnet/django__django-11066,django__django-11066,20250524_openhands_claude_4_sonnet,20250524_openhands_claude_4_sonnet,20250524_openhands_claude_4_sonnet,0,step,34,34
20250524_openhands_claude_4_sonnet/django__django-11095,django__django-11095,20250524_openhands_claude_4_sonnet,20250524_openhands_claude_4_sonnet,20250524_openhands_claude_4_sonnet,0,step,64,64
20250524_openhands_claude_4_sonnet/django__django-11099,django__django-11099,20250524_openhands_claude_4_sonnet,20250524_openhands_claude_4_sonnet,20250524_openhands_claude_4_sonnet,0,step,26,26
20250524_openhands_claude_4_sonnet/django__django-11119,django__django-11119,20250524_openhands_claude_4_sonnet,20250524_openhands_claude_4_sonnet,20250524_openhands_claude_4_sonnet,0,step,86,86
20250524_openhands_claude_4_sonnet/django__django-11133,django__django-11133,20250524_openhands_claude_4_sonnet,20250524_openhands_claude_4_sonnet,20250524_openhands_claude_4_sonnet,0,step,56,56
20250524_openhands_claude_4_sonnet/django__django-11163,django__django-11163,20250524_openhands_claude_4_sonnet,20250524_openhands_claude_4_sonnet,20250524_openhands_claude_4_sonnet,0,step,74,74
20250524_openhands_claude_4_sonnet/django__django-11179,django__django-11179,20250524_openhands_claude_4_sonnet,20250524_openhands_claude_4_sonnet,20250524_openhands_claude_4_sonnet,0,step,99,99
20250524_openhands_claude_4_sonnet/django__django-11206,django__django-11206,20250524_openhands_claude_4_sonnet,20250524_openhands_claude_4_sonnet,20250524_openhands_claude_4_sonnet,0,step,37,37
20250524_openhands_claude_4_sonnet/django__django-11211,django__django-11211,20250524_openhands_claude_4_sonnet,20250524_openhands_claude_4_sonnet,20250524_openhands_claude_4_sonnet,0,step,106,106
20250524_openhands_claude_4_sonnet/django__django-11239,django__django-11239,20250524_openhands_claude_4_sonnet,20250524_openhands_claude_4_sonnet,20250524_openhands_claude_4_sonnet,0,step,87,87
20250524_openhands_claude_4_sonnet/django__django-11265,django__django-11265,20250524_openhands_claude_4_sonnet,20250524_openhands_claude_4_sonnet,20250524_openhands_claude_4_sonnet,0,step,75,75
20250524_openhands_claude_4_sonnet/django__django-11276,django__django-11276,20250524_openhands_claude_4_sonnet,20250524_openhands_claude_4_sonnet,20250524_openhands_claude_4_sonnet,0,step,72,72
20250524_openhands_claude_4_sonnet/django__django-11292,django__django-11292,20250524_openhands_claude_4_sonnet,20250524_openhands_claude_4_sonnet,20250524_openhands_claude_4_sonnet,0,step,67,67
20250524_openhands_claude_4_sonnet/django__django-11299,django__django-11299,20250524_openhands_claude_4_sonnet,20250524_openhands_claude_4_sonnet,20250524_openhands_claude_4_sonnet,0,step,47,47
20250524_openhands_claude_4_sonnet/django__django-11333,django__django-11333,20250524_openhands_claude_4_sonnet,20250524_openhands_claude_4_sonnet,20250524_openhands_claude_4_sonnet,0,step,53,53
20250524_openhands_claude_4_sonnet/django__django-11451,django__django-11451,20250524_openhands_claude_4_sonnet,20250524_openhands_claude_4_sonnet,20250524_openhands_claude_4_sonnet,0,step,52,52
20250524_openhands_claude_4_sonnet/django__django-11532,django__django-11532,20250524_openhands_claude_4_sonnet,20250524_openhands_claude_4_sonnet,20250524_openhands_claude_4_sonnet,0,step,55,55
20250524_openhands_claude_4_sonnet/django__django-11551,django__django-11551,20250524_openhands_claude_4_sonnet,20250524_openhands_claude_4_sonnet,20250524_openhands_claude_4_sonnet,0,step,55,55
20250524_openhands_claude_4_sonnet/django__django-11555,django__django-11555,20250524_openhands_claude_4_sonnet,20250524_openhands_claude_4_sonnet,20250524_openhands_claude_4_sonnet,0,step,83,83
20250524_openhands_claude_4_sonnet/django__django-11603,django__django-11603,20250524_openhands_claude_4_sonnet,20250524_openhands_claude_4_sonnet,20250524_openhands_claude_4_sonnet,0,step,44,44
20250524_openhands_claude_4_sonnet/django__django-11740,django__django-11740,20250524_openhands_claude_4_sonnet,20250524_openhands_claude_4_sonnet,20250524_openhands_claude_4_sonnet,0,step,64,64
20250524_openhands_claude_4_sonnet/django__django-11749,django__django-11749,20250524_openhands_claude_4_sonnet,20250524_openhands_claude_4_sonnet,20250524_openhands_claude_4_sonnet,0,step,71,71
20250524_openhands_claude_4_sonnet/django__django-11815,django__django-11815,20250524_openhands_claude_4_sonnet,20250524_openhands_claude_4_sonnet,20250524_openhands_claude_4_sonnet,0,step,75,75
20250524_openhands_claude_4_sonnet/django__django-11880,django__django-11880,20250524_openhands_claude_4_sonnet,20250524_openhands_claude_4_sonnet,20250524_openhands_claude_4_sonnet,0,step,42,42
20250524_openhands_claude_4_sonnet/django__django-11951,django__django-11951,20250524_openhands_claude_4_sonnet,20250524_openhands_claude_4_sonnet,20250524_openhands_claude_4_sonnet,0,step,76,76
20250524_openhands_claude_4_sonnet/django__django-11999,django__django-11999,20250524_openhands_claude_4_sonnet,20250524_openhands_claude_4_sonnet,20250524_openhands_claude_4_sonnet,0,step,96,96
20250524_openhands_claude_4_sonnet/django__django-12039,django__django-12039,20250524_openhands_claude_4_sonnet,20250524_openhands_claude_4_sonnet,20250524_openhands_claude_4_sonnet,0,step,83,83
20250524_openhands_claude_4_sonnet/django__django-12050,django__django-12050,20250524_openhands_claude_4_sonnet,20250524_openhands_claude_4_sonnet,20250524_openhands_claude_4_sonnet,0,step,42,42
20250524_openhands_claude_4_sonnet/django__django-12125,django__django-12125,20250524_openhands_claude_4_sonnet,20250524_openhands_claude_4_sonnet,20250524_openhands_claude_4_sonnet,0,step,75,75
20250524_openhands_claude_4_sonnet/django__django-12143,django__django-12143,20250524_openhands_claude_4_sonnet,20250524_openhands_claude_4_sonnet,20250524_openhands_claude_4_sonnet,0,step,50,50
20250524_openhands_claude_4_sonnet/django__django-12155,django__django-12155,20250524_openhands_claude_4_sonnet,20250524_openhands_claude_4_sonnet,20250524_openhands_claude_4_sonnet,0,step,58,58
20250524_openhands_claude_4_sonnet/django__django-12193,django__django-12193,20250524_openhands_claude_4_sonnet,20250524_openhands_claude_4_sonnet,20250524_openhands_claude_4_sonnet,0,step,45,45
20250524_openhands_claude_4_sonnet/django__django-12209,django__django-12209,20250524_openhands_claude_4_sonnet,20250524_openhands_claude_4_sonnet,20250524_openhands_claude_4_sonnet,0,step,110,110
20250524_openhands_claude_4_sonnet/django__django-12262,django__django-12262,20250524_openhands_claude_4_sonnet,20250524_openhands_claude_4_sonnet,20250524_openhands_claude_4_sonnet,0,step,48,48
20250524_openhands_claude_4_sonnet/django__django-12273,django__django-12273,20250524_openhands_claude_4_sonnet,20250524_openhands_claude_4_sonnet,20250524_openhands_claude_4_sonnet,0,step,101,101
20250524_openhands_claude_4_sonnet/django__django-12276,django__django-12276,20250524_openhands_claude_4_sonnet,20250524_openhands_claude_4_sonnet,20250524_openhands_claude_4_sonnet,0,step,69,69
20250524_openhands_claude_4_sonnet/django__django-12304,django__django-12304,20250524_openhands_claude_4_sonnet,20250524_openhands_claude_4_sonnet,20250524_openhands_claude_4_sonnet,0,step,54,54
20250524_openhands_claude_4_sonnet/django__django-12308,django__django-12308,20250524_openhands_claude_4_sonnet,20250524_openhands_claude_4_sonnet,20250524_openhands_claude_4_sonnet,0,step,77,77
20250524_openhands_claude_4_sonnet/django__django-12419,django__django-12419,20250524_openhands_claude_4_sonnet,20250524_openhands_claude_4_sonnet,20250524_openhands_claude_4_sonnet,0,step,42,42
20250524_openhands_claude_4_sonnet/django__django-12708,django__django-12708,20250524_openhands_claude_4_sonnet,20250524_openhands_claude_4_sonnet,20250524_openhands_claude_4_sonnet,0,step,56,56
20250524_openhands_claude_4_sonnet/django__django-12713,django__django-12713,20250524_openhands_claude_4_sonnet,20250524_openhands_claude_4_sonnet,20250524_openhands_claude_4_sonnet,0,step,89,89
20250524_openhands_claude_4_sonnet/django__django-12741,django__django-12741,20250524_openhands_claude_4_sonnet,20250524_openhands_claude_4_sonnet,20250524_openhands_claude_4_sonnet,0,step,60,60
20250524_openhands_claude_4_sonnet/django__django-12754,django__django-12754,20250524_openhands_claude_4_sonnet,20250524_openhands_claude_4_sonnet,20250524_openhands_claude_4_sonnet,0,step,115,115
20250524_openhands_claude_4_sonnet/django__django-12774,django__django-12774,20250524_openhands_claude_4_sonnet,20250524_openhands_claude_4_sonnet,20250524_openhands_claude_4_sonnet,0,step,52,52
20250524_openhands_claude_4_sonnet/django__django-12858,django__django-12858,20250524_openhands_claude_4_sonnet,20250524_openhands_claude_4_sonnet,20250524_openhands_claude_4_sonnet,0,step,114,114
20250524_openhands_claude_4_sonnet/django__django-12965,django__django-12965,20250524_openhands_claude_4_sonnet,20250524_openhands_claude_4_sonnet,20250524_openhands_claude_4_sonnet,0,step,78,78
20250524_openhands_claude_4_sonnet/django__django-13012,django__django-13012,20250524_openhands_claude_4_sonnet,20250524_openhands_claude_4_sonnet,20250524_openhands_claude_4_sonnet,0,step,81,81
20250524_openhands_claude_4_sonnet/django__django-13023,django__django-13023,20250524_openhands_claude_4_sonnet,20250524_openhands_claude_4_sonnet,20250524_openhands_claude_4_sonnet,0,step,42,42
20250524_openhands_claude_4_sonnet/django__django-13028,django__django-13028,20250524_openhands_claude_4_sonnet,20250524_openhands_claude_4_sonnet,20250524_openhands_claude_4_sonnet,0,step,50,50
20250524_openhands_claude_4_sonnet/django__django-13033,django__django-13033,20250524_openhands_claude_4_sonnet,20250524_openhands_claude_4_sonnet,20250524_openhands_claude_4_sonnet,0,step,70,70
20250524_openhands_claude_4_sonnet/django__django-13089,django__django-13089,20250524_openhands_claude_4_sonnet,20250524_openhands_claude_4_sonnet,20250524_openhands_claude_4_sonnet,0,step,51,51
20250524_openhands_claude_4_sonnet/django__django-13109,django__django-13109,20250524_openhands_claude_4_sonnet,20250524_openhands_claude_4_sonnet,20250524_openhands_claude_4_sonnet,0,step,54,54
20250524_openhands_claude_4_sonnet/django__django-13112,django__django-13112,20250524_openhands_claude_4_sonnet,20250524_openhands_claude_4_sonnet,20250524_openhands_claude_4_sonnet,0,step,85,85
20250524_openhands_claude_4_sonnet/django__django-13121,django__django-13121,20250524_openhands_claude_4_sonnet,20250524_openhands_claude_4_sonnet,20250524_openhands_claude_4_sonnet,0,step,77,77
20250524_openhands_claude_4_sonnet/django__django-13128,django__django-13128,20250524_openhands_claude_4_sonnet,20250524_openhands_claude_4_sonnet,20250524_openhands_claude_4_sonnet,0,step,68,68
20250524_openhands_claude_4_sonnet/django__django-13158,django__django-13158,20250524_openhands_claude_4_sonnet,20250524_openhands_claude_4_sonnet,20250524_openhands_claude_4_sonnet,0,step,71,71
20250524_openhands_claude_4_sonnet/django__django-13279,django__django-13279,20250524_openhands_claude_4_sonnet,20250524_openhands_claude_4_sonnet,20250524_openhands_claude_4_sonnet,0,step,59,59
20250524_openhands_claude_4_sonnet/django__django-13297,django__django-13297,20250524_openhands_claude_4_sonnet,20250524_openhands_claude_4_sonnet,20250524_openhands_claude_4_sonnet,0,step,78,78
20250524_openhands_claude_4_sonnet/django__django-13315,django__django-13315,20250524_openhands_claude_4_sonnet,20250524_openhands_claude_4_sonnet,20250524_openhands_claude_4_sonnet,0,step,39,39
20250524_openhands_claude_4_sonnet/django__django-13346,django__django-13346,20250524_openhands_claude_4_sonnet,20250524_openhands_claude_4_sonnet,20250524_openhands_claude_4_sonnet,0,step,122,122
20250524_openhands_claude_4_sonnet/django__django-13363,django__django-13363,20250524_openhands_claude_4_sonnet,20250524_openhands_claude_4_sonnet,20250524_openhands_claude_4_sonnet,0,step,100,100
20250524_openhands_claude_4_sonnet/django__django-13401,django__django-13401,20250524_openhands_claude_4_sonnet,20250524_openhands_claude_4_sonnet,20250524_openhands_claude_4_sonnet,0,step,74,74
20250524_openhands_claude_4_sonnet/django__django-13406,django__django-13406,20250524_openhands_claude_4_sonnet,20250524_openhands_claude_4_sonnet,20250524_openhands_claude_4_sonnet,0,step,104,104
20250524_openhands_claude_4_sonnet/django__django-13410,django__django-13410,20250524_openhands_claude_4_sonnet,20250524_openhands_claude_4_sonnet,20250524_openhands_claude_4_sonnet,0,step,47,47
20250524_openhands_claude_4_sonnet/django__django-13417,django__django-13417,20250524_openhands_claude_4_sonnet,20250524_openhands_claude_4_sonnet,20250524_openhands_claude_4_sonnet,0,step,78,78
20250524_openhands_claude_4_sonnet/django__django-13449,django__django-13449,20250524_openhands_claude_4_sonnet,20250524_openhands_claude_4_sonnet,20250524_openhands_claude_4_sonnet,0,step,57,57
20250524_openhands_claude_4_sonnet/django__django-13512,django__django-13512,20250524_openhands_claude_4_sonnet,20250524_openhands_claude_4_sonnet,20250524_openhands_claude_4_sonnet,0,step,58,58
20250524_openhands_claude_4_sonnet/django__django-13516,django__django-13516,20250524_openhands_claude_4_sonnet,20250524_openhands_claude_4_sonnet,20250524_openhands_claude_4_sonnet,0,step,60,60
20250524_openhands_claude_4_sonnet/django__django-13551,django__django-13551,20250524_openhands_claude_4_sonnet,20250524_openhands_claude_4_sonnet,20250524_openhands_claude_4_sonnet,0,step,65,65
20250524_openhands_claude_4_sonnet/django__django-13569,django__django-13569,20250524_openhands_claude_4_sonnet,20250524_openhands_claude_4_sonnet,20250524_openhands_claude_4_sonnet,0,step,93,93
20250524_openhands_claude_4_sonnet/django__django-13590,django__django-13590,20250524_openhands_claude_4_sonnet,20250524_openhands_claude_4_sonnet,20250524_openhands_claude_4_sonnet,0,step,51,51
20250524_openhands_claude_4_sonnet/django__django-13658,django__django-13658,20250524_openhands_claude_4_sonnet,20250524_openhands_claude_4_sonnet,20250524_openhands_claude_4_sonnet,0,step,48,48
20250524_openhands_claude_4_sonnet/django__django-13670,django__django-13670,20250524_openhands_claude_4_sonnet,20250524_openhands_claude_4_sonnet,20250524_openhands_claude_4_sonnet,0,step,47,47
20250524_openhands_claude_4_sonnet/django__django-13741,django__django-13741,20250524_openhands_claude_4_sonnet,20250524_openhands_claude_4_sonnet,20250524_openhands_claude_4_sonnet,0,step,64,64
20250524_openhands_claude_4_sonnet/django__django-13786,django__django-13786,20250524_openhands_claude_4_sonnet,20250524_openhands_claude_4_sonnet,20250524_openhands_claude_4_sonnet,0,step,81,81
20250524_openhands_claude_4_sonnet/django__django-13807,django__django-13807,20250524_openhands_claude_4_sonnet,20250524_openhands_claude_4_sonnet,20250524_openhands_claude_4_sonnet,0,step,87,87
20250524_openhands_claude_4_sonnet/django__django-13809,django__django-13809,20250524_openhands_claude_4_sonnet,20250524_openhands_claude_4_sonnet,20250524_openhands_claude_4_sonnet,0,step,50,50
20250524_openhands_claude_4_sonnet/django__django-13810,django__django-13810,20250524_openhands_claude_4_sonnet,20250524_openhands_claude_4_sonnet,20250524_openhands_claude_4_sonnet,0,step,78,78
20250524_openhands_claude_4_sonnet/django__django-13820,django__django-13820,20250524_openhands_claude_4_sonnet,20250524_openhands_claude_4_sonnet,20250524_openhands_claude_4_sonnet,0,step,47,47
20250524_openhands_claude_4_sonnet/django__django-13821,django__django-13821,20250524_openhands_claude_4_sonnet,20250524_openhands_claude_4_sonnet,20250524_openhands_claude_4_sonnet,0,step,43,43
20250524_openhands_claude_4_sonnet/django__django-13837,django__django-13837,20250524_openhands_claude_4_sonnet,20250524_openhands_claude_4_sonnet,20250524_openhands_claude_4_sonnet,0,step,73,73
20250524_openhands_claude_4_sonnet/django__django-13933,django__django-13933,20250524_openhands_claude_4_sonnet,20250524_openhands_claude_4_sonnet,20250524_openhands_claude_4_sonnet,0,step,78,78
20250524_openhands_claude_4_sonnet/django__django-14007,django__django-14007,20250524_openhands_claude_4_sonnet,20250524_openhands_claude_4_sonnet,20250524_openhands_claude_4_sonnet,0,step,129,129
20250524_openhands_claude_4_sonnet/django__django-14017,django__django-14017,20250524_openhands_claude_4_sonnet,20250524_openhands_claude_4_sonnet,20250524_openhands_claude_4_sonnet,0,step,70,70
20250524_openhands_claude_4_sonnet/django__django-14089,django__django-14089,20250524_openhands_claude_4_sonnet,20250524_openhands_claude_4_sonnet,20250524_openhands_claude_4_sonnet,0,step,30,30
20250524_openhands_claude_4_sonnet/django__django-14122,django__django-14122,20250524_openhands_claude_4_sonnet,20250524_openhands_claude_4_sonnet,20250524_openhands_claude_4_sonnet,0,step,107,107
20250524_openhands_claude_4_sonnet/django__django-14238,django__django-14238,20250524_openhands_claude_4_sonnet,20250524_openhands_claude_4_sonnet,20250524_openhands_claude_4_sonnet,0,step,47,47
20250524_openhands_claude_4_sonnet/django__django-14311,django__django-14311,20250524_openhands_claude_4_sonnet,20250524_openhands_claude_4_sonnet,20250524_openhands_claude_4_sonnet,0,step,38,38
20250524_openhands_claude_4_sonnet/django__django-14349,django__django-14349,20250524_openhands_claude_4_sonnet,20250524_openhands_claude_4_sonnet,20250524_openhands_claude_4_sonnet,0,step,41,41
20250524_openhands_claude_4_sonnet/django__django-14351,django__django-14351,20250524_openhands_claude_4_sonnet,20250524_openhands_claude_4_sonnet,20250524_openhands_claude_4_sonnet,0,step,126,126
20250524_openhands_claude_4_sonnet/django__django-14373,django__django-14373,20250524_openhands_claude_4_sonnet,20250524_openhands_claude_4_sonnet,20250524_openhands_claude_4_sonnet,0,step,39,39
20250524_openhands_claude_4_sonnet/django__django-14376,django__django-14376,20250524_openhands_claude_4_sonnet,20250524_openhands_claude_4_sonnet,20250524_openhands_claude_4_sonnet,0,step,52,52
20250524_openhands_claude_4_sonnet/django__django-14493,django__django-14493,20250524_openhands_claude_4_sonnet,20250524_openhands_claude_4_sonnet,20250524_openhands_claude_4_sonnet,0,step,40,40
20250524_openhands_claude_4_sonnet/django__django-14500,django__django-14500,20250524_openhands_claude_4_sonnet,20250524_openhands_claude_4_sonnet,20250524_openhands_claude_4_sonnet,0,step,64,64
20250524_openhands_claude_4_sonnet/django__django-14539,django__django-14539,20250524_openhands_claude_4_sonnet,20250524_openhands_claude_4_sonnet,20250524_openhands_claude_4_sonnet,0,step,36,36
20250524_openhands_claude_4_sonnet/django__django-14559,django__django-14559,20250524_openhands_claude_4_sonnet,20250524_openhands_claude_4_sonnet,20250524_openhands_claude_4_sonnet,0,step,46,46
20250524_openhands_claude_4_sonnet/django__django-14580,django__django-14580,20250524_openhands_claude_4_sonnet,20250524_openhands_claude_4_sonnet,20250524_openhands_claude_4_sonnet,0,step,44,44
20250524_openhands_claude_4_sonnet/django__django-14608,django__django-14608,20250524_openhands_claude_4_sonnet,20250524_openhands_claude_4_sonnet,20250524_openhands_claude_4_sonnet,0,step,68,68
20250524_openhands_claude_4_sonnet/django__django-14631,django__django-14631,20250524_openhands_claude_4_sonnet,20250524_openhands_claude_4_sonnet,20250524_openhands_claude_4_sonnet,0,step,60,60
20250524_openhands_claude_4_sonnet/django__django-14672,django__django-14672,20250524_openhands_claude_4_sonnet,20250524_openhands_claude_4_sonnet,20250524_openhands_claude_4_sonnet,0,step,32,32
20250524_openhands_claude_4_sonnet/django__django-14752,django__django-14752,20250524_openhands_claude_4_sonnet,20250524_openhands_claude_4_sonnet,20250524_openhands_claude_4_sonnet,0,step,43,43
20250524_openhands_claude_4_sonnet/django__django-14765,django__django-14765,20250524_openhands_claude_4_sonnet,20250524_openhands_claude_4_sonnet,20250524_openhands_claude_4_sonnet,0,step,56,56
20250524_openhands_claude_4_sonnet/django__django-14771,django__django-14771,20250524_openhands_claude_4_sonnet,20250524_openhands_claude_4_sonnet,20250524_openhands_claude_4_sonnet,0,step,83,83
20250524_openhands_claude_4_sonnet/django__django-14787,django__django-14787,20250524_openhands_claude_4_sonnet,20250524_openhands_claude_4_sonnet,20250524_openhands_claude_4_sonnet,0,step,37,37
20250524_openhands_claude_4_sonnet/django__django-14855,django__django-14855,20250524_openhands_claude_4_sonnet,20250524_openhands_claude_4_sonnet,20250524_openhands_claude_4_sonnet,0,step,70,70
20250524_openhands_claude_4_sonnet/django__django-14915,django__django-14915,20250524_openhands_claude_4_sonnet,20250524_openhands_claude_4_sonnet,20250524_openhands_claude_4_sonnet,0,step,74,74
20250524_openhands_claude_4_sonnet/django__django-14999,django__django-14999,20250524_openhands_claude_4_sonnet,20250524_openhands_claude_4_sonnet,20250524_openhands_claude_4_sonnet,0,step,47,47
20250524_openhands_claude_4_sonnet/django__django-15022,django__django-15022,20250524_openhands_claude_4_sonnet,20250524_openhands_claude_4_sonnet,20250524_openhands_claude_4_sonnet,0,step,60,60
20250524_openhands_claude_4_sonnet/django__django-15037,django__django-15037,20250524_openhands_claude_4_sonnet,20250524_openhands_claude_4_sonnet,20250524_openhands_claude_4_sonnet,0,step,61,61
20250524_openhands_claude_4_sonnet/django__django-15103,django__django-15103,20250524_openhands_claude_4_sonnet,20250524_openhands_claude_4_sonnet,20250524_openhands_claude_4_sonnet,0,step,46,46
20250524_openhands_claude_4_sonnet/django__django-15104,django__django-15104,20250524_openhands_claude_4_sonnet,20250524_openhands_claude_4_sonnet,20250524_openhands_claude_4_sonnet,0,step,46,46
20250524_openhands_claude_4_sonnet/django__django-15128,django__django-15128,20250524_openhands_claude_4_sonnet,20250524_openhands_claude_4_sonnet,20250524_openhands_claude_4_sonnet,0,step,91,91
20250524_openhands_claude_4_sonnet/django__django-15161,django__django-15161,20250524_openhands_claude_4_sonnet,20250524_openhands_claude_4_sonnet,20250524_openhands_claude_4_sonnet,0,step,134,134
20250524_openhands_claude_4_sonnet/django__django-15268,django__django-15268,20250524_openhands_claude_4_sonnet,20250524_openhands_claude_4_sonnet,20250524_openhands_claude_4_sonnet,0,step,63,63
20250524_openhands_claude_4_sonnet/django__django-15277,django__django-15277,20250524_openhands_claude_4_sonnet,20250524_openhands_claude_4_sonnet,20250524_openhands_claude_4_sonnet,0,step,40,40
20250524_openhands_claude_4_sonnet/django__django-15278,django__django-15278,20250524_openhands_claude_4_sonnet,20250524_openhands_claude_4_sonnet,20250524_openhands_claude_4_sonnet,0,step,88,88
20250524_openhands_claude_4_sonnet/django__django-15315,django__django-15315,20250524_openhands_claude_4_sonnet,20250524_openhands_claude_4_sonnet,20250524_openhands_claude_4_sonnet,0,step,53,53
20250524_openhands_claude_4_sonnet/django__django-15368,django__django-15368,20250524_openhands_claude_4_sonnet,20250524_openhands_claude_4_sonnet,20250524_openhands_claude_4_sonnet,0,step,72,72
20250524_openhands_claude_4_sonnet/django__django-15375,django__django-15375,20250524_openhands_claude_4_sonnet,20250524_openhands_claude_4_sonnet,20250524_openhands_claude_4_sonnet,0,step,68,68
20250524_openhands_claude_4_sonnet/django__django-15380,django__django-15380,20250524_openhands_claude_4_sonnet,20250524_openhands_claude_4_sonnet,20250524_openhands_claude_4_sonnet,0,step,56,56
20250524_openhands_claude_4_sonnet/django__django-15382,django__django-15382,20250524_openhands_claude_4_sonnet,20250524_openhands_claude_4_sonnet,20250524_openhands_claude_4_sonnet,0,step,97,97
20250524_openhands_claude_4_sonnet/django__django-15467,django__django-15467,20250524_openhands_claude_4_sonnet,20250524_openhands_claude_4_sonnet,20250524_openhands_claude_4_sonnet,0,step,39,39
20250524_openhands_claude_4_sonnet/django__django-15499,django__django-15499,20250524_openhands_claude_4_sonnet,20250524_openhands_claude_4_sonnet,20250524_openhands_claude_4_sonnet,0,step,88,88
20250524_openhands_claude_4_sonnet/django__django-15503,django__django-15503,20250524_openhands_claude_4_sonnet,20250524_openhands_claude_4_sonnet,20250524_openhands_claude_4_sonnet,0,step,94,94
20250524_openhands_claude_4_sonnet/django__django-15525,django__django-15525,20250524_openhands_claude_4_sonnet,20250524_openhands_claude_4_sonnet,20250524_openhands_claude_4_sonnet,0,step,52,52
20250524_openhands_claude_4_sonnet/django__django-15561,django__django-15561,20250524_openhands_claude_4_sonnet,20250524_openhands_claude_4_sonnet,20250524_openhands_claude_4_sonnet,0,step,47,47
20250524_openhands_claude_4_sonnet/django__django-15569,django__django-15569,20250524_openhands_claude_4_sonnet,20250524_openhands_claude_4_sonnet,20250524_openhands_claude_4_sonnet,0,step,51,51
20250524_openhands_claude_4_sonnet/django__django-15572,django__django-15572,20250524_openhands_claude_4_sonnet,20250524_openhands_claude_4_sonnet,20250524_openhands_claude_4_sonnet,0,step,54,54
20250524_openhands_claude_4_sonnet/django__django-15731,django__django-15731,20250524_openhands_claude_4_sonnet,20250524_openhands_claude_4_sonnet,20250524_openhands_claude_4_sonnet,0,step,39,39
20250524_openhands_claude_4_sonnet/django__django-15741,django__django-15741,20250524_openhands_claude_4_sonnet,20250524_openhands_claude_4_sonnet,20250524_openhands_claude_4_sonnet,0,step,74,74
20250524_openhands_claude_4_sonnet/django__django-15814,django__django-15814,20250524_openhands_claude_4_sonnet,20250524_openhands_claude_4_sonnet,20250524_openhands_claude_4_sonnet,0,step,64,64
20250524_openhands_claude_4_sonnet/django__django-15851,django__django-15851,20250524_openhands_claude_4_sonnet,20250524_openhands_claude_4_sonnet,20250524_openhands_claude_4_sonnet,0,step,38,38
20250524_openhands_claude_4_sonnet/django__django-15863,django__django-15863,20250524_openhands_claude_4_sonnet,20250524_openhands_claude_4_sonnet,20250524_openhands_claude_4_sonnet,0,step,30,30
20250524_openhands_claude_4_sonnet/django__django-15916,django__django-15916,20250524_openhands_claude_4_sonnet,20250524_openhands_claude_4_sonnet,20250524_openhands_claude_4_sonnet,0,step,87,87
20250524_openhands_claude_4_sonnet/django__django-15930,django__django-15930,20250524_openhands_claude_4_sonnet,20250524_openhands_claude_4_sonnet,20250524_openhands_claude_4_sonnet,0,step,70,70
20250524_openhands_claude_4_sonnet/django__django-15987,django__django-15987,20250524_openhands_claude_4_sonnet,20250524_openhands_claude_4_sonnet,20250524_openhands_claude_4_sonnet,0,step,52,52
20250524_openhands_claude_4_sonnet/django__django-16032,django__django-16032,20250524_openhands_claude_4_sonnet,20250524_openhands_claude_4_sonnet,20250524_openhands_claude_4_sonnet,0,step,87,87
20250524_openhands_claude_4_sonnet/django__django-16082,django__django-16082,20250524_openhands_claude_4_sonnet,20250524_openhands_claude_4_sonnet,20250524_openhands_claude_4_sonnet,0,step,52,52
20250524_openhands_claude_4_sonnet/django__django-16100,django__django-16100,20250524_openhands_claude_4_sonnet,20250524_openhands_claude_4_sonnet,20250524_openhands_claude_4_sonnet,0,step,121,121
20250524_openhands_claude_4_sonnet/django__django-16116,django__django-16116,20250524_openhands_claude_4_sonnet,20250524_openhands_claude_4_sonnet,20250524_openhands_claude_4_sonnet,0,step,53,53
20250524_openhands_claude_4_sonnet/django__django-16136,django__django-16136,20250524_openhands_claude_4_sonnet,20250524_openhands_claude_4_sonnet,20250524_openhands_claude_4_sonnet,0,step,69,69
20250524_openhands_claude_4_sonnet/django__django-16139,django__django-16139,20250524_openhands_claude_4_sonnet,20250524_openhands_claude_4_sonnet,20250524_openhands_claude_4_sonnet,0,step,68,68
20250524_openhands_claude_4_sonnet/django__django-16145,django__django-16145,20250524_openhands_claude_4_sonnet,20250524_openhands_claude_4_sonnet,20250524_openhands_claude_4_sonnet,0,step,60,60
20250524_openhands_claude_4_sonnet/django__django-16255,django__django-16255,20250524_openhands_claude_4_sonnet,20250524_openhands_claude_4_sonnet,20250524_openhands_claude_4_sonnet,0,step,36,36
20250524_openhands_claude_4_sonnet/django__django-16315,django__django-16315,20250524_openhands_claude_4_sonnet,20250524_openhands_claude_4_sonnet,20250524_openhands_claude_4_sonnet,0,step,102,102
20250524_openhands_claude_4_sonnet/django__django-16333,django__django-16333,20250524_openhands_claude_4_sonnet,20250524_openhands_claude_4_sonnet,20250524_openhands_claude_4_sonnet,0,step,82,82
20250524_openhands_claude_4_sonnet/django__django-16429,django__django-16429,20250524_openhands_claude_4_sonnet,20250524_openhands_claude_4_sonnet,20250524_openhands_claude_4_sonnet,0,step,45,45
20250524_openhands_claude_4_sonnet/django__django-16454,django__django-16454,20250524_openhands_claude_4_sonnet,20250524_openhands_claude_4_sonnet,20250524_openhands_claude_4_sonnet,0,step,37,37
20250524_openhands_claude_4_sonnet/django__django-16485,django__django-16485,20250524_openhands_claude_4_sonnet,20250524_openhands_claude_4_sonnet,20250524_openhands_claude_4_sonnet,0,step,36,36
20250524_openhands_claude_4_sonnet/django__django-16493,django__django-16493,20250524_openhands_claude_4_sonnet,20250524_openhands_claude_4_sonnet,20250524_openhands_claude_4_sonnet,0,step,50,50
20250524_openhands_claude_4_sonnet/django__django-16527,django__django-16527,20250524_openhands_claude_4_sonnet,20250524_openhands_claude_4_sonnet,20250524_openhands_claude_4_sonnet,0,step,106,106
20250524_openhands_claude_4_sonnet/django__django-16560,django__django-16560,20250524_openhands_claude_4_sonnet,20250524_openhands_claude_4_sonnet,20250524_openhands_claude_4_sonnet,0,step,112,112
20250524_openhands_claude_4_sonnet/django__django-16569,django__django-16569,20250524_openhands_claude_4_sonnet,20250524_openhands_claude_4_sonnet,20250524_openhands_claude_4_sonnet,0,step,40,40
20250524_openhands_claude_4_sonnet/django__django-16595,django__django-16595,20250524_openhands_claude_4_sonnet,20250524_openhands_claude_4_sonnet,20250524_openhands_claude_4_sonnet,0,step,60,60
20250524_openhands_claude_4_sonnet/django__django-16612,django__django-16612,20250524_openhands_claude_4_sonnet,20250524_openhands_claude_4_sonnet,20250524_openhands_claude_4_sonnet,0,step,137,137
20250524_openhands_claude_4_sonnet/django__django-16642,django__django-16642,20250524_openhands_claude_4_sonnet,20250524_openhands_claude_4_sonnet,20250524_openhands_claude_4_sonnet,0,step,41,41
20250524_openhands_claude_4_sonnet/django__django-16661,django__django-16661,20250524_openhands_claude_4_sonnet,20250524_openhands_claude_4_sonnet,20250524_openhands_claude_4_sonnet,0,step,74,74
20250524_openhands_claude_4_sonnet/django__django-16662,django__django-16662,20250524_openhands_claude_4_sonnet,20250524_openhands_claude_4_sonnet,20250524_openhands_claude_4_sonnet,0,step,68,68
20250524_openhands_claude_4_sonnet/django__django-16801,django__django-16801,20250524_openhands_claude_4_sonnet,20250524_openhands_claude_4_sonnet,20250524_openhands_claude_4_sonnet,0,step,48,48
20250524_openhands_claude_4_sonnet/django__django-16819,django__django-16819,20250524_openhands_claude_4_sonnet,20250524_openhands_claude_4_sonnet,20250524_openhands_claude_4_sonnet,0,step,127,127
20250524_openhands_claude_4_sonnet/django__django-16899,django__django-16899,20250524_openhands_claude_4_sonnet,20250524_openhands_claude_4_sonnet,20250524_openhands_claude_4_sonnet,0,step,47,47
20250524_openhands_claude_4_sonnet/django__django-16901,django__django-16901,20250524_openhands_claude_4_sonnet,20250524_openhands_claude_4_sonnet,20250524_openhands_claude_4_sonnet,0,step,52,52
20250524_openhands_claude_4_sonnet/django__django-17029,django__django-17029,20250524_openhands_claude_4_sonnet,20250524_openhands_claude_4_sonnet,20250524_openhands_claude_4_sonnet,0,step,35,35
20250524_openhands_claude_4_sonnet/django__django-17084,django__django-17084,20250524_openhands_claude_4_sonnet,20250524_openhands_claude_4_sonnet,20250524_openhands_claude_4_sonnet,0,step,83,83
20250524_openhands_claude_4_sonnet/django__django-17087,django__django-17087,20250524_openhands_claude_4_sonnet,20250524_openhands_claude_4_sonnet,20250524_openhands_claude_4_sonnet,0,step,117,117
20250524_openhands_claude_4_sonnet/django__django-7530,django__django-7530,20250524_openhands_claude_4_sonnet,20250524_openhands_claude_4_sonnet,20250524_openhands_claude_4_sonnet,0,step,80,80
20250524_openhands_claude_4_sonnet/django__django-9296,django__django-9296,20250524_openhands_claude_4_sonnet,20250524_openhands_claude_4_sonnet,20250524_openhands_claude_4_sonnet,0,step,42,42
20250524_openhands_claude_4_sonnet/matplotlib__matplotlib-13989,matplotlib__matplotlib-13989,20250524_openhands_claude_4_sonnet,20250524_openhands_claude_4_sonnet,20250524_openhands_claude_4_sonnet,0,step,71,71
20250524_openhands_claude_4_sonnet/matplotlib__matplotlib-14623,matplotlib__matplotlib-14623,20250524_openhands_claude_4_sonnet,20250524_openhands_claude_4_sonnet,20250524_openhands_claude_4_sonnet,0,step,90,90
20250524_openhands_claude_4_sonnet/matplotlib__matplotlib-20859,matplotlib__matplotlib-20859,20250524_openhands_claude_4_sonnet,20250524_openhands_claude_4_sonnet,20250524_openhands_claude_4_sonnet,0,step,61,61
20250524_openhands_claude_4_sonnet/matplotlib__matplotlib-22719,matplotlib__matplotlib-22719,20250524_openhands_claude_4_sonnet,20250524_openhands_claude_4_sonnet,20250524_openhands_claude_4_sonnet,0,step,59,59
20250524_openhands_claude_4_sonnet/matplotlib__matplotlib-22865,matplotlib__matplotlib-22865,20250524_openhands_claude_4_sonnet,20250524_openhands_claude_4_sonnet,20250524_openhands_claude_4_sonnet,0,step,93,93
20250524_openhands_claude_4_sonnet/matplotlib__matplotlib-22871,matplotlib__matplotlib-22871,20250524_openhands_claude_4_sonnet,20250524_openhands_claude_4_sonnet,20250524_openhands_claude_4_sonnet,0,step,89,89
20250524_openhands_claude_4_sonnet/matplotlib__matplotlib-23314,matplotlib__matplotlib-23314,20250524_openhands_claude_4_sonnet,20250524_openhands_claude_4_sonnet,20250524_openhands_claude_4_sonnet,0,step,69,69
20250524_openhands_claude_4_sonnet/matplotlib__matplotlib-23412,matplotlib__matplotlib-23412,20250524_openhands_claude_4_sonnet,20250524_openhands_claude_4_sonnet,20250524_openhands_claude_4_sonnet,0,step,55,55
20250524_openhands_claude_4_sonnet/matplotlib__matplotlib-24026,matplotlib__matplotlib-24026,20250524_openhands_claude_4_sonnet,20250524_openhands_claude_4_sonnet,20250524_openhands_claude_4_sonnet,0,step,83,83
20250524_openhands_claude_4_sonnet/matplotlib__matplotlib-24149,matplotlib__matplotlib-24149,20250524_openhands_claude_4_sonnet,20250524_openhands_claude_4_sonnet,20250524_openhands_claude_4_sonnet,0,step,60,60
20250524_openhands_claude_4_sonnet/matplotlib__matplotlib-24627,matplotlib__matplotlib-24627,20250524_openhands_claude_4_sonnet,20250524_openhands_claude_4_sonnet,20250524_openhands_claude_4_sonnet,0,step,119,119
20250524_openhands_claude_4_sonnet/matplotlib__matplotlib-24637,matplotlib__matplotlib-24637,20250524_openhands_claude_4_sonnet,20250524_openhands_claude_4_sonnet,20250524_openhands_claude_4_sonnet,0,step,126,126
20250524_openhands_claude_4_sonnet/matplotlib__matplotlib-24970,matplotlib__matplotlib-24970,20250524_openhands_claude_4_sonnet,20250524_openhands_claude_4_sonnet,20250524_openhands_claude_4_sonnet,0,step,53,53
20250524_openhands_claude_4_sonnet/matplotlib__matplotlib-25122,matplotlib__matplotlib-25122,20250524_openhands_claude_4_sonnet,20250524_openhands_claude_4_sonnet,20250524_openhands_claude_4_sonnet,0,step,57,57
20250524_openhands_claude_4_sonnet/matplotlib__matplotlib-25287,matplotlib__matplotlib-25287,20250524_openhands_claude_4_sonnet,20250524_openhands_claude_4_sonnet,20250524_openhands_claude_4_sonnet,0,step,91,91
20250524_openhands_claude_4_sonnet/matplotlib__matplotlib-25311,matplotlib__matplotlib-25311,20250524_openhands_claude_4_sonnet,20250524_openhands_claude_4_sonnet,20250524_openhands_claude_4_sonnet,0,step,208,208
20250524_openhands_claude_4_sonnet/matplotlib__matplotlib-26113,matplotlib__matplotlib-26113,20250524_openhands_claude_4_sonnet,20250524_openhands_claude_4_sonnet,20250524_openhands_claude_4_sonnet,0,step,35,35
20250524_openhands_claude_4_sonnet/matplotlib__matplotlib-26208,matplotlib__matplotlib-26208,20250524_openhands_claude_4_sonnet,20250524_openhands_claude_4_sonnet,20250524_openhands_claude_4_sonnet,0,step,146,146
20250524_openhands_claude_4_sonnet/matplotlib__matplotlib-26291,matplotlib__matplotlib-26291,20250524_openhands_claude_4_sonnet,20250524_openhands_claude_4_sonnet,20250524_openhands_claude_4_sonnet,0,step,81,81
20250524_openhands_claude_4_sonnet/matplotlib__matplotlib-26342,matplotlib__matplotlib-26342,20250524_openhands_claude_4_sonnet,20250524_openhands_claude_4_sonnet,20250524_openhands_claude_4_sonnet,0,step,68,68
20250524_openhands_claude_4_sonnet/mwaskom__seaborn-3069,mwaskom__seaborn-3069,20250524_openhands_claude_4_sonnet,20250524_openhands_claude_4_sonnet,20250524_openhands_claude_4_sonnet,0,step,62,62
20250524_openhands_claude_4_sonnet/mwaskom__seaborn-3187,mwaskom__seaborn-3187,20250524_openhands_claude_4_sonnet,20250524_openhands_claude_4_sonnet,20250524_openhands_claude_4_sonnet,0,step,87,87
20250524_openhands_claude_4_sonnet/pallets__flask-5014,pallets__flask-5014,20250524_openhands_claude_4_sonnet,20250524_openhands_claude_4_sonnet,20250524_openhands_claude_4_sonnet,0,step,47,47
20250524_openhands_claude_4_sonnet/psf__requests-5414,psf__requests-5414,20250524_openhands_claude_4_sonnet,20250524_openhands_claude_4_sonnet,20250524_openhands_claude_4_sonnet,0,step,55,55
20250524_openhands_claude_4_sonnet/pydata__xarray-2905,pydata__xarray-2905,20250524_openhands_claude_4_sonnet,20250524_openhands_claude_4_sonnet,20250524_openhands_claude_4_sonnet,0,step,77,77
20250524_openhands_claude_4_sonnet/pydata__xarray-3095,pydata__xarray-3095,20250524_openhands_claude_4_sonnet,20250524_openhands_claude_4_sonnet,20250524_openhands_claude_4_sonnet,0,step,53,53
20250524_openhands_claude_4_sonnet/pydata__xarray-3151,pydata__xarray-3151,20250524_openhands_claude_4_sonnet,20250524_openhands_claude_4_sonnet,20250524_openhands_claude_4_sonnet,0,step,36,36
20250524_openhands_claude_4_sonnet/pydata__xarray-3305,pydata__xarray-3305,20250524_openhands_claude_4_sonnet,20250524_openhands_claude_4_sonnet,20250524_openhands_claude_4_sonnet,0,step,45,45
20250524_openhands_claude_4_sonnet/pydata__xarray-3677,pydata__xarray-3677,20250524_openhands_claude_4_sonnet,20250524_openhands_claude_4_sonnet,20250524_openhands_claude_4_sonnet,0,step,51,51
20250524_openhands_claude_4_sonnet/pydata__xarray-3993,pydata__xarray-3993,20250524_openhands_claude_4_sonnet,20250524_openhands_claude_4_sonnet,20250524_openhands_claude_4_sonnet,0,step,48,48
20250524_openhands_claude_4_sonnet/pydata__xarray-4075,pydata__xarray-4075,20250524_openhands_claude_4_sonnet,20250524_openhands_claude_4_sonnet,20250524_openhands_claude_4_sonnet,0,step,41,41
20250524_openhands_claude_4_sonnet/pydata__xarray-4094,pydata__xarray-4094,20250524_openhands_claude_4_sonnet,20250524_openhands_claude_4_sonnet,20250524_openhands_claude_4_sonnet,0,step,60,60
20250524_openhands_claude_4_sonnet/pydata__xarray-4356,pydata__xarray-4356,20250524_openhands_claude_4_sonnet,20250524_openhands_claude_4_sonnet,20250524_openhands_claude_4_sonnet,0,step,60,60
20250524_openhands_claude_4_sonnet/pydata__xarray-4629,pydata__xarray-4629,20250524_openhands_claude_4_sonnet,20250524_openhands_claude_4_sonnet,20250524_openhands_claude_4_sonnet,0,step,39,39
20250524_openhands_claude_4_sonnet/pydata__xarray-4687,pydata__xarray-4687,20250524_openhands_claude_4_sonnet,20250524_openhands_claude_4_sonnet,20250524_openhands_claude_4_sonnet,0,step,101,101
20250524_openhands_claude_4_sonnet/pydata__xarray-4695,pydata__xarray-4695,20250524_openhands_claude_4_sonnet,20250524_openhands_claude_4_sonnet,20250524_openhands_claude_4_sonnet,0,step,64,64
20250524_openhands_claude_4_sonnet/pydata__xarray-4966,pydata__xarray-4966,20250524_openhands_claude_4_sonnet,20250524_openhands_claude_4_sonnet,20250524_openhands_claude_4_sonnet,0,step,45,45
20250524_openhands_claude_4_sonnet/pydata__xarray-6461,pydata__xarray-6461,20250524_openhands_claude_4_sonnet,20250524_openhands_claude_4_sonnet,20250524_openhands_claude_4_sonnet,0,step,65,65
20250524_openhands_claude_4_sonnet/pydata__xarray-6721,pydata__xarray-6721,20250524_openhands_claude_4_sonnet,20250524_openhands_claude_4_sonnet,20250524_openhands_claude_4_sonnet,0,step,84,84
20250524_openhands_claude_4_sonnet/pydata__xarray-6744,pydata__xarray-6744,20250524_openhands_claude_4_sonnet,20250524_openhands_claude_4_sonnet,20250524_openhands_claude_4_sonnet,0,step,60,60
20250524_openhands_claude_4_sonnet/pydata__xarray-7233,pydata__xarray-7233,20250524_openhands_claude_4_sonnet,20250524_openhands_claude_4_sonnet,20250524_openhands_claude_4_sonnet,0,step,37,37
20250524_openhands_claude_4_sonnet/pydata__xarray-7393,pydata__xarray-7393,20250524_openhands_claude_4_sonnet,20250524_openhands_claude_4_sonnet,20250524_openhands_claude_4_sonnet,0,step,74,74
20250524_openhands_claude_4_sonnet/pylint-dev__pylint-6386,pylint-dev__pylint-6386,20250524_openhands_claude_4_sonnet,20250524_openhands_claude_4_sonnet,20250524_openhands_claude_4_sonnet,0,step,72,72
20250524_openhands_claude_4_sonnet/pylint-dev__pylint-6528,pylint-dev__pylint-6528,20250524_openhands_claude_4_sonnet,20250524_openhands_claude_4_sonnet,20250524_openhands_claude_4_sonnet,0,step,130,130
20250524_openhands_claude_4_sonnet/pylint-dev__pylint-6903,pylint-dev__pylint-6903,20250524_openhands_claude_4_sonnet,20250524_openhands_claude_4_sonnet,20250524_openhands_claude_4_sonnet,0,step,60,60
20250524_openhands_claude_4_sonnet/pylint-dev__pylint-7277,pylint-dev__pylint-7277,20250524_openhands_claude_4_sonnet,20250524_openhands_claude_4_sonnet,20250524_openhands_claude_4_sonnet,0,step,56,56
20250524_openhands_claude_4_sonnet/pytest-dev__pytest-10081,pytest-dev__pytest-10081,20250524_openhands_claude_4_sonnet,20250524_openhands_claude_4_sonnet,20250524_openhands_claude_4_sonnet,0,step,191,191
20250524_openhands_claude_4_sonnet/pytest-dev__pytest-5262,pytest-dev__pytest-5262,20250524_openhands_claude_4_sonnet,20250524_openhands_claude_4_sonnet,20250524_openhands_claude_4_sonnet,0,step,42,42
20250524_openhands_claude_4_sonnet/pytest-dev__pytest-5631,pytest-dev__pytest-5631,20250524_openhands_claude_4_sonnet,20250524_openhands_claude_4_sonnet,20250524_openhands_claude_4_sonnet,0,step,66,66
20250524_openhands_claude_4_sonnet/pytest-dev__pytest-5809,pytest-dev__pytest-5809,20250524_openhands_claude_4_sonnet,20250524_openhands_claude_4_sonnet,20250524_openhands_claude_4_sonnet,0,step,73,73
20250524_openhands_claude_4_sonnet/pytest-dev__pytest-6202,pytest-dev__pytest-6202,20250524_openhands_claude_4_sonnet,20250524_openhands_claude_4_sonnet,20250524_openhands_claude_4_sonnet,0,step,50,50
20250524_openhands_claude_4_sonnet/pytest-dev__pytest-7205,pytest-dev__pytest-7205,20250524_openhands_claude_4_sonnet,20250524_openhands_claude_4_sonnet,20250524_openhands_claude_4_sonnet,0,step,63,63
20250524_openhands_claude_4_sonnet/pytest-dev__pytest-7236,pytest-dev__pytest-7236,20250524_openhands_claude_4_sonnet,20250524_openhands_claude_4_sonnet,20250524_openhands_claude_4_sonnet,0,step,103,103
20250524_openhands_claude_4_sonnet/pytest-dev__pytest-7324,pytest-dev__pytest-7324,20250524_openhands_claude_4_sonnet,20250524_openhands_claude_4_sonnet,20250524_openhands_claude_4_sonnet,0,step,71,71
20250524_openhands_claude_4_sonnet/pytest-dev__pytest-7432,pytest-dev__pytest-7432,20250524_openhands_claude_4_sonnet,20250524_openhands_claude_4_sonnet,20250524_openhands_claude_4_sonnet,0,step,104,104
20250524_openhands_claude_4_sonnet/pytest-dev__pytest-7521,pytest-dev__pytest-7521,20250524_openhands_claude_4_sonnet,20250524_openhands_claude_4_sonnet,20250524_openhands_claude_4_sonnet,0,step,173,173
20250524_openhands_claude_4_sonnet/pytest-dev__pytest-7571,pytest-dev__pytest-7571,20250524_openhands_claude_4_sonnet,20250524_openhands_claude_4_sonnet,20250524_openhands_claude_4_sonnet,0,step,121,121
20250524_openhands_claude_4_sonnet/pytest-dev__pytest-7982,pytest-dev__pytest-7982,20250524_openhands_claude_4_sonnet,20250524_openhands_claude_4_sonnet,20250524_openhands_claude_4_sonnet,0,step,75,75
20250524_openhands_claude_4_sonnet/pytest-dev__pytest-8399,pytest-dev__pytest-8399,20250524_openhands_claude_4_sonnet,20250524_openhands_claude_4_sonnet,20250524_openhands_claude_4_sonnet,0,step,72,72
20250524_openhands_claude_4_sonnet/scikit-learn__scikit-learn-10297,scikit-learn__scikit-learn-10297,20250524_openhands_claude_4_sonnet,20250524_openhands_claude_4_sonnet,20250524_openhands_claude_4_sonnet,0,step,69,69
20250524_openhands_claude_4_sonnet/scikit-learn__scikit-learn-10844,scikit-learn__scikit-learn-10844,20250524_openhands_claude_4_sonnet,20250524_openhands_claude_4_sonnet,20250524_openhands_claude_4_sonnet,0,step,37,37
20250524_openhands_claude_4_sonnet/scikit-learn__scikit-learn-10908,scikit-learn__scikit-learn-10908,20250524_openhands_claude_4_sonnet,20250524_openhands_claude_4_sonnet,20250524_openhands_claude_4_sonnet,0,step,49,49
20250524_openhands_claude_4_sonnet/scikit-learn__scikit-learn-11310,scikit-learn__scikit-learn-11310,20250524_openhands_claude_4_sonnet,20250524_openhands_claude_4_sonnet,20250524_openhands_claude_4_sonnet,0,step,73,73
20250524_openhands_claude_4_sonnet/scikit-learn__scikit-learn-11578,scikit-learn__scikit-learn-11578,20250524_openhands_claude_4_sonnet,20250524_openhands_claude_4_sonnet,20250524_openhands_claude_4_sonnet,0,step,48,48
20250524_openhands_claude_4_sonnet/scikit-learn__scikit-learn-12585,scikit-learn__scikit-learn-12585,20250524_openhands_claude_4_sonnet,20250524_openhands_claude_4_sonnet,20250524_openhands_claude_4_sonnet,0,step,52,52
20250524_openhands_claude_4_sonnet/scikit-learn__scikit-learn-12682,scikit-learn__scikit-learn-12682,20250524_openhands_claude_4_sonnet,20250524_openhands_claude_4_sonnet,20250524_openhands_claude_4_sonnet,0,step,101,101
20250524_openhands_claude_4_sonnet/scikit-learn__scikit-learn-12973,scikit-learn__scikit-learn-12973,20250524_openhands_claude_4_sonnet,20250524_openhands_claude_4_sonnet,20250524_openhands_claude_4_sonnet,0,step,57,57
20250524_openhands_claude_4_sonnet/scikit-learn__scikit-learn-13124,scikit-learn__scikit-learn-13124,20250524_openhands_claude_4_sonnet,20250524_openhands_claude_4_sonnet,20250524_openhands_claude_4_sonnet,0,step,53,53
20250524_openhands_claude_4_sonnet/scikit-learn__scikit-learn-13135,scikit-learn__scikit-learn-13135,20250524_openhands_claude_4_sonnet,20250524_openhands_claude_4_sonnet,20250524_openhands_claude_4_sonnet,0,step,30,30
20250524_openhands_claude_4_sonnet/scikit-learn__scikit-learn-13142,scikit-learn__scikit-learn-13142,20250524_openhands_claude_4_sonnet,20250524_openhands_claude_4_sonnet,20250524_openhands_claude_4_sonnet,0,step,49,49
20250524_openhands_claude_4_sonnet/scikit-learn__scikit-learn-13328,scikit-learn__scikit-learn-13328,20250524_openhands_claude_4_sonnet,20250524_openhands_claude_4_sonnet,20250524_openhands_claude_4_sonnet,0,step,66,66
20250524_openhands_claude_4_sonnet/scikit-learn__scikit-learn-13439,scikit-learn__scikit-learn-13439,20250524_openhands_claude_4_sonnet,20250524_openhands_claude_4_sonnet,20250524_openhands_claude_4_sonnet,0,step,43,43
20250524_openhands_claude_4_sonnet/scikit-learn__scikit-learn-13496,scikit-learn__scikit-learn-13496,20250524_openhands_claude_4_sonnet,20250524_openhands_claude_4_sonnet,20250524_openhands_claude_4_sonnet,0,step,54,54
20250524_openhands_claude_4_sonnet/scikit-learn__scikit-learn-13779,scikit-learn__scikit-learn-13779,20250524_openhands_claude_4_sonnet,20250524_openhands_claude_4_sonnet,20250524_openhands_claude_4_sonnet,0,step,32,32
20250524_openhands_claude_4_sonnet/scikit-learn__scikit-learn-14053,scikit-learn__scikit-learn-14053,20250524_openhands_claude_4_sonnet,20250524_openhands_claude_4_sonnet,20250524_openhands_claude_4_sonnet,0,step,56,56
20250524_openhands_claude_4_sonnet/scikit-learn__scikit-learn-14087,scikit-learn__scikit-learn-14087,20250524_openhands_claude_4_sonnet,20250524_openhands_claude_4_sonnet,20250524_openhands_claude_4_sonnet,0,step,119,119
20250524_openhands_claude_4_sonnet/scikit-learn__scikit-learn-14141,scikit-learn__scikit-learn-14141,20250524_openhands_claude_4_sonnet,20250524_openhands_claude_4_sonnet,20250524_openhands_claude_4_sonnet,0,step,39,39
20250524_openhands_claude_4_sonnet/scikit-learn__scikit-learn-14496,scikit-learn__scikit-learn-14496,20250524_openhands_claude_4_sonnet,20250524_openhands_claude_4_sonnet,20250524_openhands_claude_4_sonnet,0,step,52,52
20250524_openhands_claude_4_sonnet/scikit-learn__scikit-learn-14710,scikit-learn__scikit-learn-14710,20250524_openhands_claude_4_sonnet,20250524_openhands_claude_4_sonnet,20250524_openhands_claude_4_sonnet,0,step,35,35
20250524_openhands_claude_4_sonnet/scikit-learn__scikit-learn-14894,scikit-learn__scikit-learn-14894,20250524_openhands_claude_4_sonnet,20250524_openhands_claude_4_sonnet,20250524_openhands_claude_4_sonnet,0,step,42,42
20250524_openhands_claude_4_sonnet/scikit-learn__scikit-learn-14983,scikit-learn__scikit-learn-14983,20250524_openhands_claude_4_sonnet,20250524_openhands_claude_4_sonnet,20250524_openhands_claude_4_sonnet,0,step,70,70
20250524_openhands_claude_4_sonnet/scikit-learn__scikit-learn-15100,scikit-learn__scikit-learn-15100,20250524_openhands_claude_4_sonnet,20250524_openhands_claude_4_sonnet,20250524_openhands_claude_4_sonnet,0,step,34,34
20250524_openhands_claude_4_sonnet/scikit-learn__scikit-learn-25102,scikit-learn__scikit-learn-25102,20250524_openhands_claude_4_sonnet,20250524_openhands_claude_4_sonnet,20250524_openhands_claude_4_sonnet,0,step,126,126
20250524_openhands_claude_4_sonnet/scikit-learn__scikit-learn-25232,scikit-learn__scikit-learn-25232,20250524_openhands_claude_4_sonnet,20250524_openhands_claude_4_sonnet,20250524_openhands_claude_4_sonnet,0,step,66,66
20250524_openhands_claude_4_sonnet/scikit-learn__scikit-learn-25973,scikit-learn__scikit-learn-25973,20250524_openhands_claude_4_sonnet,20250524_openhands_claude_4_sonnet,20250524_openhands_claude_4_sonnet,0,step,67,67
20250524_openhands_claude_4_sonnet/scikit-learn__scikit-learn-26323,scikit-learn__scikit-learn-26323,20250524_openhands_claude_4_sonnet,20250524_openhands_claude_4_sonnet,20250524_openhands_claude_4_sonnet,0,step,50,50
20250524_openhands_claude_4_sonnet/scikit-learn__scikit-learn-9288,scikit-learn__scikit-learn-9288,20250524_openhands_claude_4_sonnet,20250524_openhands_claude_4_sonnet,20250524_openhands_claude_4_sonnet,0,step,73,73
20250524_openhands_claude_4_sonnet/sphinx-doc__sphinx-10323,sphinx-doc__sphinx-10323,20250524_openhands_claude_4_sonnet,20250524_openhands_claude_4_sonnet,20250524_openhands_claude_4_sonnet,0,step,67,67
20250524_openhands_claude_4_sonnet/sphinx-doc__sphinx-10435,sphinx-doc__sphinx-10435,20250524_openhands_claude_4_sonnet,20250524_openhands_claude_4_sonnet,20250524_openhands_claude_4_sonnet,0,step,55,55
20250524_openhands_claude_4_sonnet/sphinx-doc__sphinx-10449,sphinx-doc__sphinx-10449,20250524_openhands_claude_4_sonnet,20250524_openhands_claude_4_sonnet,20250524_openhands_claude_4_sonnet,0,step,70,70
20250524_openhands_claude_4_sonnet/sphinx-doc__sphinx-10466,sphinx-doc__sphinx-10466,20250524_openhands_claude_4_sonnet,20250524_openhands_claude_4_sonnet,20250524_openhands_claude_4_sonnet,0,step,53,53
20250524_openhands_claude_4_sonnet/sphinx-doc__sphinx-10673,sphinx-doc__sphinx-10673,20250524_openhands_claude_4_sonnet,20250524_openhands_claude_4_sonnet,20250524_openhands_claude_4_sonnet,0,step,90,90
20250524_openhands_claude_4_sonnet/sphinx-doc__sphinx-11445,sphinx-doc__sphinx-11445,20250524_openhands_claude_4_sonnet,20250524_openhands_claude_4_sonnet,20250524_openhands_claude_4_sonnet,0,step,206,206
20250524_openhands_claude_4_sonnet/sphinx-doc__sphinx-7440,sphinx-doc__sphinx-7440,20250524_openhands_claude_4_sonnet,20250524_openhands_claude_4_sonnet,20250524_openhands_claude_4_sonnet,0,step,94,94
20250524_openhands_claude_4_sonnet/sphinx-doc__sphinx-7757,sphinx-doc__sphinx-7757,20250524_openhands_claude_4_sonnet,20250524_openhands_claude_4_sonnet,20250524_openhands_claude_4_sonnet,0,step,53,53
20250524_openhands_claude_4_sonnet/sphinx-doc__sphinx-7889,sphinx-doc__sphinx-7889,20250524_openhands_claude_4_sonnet,20250524_openhands_claude_4_sonnet,20250524_openhands_claude_4_sonnet,0,step,38,38
20250524_openhands_claude_4_sonnet/sphinx-doc__sphinx-7910,sphinx-doc__sphinx-7910,20250524_openhands_claude_4_sonnet,20250524_openhands_claude_4_sonnet,20250524_openhands_claude_4_sonnet,0,step,87,87
20250524_openhands_claude_4_sonnet/sphinx-doc__sphinx-8035,sphinx-doc__sphinx-8035,20250524_openhands_claude_4_sonnet,20250524_openhands_claude_4_sonnet,20250524_openhands_claude_4_sonnet,0,step,89,89
20250524_openhands_claude_4_sonnet/sphinx-doc__sphinx-8120,sphinx-doc__sphinx-8120,20250524_openhands_claude_4_sonnet,20250524_openhands_claude_4_sonnet,20250524_openhands_claude_4_sonnet,0,step,63,63
20250524_openhands_claude_4_sonnet/sphinx-doc__sphinx-8265,sphinx-doc__sphinx-8265,20250524_openhands_claude_4_sonnet,20250524_openhands_claude_4_sonnet,20250524_openhands_claude_4_sonnet,0,step,74,74
20250524_openhands_claude_4_sonnet/sphinx-doc__sphinx-8269,sphinx-doc__sphinx-8269,20250524_openhands_claude_4_sonnet,20250524_openhands_claude_4_sonnet,20250524_openhands_claude_4_sonnet,0,step,58,58
20250524_openhands_claude_4_sonnet/sphinx-doc__sphinx-8459,sphinx-doc__sphinx-8459,20250524_openhands_claude_4_sonnet,20250524_openhands_claude_4_sonnet,20250524_openhands_claude_4_sonnet,0,step,93,93
20250524_openhands_claude_4_sonnet/sphinx-doc__sphinx-8475,sphinx-doc__sphinx-8475,20250524_openhands_claude_4_sonnet,20250524_openhands_claude_4_sonnet,20250524_openhands_claude_4_sonnet,0,step,40,40
20250524_openhands_claude_4_sonnet/sphinx-doc__sphinx-8551,sphinx-doc__sphinx-8551,20250524_openhands_claude_4_sonnet,20250524_openhands_claude_4_sonnet,20250524_openhands_claude_4_sonnet,0,step,157,157
20250524_openhands_claude_4_sonnet/sphinx-doc__sphinx-8593,sphinx-doc__sphinx-8593,20250524_openhands_claude_4_sonnet,20250524_openhands_claude_4_sonnet,20250524_openhands_claude_4_sonnet,0,step,66,66
20250524_openhands_claude_4_sonnet/sphinx-doc__sphinx-8721,sphinx-doc__sphinx-8721,20250524_openhands_claude_4_sonnet,20250524_openhands_claude_4_sonnet,20250524_openhands_claude_4_sonnet,0,step,49,49
20250524_openhands_claude_4_sonnet/sphinx-doc__sphinx-9230,sphinx-doc__sphinx-9230,20250524_openhands_claude_4_sonnet,20250524_openhands_claude_4_sonnet,20250524_openhands_claude_4_sonnet,0,step,66,66
20250524_openhands_claude_4_sonnet/sphinx-doc__sphinx-9258,sphinx-doc__sphinx-9258,20250524_openhands_claude_4_sonnet,20250524_openhands_claude_4_sonnet,20250524_openhands_claude_4_sonnet,0,step,94,94
20250524_openhands_claude_4_sonnet/sphinx-doc__sphinx-9281,sphinx-doc__sphinx-9281,20250524_openhands_claude_4_sonnet,20250524_openhands_claude_4_sonnet,20250524_openhands_claude_4_sonnet,0,step,46,46
20250524_openhands_claude_4_sonnet/sphinx-doc__sphinx-9320,sphinx-doc__sphinx-9320,20250524_openhands_claude_4_sonnet,20250524_openhands_claude_4_sonnet,20250524_openhands_claude_4_sonnet,0,step,52,52
20250524_openhands_claude_4_sonnet/sphinx-doc__sphinx-9367,sphinx-doc__sphinx-9367,20250524_openhands_claude_4_sonnet,20250524_openhands_claude_4_sonnet,20250524_openhands_claude_4_sonnet,0,step,38,38
20250524_openhands_claude_4_sonnet/sphinx-doc__sphinx-9591,sphinx-doc__sphinx-9591,20250524_openhands_claude_4_sonnet,20250524_openhands_claude_4_sonnet,20250524_openhands_claude_4_sonnet,0,step,155,155
20250524_openhands_claude_4_sonnet/sphinx-doc__sphinx-9673,sphinx-doc__sphinx-9673,20250524_openhands_claude_4_sonnet,20250524_openhands_claude_4_sonnet,20250524_openhands_claude_4_sonnet,0,step,61,61
20250524_openhands_claude_4_sonnet/sphinx-doc__sphinx-9698,sphinx-doc__sphinx-9698,20250524_openhands_claude_4_sonnet,20250524_openhands_claude_4_sonnet,20250524_openhands_claude_4_sonnet,0,step,53,53
20250524_openhands_claude_4_sonnet/sphinx-doc__sphinx-9711,sphinx-doc__sphinx-9711,20250524_openhands_claude_4_sonnet,20250524_openhands_claude_4_sonnet,20250524_openhands_claude_4_sonnet,0,step,75,75
20250524_openhands_claude_4_sonnet/sympy__sympy-11618,sympy__sympy-11618,20250524_openhands_claude_4_sonnet,20250524_openhands_claude_4_sonnet,20250524_openhands_claude_4_sonnet,0,step,44,44
20250524_openhands_claude_4_sonnet/sympy__sympy-12096,sympy__sympy-12096,20250524_openhands_claude_4_sonnet,20250524_openhands_claude_4_sonnet,20250524_openhands_claude_4_sonnet,0,step,47,47
20250524_openhands_claude_4_sonnet/sympy__sympy-12419,sympy__sympy-12419,20250524_openhands_claude_4_sonnet,20250524_openhands_claude_4_sonnet,20250524_openhands_claude_4_sonnet,0,step,90,90
20250524_openhands_claude_4_sonnet/sympy__sympy-12481,sympy__sympy-12481,20250524_openhands_claude_4_sonnet,20250524_openhands_claude_4_sonnet,20250524_openhands_claude_4_sonnet,0,step,50,50
20250524_openhands_claude_4_sonnet/sympy__sympy-13031,sympy__sympy-13031,20250524_openhands_claude_4_sonnet,20250524_openhands_claude_4_sonnet,20250524_openhands_claude_4_sonnet,0,step,113,113
20250524_openhands_claude_4_sonnet/sympy__sympy-13091,sympy__sympy-13091,20250524_openhands_claude_4_sonnet,20250524_openhands_claude_4_sonnet,20250524_openhands_claude_4_sonnet,0,step,83,83
20250524_openhands_claude_4_sonnet/sympy__sympy-13372,sympy__sympy-13372,20250524_openhands_claude_4_sonnet,20250524_openhands_claude_4_sonnet,20250524_openhands_claude_4_sonnet,0,step,38,38
20250524_openhands_claude_4_sonnet/sympy__sympy-13480,sympy__sympy-13480,20250524_openhands_claude_4_sonnet,20250524_openhands_claude_4_sonnet,20250524_openhands_claude_4_sonnet,0,step,32,32
20250524_openhands_claude_4_sonnet/sympy__sympy-13551,sympy__sympy-13551,20250524_openhands_claude_4_sonnet,20250524_openhands_claude_4_sonnet,20250524_openhands_claude_4_sonnet,0,step,49,49
20250524_openhands_claude_4_sonnet/sympy__sympy-13615,sympy__sympy-13615,20250524_openhands_claude_4_sonnet,20250524_openhands_claude_4_sonnet,20250524_openhands_claude_4_sonnet,0,step,47,47
20250524_openhands_claude_4_sonnet/sympy__sympy-13647,sympy__sympy-13647,20250524_openhands_claude_4_sonnet,20250524_openhands_claude_4_sonnet,20250524_openhands_claude_4_sonnet,0,step,44,44
20250524_openhands_claude_4_sonnet/sympy__sympy-13757,sympy__sympy-13757,20250524_openhands_claude_4_sonnet,20250524_openhands_claude_4_sonnet,20250524_openhands_claude_4_sonnet,0,step,70,70
20250524_openhands_claude_4_sonnet/sympy__sympy-13798,sympy__sympy-13798,20250524_openhands_claude_4_sonnet,20250524_openhands_claude_4_sonnet,20250524_openhands_claude_4_sonnet,0,step,56,56
20250524_openhands_claude_4_sonnet/sympy__sympy-13878,sympy__sympy-13878,20250524_openhands_claude_4_sonnet,20250524_openhands_claude_4_sonnet,20250524_openhands_claude_4_sonnet,0,step,94,94
20250524_openhands_claude_4_sonnet/sympy__sympy-14531,sympy__sympy-14531,20250524_openhands_claude_4_sonnet,20250524_openhands_claude_4_sonnet,20250524_openhands_claude_4_sonnet,0,step,89,89
20250524_openhands_claude_4_sonnet/sympy__sympy-14711,sympy__sympy-14711,20250524_openhands_claude_4_sonnet,20250524_openhands_claude_4_sonnet,20250524_openhands_claude_4_sonnet,0,step,66,66
20250524_openhands_claude_4_sonnet/sympy__sympy-14976,sympy__sympy-14976,20250524_openhands_claude_4_sonnet,20250524_openhands_claude_4_sonnet,20250524_openhands_claude_4_sonnet,0,step,50,50
20250524_openhands_claude_4_sonnet/sympy__sympy-15017,sympy__sympy-15017,20250524_openhands_claude_4_sonnet,20250524_openhands_claude_4_sonnet,20250524_openhands_claude_4_sonnet,0,step,59,59
20250524_openhands_claude_4_sonnet/sympy__sympy-15345,sympy__sympy-15345,20250524_openhands_claude_4_sonnet,20250524_openhands_claude_4_sonnet,20250524_openhands_claude_4_sonnet,0,step,53,53
20250524_openhands_claude_4_sonnet/sympy__sympy-15349,sympy__sympy-15349,20250524_openhands_claude_4_sonnet,20250524_openhands_claude_4_sonnet,20250524_openhands_claude_4_sonnet,0,step,55,55
20250524_openhands_claude_4_sonnet/sympy__sympy-15809,sympy__sympy-15809,20250524_openhands_claude_4_sonnet,20250524_openhands_claude_4_sonnet,20250524_openhands_claude_4_sonnet,0,step,68,68
20250524_openhands_claude_4_sonnet/sympy__sympy-15875,sympy__sympy-15875,20250524_openhands_claude_4_sonnet,20250524_openhands_claude_4_sonnet,20250524_openhands_claude_4_sonnet,0,step,90,90
20250524_openhands_claude_4_sonnet/sympy__sympy-15976,sympy__sympy-15976,20250524_openhands_claude_4_sonnet,20250524_openhands_claude_4_sonnet,20250524_openhands_claude_4_sonnet,0,step,49,49
20250524_openhands_claude_4_sonnet/sympy__sympy-16450,sympy__sympy-16450,20250524_openhands_claude_4_sonnet,20250524_openhands_claude_4_sonnet,20250524_openhands_claude_4_sonnet,0,step,54,54
20250524_openhands_claude_4_sonnet/sympy__sympy-16766,sympy__sympy-16766,20250524_openhands_claude_4_sonnet,20250524_openhands_claude_4_sonnet,20250524_openhands_claude_4_sonnet,0,step,54,54
20250524_openhands_claude_4_sonnet/sympy__sympy-16792,sympy__sympy-16792,20250524_openhands_claude_4_sonnet,20250524_openhands_claude_4_sonnet,20250524_openhands_claude_4_sonnet,0,step,211,211
20250524_openhands_claude_4_sonnet/sympy__sympy-16886,sympy__sympy-16886,20250524_openhands_claude_4_sonnet,20250524_openhands_claude_4_sonnet,20250524_openhands_claude_4_sonnet,0,step,31,31
20250524_openhands_claude_4_sonnet/sympy__sympy-17139,sympy__sympy-17139,20250524_openhands_claude_4_sonnet,20250524_openhands_claude_4_sonnet,20250524_openhands_claude_4_sonnet,0,step,42,42
20250524_openhands_claude_4_sonnet/sympy__sympy-18189,sympy__sympy-18189,20250524_openhands_claude_4_sonnet,20250524_openhands_claude_4_sonnet,20250524_openhands_claude_4_sonnet,0,step,38,38
20250524_openhands_claude_4_sonnet/sympy__sympy-18211,sympy__sympy-18211,20250524_openhands_claude_4_sonnet,20250524_openhands_claude_4_sonnet,20250524_openhands_claude_4_sonnet,0,step,67,67
20250524_openhands_claude_4_sonnet/sympy__sympy-19040,sympy__sympy-19040,20250524_openhands_claude_4_sonnet,20250524_openhands_claude_4_sonnet,20250524_openhands_claude_4_sonnet,0,step,97,97
20250524_openhands_claude_4_sonnet/sympy__sympy-19346,sympy__sympy-19346,20250524_openhands_claude_4_sonnet,20250524_openhands_claude_4_sonnet,20250524_openhands_claude_4_sonnet,0,step,83,83
20250524_openhands_claude_4_sonnet/sympy__sympy-19495,sympy__sympy-19495,20250524_openhands_claude_4_sonnet,20250524_openhands_claude_4_sonnet,20250524_openhands_claude_4_sonnet,0,step,69,69
20250524_openhands_claude_4_sonnet/sympy__sympy-19637,sympy__sympy-19637,20250524_openhands_claude_4_sonnet,20250524_openhands_claude_4_sonnet,20250524_openhands_claude_4_sonnet,0,step,41,41
20250524_openhands_claude_4_sonnet/sympy__sympy-19783,sympy__sympy-19783,20250524_openhands_claude_4_sonnet,20250524_openhands_claude_4_sonnet,20250524_openhands_claude_4_sonnet,0,step,49,49
20250524_openhands_claude_4_sonnet/sympy__sympy-19954,sympy__sympy-19954,20250524_openhands_claude_4_sonnet,20250524_openhands_claude_4_sonnet,20250524_openhands_claude_4_sonnet,0,step,40,40
20250524_openhands_claude_4_sonnet/sympy__sympy-20154,sympy__sympy-20154,20250524_openhands_claude_4_sonnet,20250524_openhands_claude_4_sonnet,20250524_openhands_claude_4_sonnet,0,step,32,32
20250524_openhands_claude_4_sonnet/sympy__sympy-20590,sympy__sympy-20590,20250524_openhands_claude_4_sonnet,20250524_openhands_claude_4_sonnet,20250524_openhands_claude_4_sonnet,0,step,41,41
20250524_openhands_claude_4_sonnet/sympy__sympy-20801,sympy__sympy-20801,20250524_openhands_claude_4_sonnet,20250524_openhands_claude_4_sonnet,20250524_openhands_claude_4_sonnet,0,step,74,74
20250524_openhands_claude_4_sonnet/sympy__sympy-21379,sympy__sympy-21379,20250524_openhands_claude_4_sonnet,20250524_openhands_claude_4_sonnet,20250524_openhands_claude_4_sonnet,0,step,71,71
20250524_openhands_claude_4_sonnet/sympy__sympy-21847,sympy__sympy-21847,20250524_openhands_claude_4_sonnet,20250524_openhands_claude_4_sonnet,20250524_openhands_claude_4_sonnet,0,step,43,43
20250524_openhands_claude_4_sonnet/sympy__sympy-22456,sympy__sympy-22456,20250524_openhands_claude_4_sonnet,20250524_openhands_claude_4_sonnet,20250524_openhands_claude_4_sonnet,0,step,155,155
20250524_openhands_claude_4_sonnet/sympy__sympy-22714,sympy__sympy-22714,20250524_openhands_claude_4_sonnet,20250524_openhands_claude_4_sonnet,20250524_openhands_claude_4_sonnet,0,step,41,41
20250524_openhands_claude_4_sonnet/sympy__sympy-22914,sympy__sympy-22914,20250524_openhands_claude_4_sonnet,20250524_openhands_claude_4_sonnet,20250524_openhands_claude_4_sonnet,0,step,41,41
20250524_openhands_claude_4_sonnet/sympy__sympy-23262,sympy__sympy-23262,20250524_openhands_claude_4_sonnet,20250524_openhands_claude_4_sonnet,20250524_openhands_claude_4_sonnet,0,step,46,46
20250524_openhands_claude_4_sonnet/sympy__sympy-23534,sympy__sympy-23534,20250524_openhands_claude_4_sonnet,20250524_openhands_claude_4_sonnet,20250524_openhands_claude_4_sonnet,0,step,49,49
20250524_openhands_claude_4_sonnet/sympy__sympy-23824,sympy__sympy-23824,20250524_openhands_claude_4_sonnet,20250524_openhands_claude_4_sonnet,20250524_openhands_claude_4_sonnet,0,step,37,37
20250524_openhands_claude_4_sonnet/sympy__sympy-23950,sympy__sympy-23950,20250524_openhands_claude_4_sonnet,20250524_openhands_claude_4_sonnet,20250524_openhands_claude_4_sonnet,0,step,62,62
20250524_openhands_claude_4_sonnet/sympy__sympy-24066,sympy__sympy-24066,20250524_openhands_claude_4_sonnet,20250524_openhands_claude_4_sonnet,20250524_openhands_claude_4_sonnet,0,step,82,82
20250524_openhands_claude_4_sonnet/sympy__sympy-24213,sympy__sympy-24213,20250524_openhands_claude_4_sonnet,20250524_openhands_claude_4_sonnet,20250524_openhands_claude_4_sonnet,0,step,43,43
20250524_openhands_claude_4_sonnet/sympy__sympy-24443,sympy__sympy-24443,20250524_openhands_claude_4_sonnet,20250524_openhands_claude_4_sonnet,20250524_openhands_claude_4_sonnet,0,step,41,41
20250524_openhands_claude_4_sonnet/sympy__sympy-24539,sympy__sympy-24539,20250524_openhands_claude_4_sonnet,20250524_openhands_claude_4_sonnet,20250524_openhands_claude_4_sonnet,0,step,34,34
20250524_openhands_claude_4_sonnet/sympy__sympy-24562,sympy__sympy-24562,20250524_openhands_claude_4_sonnet,20250524_openhands_claude_4_sonnet,20250524_openhands_claude_4_sonnet,0,step,48,48
20250524_openhands_claude_4_sonnet/sympy__sympy-24661,sympy__sympy-24661,20250524_openhands_claude_4_sonnet,20250524_openhands_claude_4_sonnet,20250524_openhands_claude_4_sonnet,0,step,54,54
20250716_openhands_kimi_k2/astropy__astropy-13033,astropy__astropy-13033,20250716_openhands_kimi_k2,20250716_openhands_kimi_k2,20250716_openhands_kimi_k2,1,step,44,44
20250716_openhands_kimi_k2/astropy__astropy-13236,astropy__astropy-13236,20250716_openhands_kimi_k2,20250716_openhands_kimi_k2,20250716_openhands_kimi_k2,1,step,69,69
20250716_openhands_kimi_k2/astropy__astropy-13398,astropy__astropy-13398,20250716_openhands_kimi_k2,20250716_openhands_kimi_k2,20250716_openhands_kimi_k2,1,step,40,40
20250716_openhands_kimi_k2/astropy__astropy-13977,astropy__astropy-13977,20250716_openhands_kimi_k2,20250716_openhands_kimi_k2,20250716_openhands_kimi_k2,1,step,43,43
20250716_openhands_kimi_k2/astropy__astropy-14182,astropy__astropy-14182,20250716_openhands_kimi_k2,20250716_openhands_kimi_k2,20250716_openhands_kimi_k2,1,step,37,37
20250716_openhands_kimi_k2/astropy__astropy-14365,astropy__astropy-14365,20250716_openhands_kimi_k2,20250716_openhands_kimi_k2,20250716_openhands_kimi_k2,1,step,33,33
20250716_openhands_kimi_k2/astropy__astropy-14369,astropy__astropy-14369,20250716_openhands_kimi_k2,20250716_openhands_kimi_k2,20250716_openhands_kimi_k2,1,step,58,58
20250716_openhands_kimi_k2/astropy__astropy-14598,astropy__astropy-14598,20250716_openhands_kimi_k2,20250716_openhands_kimi_k2,20250716_openhands_kimi_k2,1,step,72,72
20250716_openhands_kimi_k2/astropy__astropy-7606,astropy__astropy-7606,20250716_openhands_kimi_k2,20250716_openhands_kimi_k2,20250716_openhands_kimi_k2,1,step,39,39
20250716_openhands_kimi_k2/astropy__astropy-8707,astropy__astropy-8707,20250716_openhands_kimi_k2,20250716_openhands_kimi_k2,20250716_openhands_kimi_k2,1,step,42,42
20250716_openhands_kimi_k2/astropy__astropy-8872,astropy__astropy-8872,20250716_openhands_kimi_k2,20250716_openhands_kimi_k2,20250716_openhands_kimi_k2,1,step,37,37
20250716_openhands_kimi_k2/django__django-10554,django__django-10554,20250716_openhands_kimi_k2,20250716_openhands_kimi_k2,20250716_openhands_kimi_k2,1,step,78,78
20250716_openhands_kimi_k2/django__django-10999,django__django-10999,20250716_openhands_kimi_k2,20250716_openhands_kimi_k2,20250716_openhands_kimi_k2,1,step,33,33
20250716_openhands_kimi_k2/django__django-11087,django__django-11087,20250716_openhands_kimi_k2,20250716_openhands_kimi_k2,20250716_openhands_kimi_k2,1,step,54,54
20250716_openhands_kimi_k2/django__django-11138,django__django-11138,20250716_openhands_kimi_k2,20250716_openhands_kimi_k2,20250716_openhands_kimi_k2,1,step,69,69
20250716_openhands_kimi_k2/django__django-11141,django__django-11141,20250716_openhands_kimi_k2,20250716_openhands_kimi_k2,20250716_openhands_kimi_k2,1,step,80,80
20250716_openhands_kimi_k2/django__django-11149,django__django-11149,20250716_openhands_kimi_k2,20250716_openhands_kimi_k2,20250716_openhands_kimi_k2,1,step,99,99
20250716_openhands_kimi_k2/django__django-11239,django__django-11239,20250716_openhands_kimi_k2,20250716_openhands_kimi_k2,20250716_openhands_kimi_k2,1,step,54,54
20250716_openhands_kimi_k2/django__django-11265,django__django-11265,20250716_openhands_kimi_k2,20250716_openhands_kimi_k2,20250716_openhands_kimi_k2,1,step,74,74
20250716_openhands_kimi_k2/django__django-11400,django__django-11400,20250716_openhands_kimi_k2,20250716_openhands_kimi_k2,20250716_openhands_kimi_k2,1,step,59,59
20250716_openhands_kimi_k2/django__django-11433,django__django-11433,20250716_openhands_kimi_k2,20250716_openhands_kimi_k2,20250716_openhands_kimi_k2,1,step,61,61
20250716_openhands_kimi_k2/django__django-11477,django__django-11477,20250716_openhands_kimi_k2,20250716_openhands_kimi_k2,20250716_openhands_kimi_k2,1,step,50,50
20250716_openhands_kimi_k2/django__django-11490,django__django-11490,20250716_openhands_kimi_k2,20250716_openhands_kimi_k2,20250716_openhands_kimi_k2,1,step,85,85
20250716_openhands_kimi_k2/django__django-11532,django__django-11532,20250716_openhands_kimi_k2,20250716_openhands_kimi_k2,20250716_openhands_kimi_k2,1,step,37,37
20250716_openhands_kimi_k2/django__django-11728,django__django-11728,20250716_openhands_kimi_k2,20250716_openhands_kimi_k2,20250716_openhands_kimi_k2,1,step,50,50
20250716_openhands_kimi_k2/django__django-11734,django__django-11734,20250716_openhands_kimi_k2,20250716_openhands_kimi_k2,20250716_openhands_kimi_k2,1,step,99,99
20250716_openhands_kimi_k2/django__django-11790,django__django-11790,20250716_openhands_kimi_k2,20250716_openhands_kimi_k2,20250716_openhands_kimi_k2,1,step,37,37
20250716_openhands_kimi_k2/django__django-11820,django__django-11820,20250716_openhands_kimi_k2,20250716_openhands_kimi_k2,20250716_openhands_kimi_k2,1,step,57,57
20250716_openhands_kimi_k2/django__django-11848,django__django-11848,20250716_openhands_kimi_k2,20250716_openhands_kimi_k2,20250716_openhands_kimi_k2,1,step,45,45
20250716_openhands_kimi_k2/django__django-11885,django__django-11885,20250716_openhands_kimi_k2,20250716_openhands_kimi_k2,20250716_openhands_kimi_k2,1,step,82,82
20250716_openhands_kimi_k2/django__django-11964,django__django-11964,20250716_openhands_kimi_k2,20250716_openhands_kimi_k2,20250716_openhands_kimi_k2,1,step,83,83
20250716_openhands_kimi_k2/django__django-12039,django__django-12039,20250716_openhands_kimi_k2,20250716_openhands_kimi_k2,20250716_openhands_kimi_k2,1,step,52,52
20250716_openhands_kimi_k2/django__django-12273,django__django-12273,20250716_openhands_kimi_k2,20250716_openhands_kimi_k2,20250716_openhands_kimi_k2,1,step,95,95
20250716_openhands_kimi_k2/django__django-12308,django__django-12308,20250716_openhands_kimi_k2,20250716_openhands_kimi_k2,20250716_openhands_kimi_k2,1,step,60,60
20250716_openhands_kimi_k2/django__django-12325,django__django-12325,20250716_openhands_kimi_k2,20250716_openhands_kimi_k2,20250716_openhands_kimi_k2,1,step,72,72
20250716_openhands_kimi_k2/django__django-12406,django__django-12406,20250716_openhands_kimi_k2,20250716_openhands_kimi_k2,20250716_openhands_kimi_k2,1,step,60,60
20250716_openhands_kimi_k2/django__django-12663,django__django-12663,20250716_openhands_kimi_k2,20250716_openhands_kimi_k2,20250716_openhands_kimi_k2,1,step,70,70
20250716_openhands_kimi_k2/django__django-13195,django__django-13195,20250716_openhands_kimi_k2,20250716_openhands_kimi_k2,20250716_openhands_kimi_k2,1,step,69,69
20250716_openhands_kimi_k2/django__django-13212,django__django-13212,20250716_openhands_kimi_k2,20250716_openhands_kimi_k2,20250716_openhands_kimi_k2,1,step,72,72
20250716_openhands_kimi_k2/django__django-13297,django__django-13297,20250716_openhands_kimi_k2,20250716_openhands_kimi_k2,20250716_openhands_kimi_k2,1,step,42,42
20250716_openhands_kimi_k2/django__django-13315,django__django-13315,20250716_openhands_kimi_k2,20250716_openhands_kimi_k2,20250716_openhands_kimi_k2,1,step,99,99
20250716_openhands_kimi_k2/django__django-13344,django__django-13344,20250716_openhands_kimi_k2,20250716_openhands_kimi_k2,20250716_openhands_kimi_k2,1,step,67,67
20250716_openhands_kimi_k2/django__django-13512,django__django-13512,20250716_openhands_kimi_k2,20250716_openhands_kimi_k2,20250716_openhands_kimi_k2,1,step,41,41
20250716_openhands_kimi_k2/django__django-13513,django__django-13513,20250716_openhands_kimi_k2,20250716_openhands_kimi_k2,20250716_openhands_kimi_k2,1,step,27,27
20250716_openhands_kimi_k2/django__django-13551,django__django-13551,20250716_openhands_kimi_k2,20250716_openhands_kimi_k2,20250716_openhands_kimi_k2,1,step,42,42
20250716_openhands_kimi_k2/django__django-13568,django__django-13568,20250716_openhands_kimi_k2,20250716_openhands_kimi_k2,20250716_openhands_kimi_k2,1,step,72,72
20250716_openhands_kimi_k2/django__django-13794,django__django-13794,20250716_openhands_kimi_k2,20250716_openhands_kimi_k2,20250716_openhands_kimi_k2,1,step,71,71
20250716_openhands_kimi_k2/django__django-13925,django__django-13925,20250716_openhands_kimi_k2,20250716_openhands_kimi_k2,20250716_openhands_kimi_k2,1,step,84,84
20250716_openhands_kimi_k2/django__django-13964,django__django-13964,20250716_openhands_kimi_k2,20250716_openhands_kimi_k2,20250716_openhands_kimi_k2,1,step,69,69
20250716_openhands_kimi_k2/django__django-14011,django__django-14011,20250716_openhands_kimi_k2,20250716_openhands_kimi_k2,20250716_openhands_kimi_k2,1,step,66,66
20250716_openhands_kimi_k2/django__django-14034,django__django-14034,20250716_openhands_kimi_k2,20250716_openhands_kimi_k2,20250716_openhands_kimi_k2,1,step,30,30
20250716_openhands_kimi_k2/django__django-14053,django__django-14053,20250716_openhands_kimi_k2,20250716_openhands_kimi_k2,20250716_openhands_kimi_k2,1,step,56,56
20250716_openhands_kimi_k2/django__django-14140,django__django-14140,20250716_openhands_kimi_k2,20250716_openhands_kimi_k2,20250716_openhands_kimi_k2,1,step,28,28
20250716_openhands_kimi_k2/django__django-14155,django__django-14155,20250716_openhands_kimi_k2,20250716_openhands_kimi_k2,20250716_openhands_kimi_k2,1,step,44,44
20250716_openhands_kimi_k2/django__django-14170,django__django-14170,20250716_openhands_kimi_k2,20250716_openhands_kimi_k2,20250716_openhands_kimi_k2,1,step,70,70
20250716_openhands_kimi_k2/django__django-14315,django__django-14315,20250716_openhands_kimi_k2,20250716_openhands_kimi_k2,20250716_openhands_kimi_k2,1,step,51,51
20250716_openhands_kimi_k2/django__django-14534,django__django-14534,20250716_openhands_kimi_k2,20250716_openhands_kimi_k2,20250716_openhands_kimi_k2,1,step,48,48
20250716_openhands_kimi_k2/django__django-14725,django__django-14725,20250716_openhands_kimi_k2,20250716_openhands_kimi_k2,20250716_openhands_kimi_k2,1,step,51,51
20250716_openhands_kimi_k2/django__django-14792,django__django-14792,20250716_openhands_kimi_k2,20250716_openhands_kimi_k2,20250716_openhands_kimi_k2,1,step,58,58
20250716_openhands_kimi_k2/django__django-15098,django__django-15098,20250716_openhands_kimi_k2,20250716_openhands_kimi_k2,20250716_openhands_kimi_k2,1,step,66,66
20250716_openhands_kimi_k2/django__django-15161,django__django-15161,20250716_openhands_kimi_k2,20250716_openhands_kimi_k2,20250716_openhands_kimi_k2,1,step,91,91
20250716_openhands_kimi_k2/django__django-15252,django__django-15252,20250716_openhands_kimi_k2,20250716_openhands_kimi_k2,20250716_openhands_kimi_k2,1,step,90,90
20250716_openhands_kimi_k2/django__django-15268,django__django-15268,20250716_openhands_kimi_k2,20250716_openhands_kimi_k2,20250716_openhands_kimi_k2,1,step,50,50
20250716_openhands_kimi_k2/django__django-15280,django__django-15280,20250716_openhands_kimi_k2,20250716_openhands_kimi_k2,20250716_openhands_kimi_k2,1,step,99,99
20250716_openhands_kimi_k2/django__django-15375,django__django-15375,20250716_openhands_kimi_k2,20250716_openhands_kimi_k2,20250716_openhands_kimi_k2,1,step,85,85
20250716_openhands_kimi_k2/django__django-15503,django__django-15503,20250716_openhands_kimi_k2,20250716_openhands_kimi_k2,20250716_openhands_kimi_k2,1,step,67,67
20250716_openhands_kimi_k2/django__django-15554,django__django-15554,20250716_openhands_kimi_k2,20250716_openhands_kimi_k2,20250716_openhands_kimi_k2,1,step,99,99
20250716_openhands_kimi_k2/django__django-15563,django__django-15563,20250716_openhands_kimi_k2,20250716_openhands_kimi_k2,20250716_openhands_kimi_k2,1,step,74,74
20250716_openhands_kimi_k2/django__django-15629,django__django-15629,20250716_openhands_kimi_k2,20250716_openhands_kimi_k2,20250716_openhands_kimi_k2,1,step,71,71
20250716_openhands_kimi_k2/django__django-15695,django__django-15695,20250716_openhands_kimi_k2,20250716_openhands_kimi_k2,20250716_openhands_kimi_k2,1,step,53,53
20250716_openhands_kimi_k2/django__django-15732,django__django-15732,20250716_openhands_kimi_k2,20250716_openhands_kimi_k2,20250716_openhands_kimi_k2,1,step,53,53
20250716_openhands_kimi_k2/django__django-15916,django__django-15916,20250716_openhands_kimi_k2,20250716_openhands_kimi_k2,20250716_openhands_kimi_k2,1,step,47,47
20250716_openhands_kimi_k2/django__django-15957,django__django-15957,20250716_openhands_kimi_k2,20250716_openhands_kimi_k2,20250716_openhands_kimi_k2,1,step,54,54
20250716_openhands_kimi_k2/django__django-15973,django__django-15973,20250716_openhands_kimi_k2,20250716_openhands_kimi_k2,20250716_openhands_kimi_k2,1,step,67,67
20250716_openhands_kimi_k2/django__django-16100,django__django-16100,20250716_openhands_kimi_k2,20250716_openhands_kimi_k2,20250716_openhands_kimi_k2,1,step,46,46
20250716_openhands_kimi_k2/django__django-16256,django__django-16256,20250716_openhands_kimi_k2,20250716_openhands_kimi_k2,20250716_openhands_kimi_k2,1,step,64,64
20250716_openhands_kimi_k2/django__django-16263,django__django-16263,20250716_openhands_kimi_k2,20250716_openhands_kimi_k2,20250716_openhands_kimi_k2,1,step,85,85
20250716_openhands_kimi_k2/django__django-16315,django__django-16315,20250716_openhands_kimi_k2,20250716_openhands_kimi_k2,20250716_openhands_kimi_k2,1,step,75,75
20250716_openhands_kimi_k2/django__django-16454,django__django-16454,20250716_openhands_kimi_k2,20250716_openhands_kimi_k2,20250716_openhands_kimi_k2,1,step,43,43
20250716_openhands_kimi_k2/django__django-16502,django__django-16502,20250716_openhands_kimi_k2,20250716_openhands_kimi_k2,20250716_openhands_kimi_k2,1,step,84,84
20250716_openhands_kimi_k2/django__django-16631,django__django-16631,20250716_openhands_kimi_k2,20250716_openhands_kimi_k2,20250716_openhands_kimi_k2,1,step,68,68
20250716_openhands_kimi_k2/django__django-16667,django__django-16667,20250716_openhands_kimi_k2,20250716_openhands_kimi_k2,20250716_openhands_kimi_k2,1,step,34,34
20250716_openhands_kimi_k2/django__django-16877,django__django-16877,20250716_openhands_kimi_k2,20250716_openhands_kimi_k2,20250716_openhands_kimi_k2,1,step,37,37
20250716_openhands_kimi_k2/django__django-16950,django__django-16950,20250716_openhands_kimi_k2,20250716_openhands_kimi_k2,20250716_openhands_kimi_k2,1,step,98,98
20250716_openhands_kimi_k2/django__django-17084,django__django-17084,20250716_openhands_kimi_k2,20250716_openhands_kimi_k2,20250716_openhands_kimi_k2,1,step,99,99
20250716_openhands_kimi_k2/matplotlib__matplotlib-14623,matplotlib__matplotlib-14623,20250716_openhands_kimi_k2,20250716_openhands_kimi_k2,20250716_openhands_kimi_k2,1,step,82,82
20250716_openhands_kimi_k2/matplotlib__matplotlib-21568,matplotlib__matplotlib-21568,20250716_openhands_kimi_k2,20250716_openhands_kimi_k2,20250716_openhands_kimi_k2,1,step,79,79
20250716_openhands_kimi_k2/matplotlib__matplotlib-22871,matplotlib__matplotlib-22871,20250716_openhands_kimi_k2,20250716_openhands_kimi_k2,20250716_openhands_kimi_k2,1,step,63,63
20250716_openhands_kimi_k2/matplotlib__matplotlib-23299,matplotlib__matplotlib-23299,20250716_openhands_kimi_k2,20250716_openhands_kimi_k2,20250716_openhands_kimi_k2,1,step,72,72
20250716_openhands_kimi_k2/matplotlib__matplotlib-23476,matplotlib__matplotlib-23476,20250716_openhands_kimi_k2,20250716_openhands_kimi_k2,20250716_openhands_kimi_k2,1,step,80,80
20250716_openhands_kimi_k2/matplotlib__matplotlib-24177,matplotlib__matplotlib-24177,20250716_openhands_kimi_k2,20250716_openhands_kimi_k2,20250716_openhands_kimi_k2,1,step,80,80
20250716_openhands_kimi_k2/matplotlib__matplotlib-24870,matplotlib__matplotlib-24870,20250716_openhands_kimi_k2,20250716_openhands_kimi_k2,20250716_openhands_kimi_k2,1,step,79,79
20250716_openhands_kimi_k2/matplotlib__matplotlib-25311,matplotlib__matplotlib-25311,20250716_openhands_kimi_k2,20250716_openhands_kimi_k2,20250716_openhands_kimi_k2,1,step,68,68
20250716_openhands_kimi_k2/matplotlib__matplotlib-25332,matplotlib__matplotlib-25332,20250716_openhands_kimi_k2,20250716_openhands_kimi_k2,20250716_openhands_kimi_k2,1,step,58,58
20250716_openhands_kimi_k2/matplotlib__matplotlib-25479,matplotlib__matplotlib-25479,20250716_openhands_kimi_k2,20250716_openhands_kimi_k2,20250716_openhands_kimi_k2,1,step,76,76
20250716_openhands_kimi_k2/matplotlib__matplotlib-25775,matplotlib__matplotlib-25775,20250716_openhands_kimi_k2,20250716_openhands_kimi_k2,20250716_openhands_kimi_k2,1,step,91,91
20250716_openhands_kimi_k2/matplotlib__matplotlib-25960,matplotlib__matplotlib-25960,20250716_openhands_kimi_k2,20250716_openhands_kimi_k2,20250716_openhands_kimi_k2,1,step,73,73
20250716_openhands_kimi_k2/matplotlib__matplotlib-26208,matplotlib__matplotlib-26208,20250716_openhands_kimi_k2,20250716_openhands_kimi_k2,20250716_openhands_kimi_k2,1,step,99,99
20250716_openhands_kimi_k2/matplotlib__matplotlib-26466,matplotlib__matplotlib-26466,20250716_openhands_kimi_k2,20250716_openhands_kimi_k2,20250716_openhands_kimi_k2,1,step,69,69
20250716_openhands_kimi_k2/mwaskom__seaborn-3187,mwaskom__seaborn-3187,20250716_openhands_kimi_k2,20250716_openhands_kimi_k2,20250716_openhands_kimi_k2,1,step,55,55
20250716_openhands_kimi_k2/psf__requests-1142,psf__requests-1142,20250716_openhands_kimi_k2,20250716_openhands_kimi_k2,20250716_openhands_kimi_k2,1,step,63,63
20250716_openhands_kimi_k2/psf__requests-1724,psf__requests-1724,20250716_openhands_kimi_k2,20250716_openhands_kimi_k2,20250716_openhands_kimi_k2,1,step,56,56
20250716_openhands_kimi_k2/psf__requests-1766,psf__requests-1766,20250716_openhands_kimi_k2,20250716_openhands_kimi_k2,20250716_openhands_kimi_k2,1,step,34,34
20250716_openhands_kimi_k2/psf__requests-1921,psf__requests-1921,20250716_openhands_kimi_k2,20250716_openhands_kimi_k2,20250716_openhands_kimi_k2,1,step,35,35
20250716_openhands_kimi_k2/psf__requests-2317,psf__requests-2317,20250716_openhands_kimi_k2,20250716_openhands_kimi_k2,20250716_openhands_kimi_k2,1,step,71,71
20250716_openhands_kimi_k2/psf__requests-6028,psf__requests-6028,20250716_openhands_kimi_k2,20250716_openhands_kimi_k2,20250716_openhands_kimi_k2,1,step,59,59
20250716_openhands_kimi_k2/pydata__xarray-4695,pydata__xarray-4695,20250716_openhands_kimi_k2,20250716_openhands_kimi_k2,20250716_openhands_kimi_k2,1,step,86,86
20250716_openhands_kimi_k2/pydata__xarray-6599,pydata__xarray-6599,20250716_openhands_kimi_k2,20250716_openhands_kimi_k2,20250716_openhands_kimi_k2,1,step,56,56
20250716_openhands_kimi_k2/pydata__xarray-6721,pydata__xarray-6721,20250716_openhands_kimi_k2,20250716_openhands_kimi_k2,20250716_openhands_kimi_k2,1,step,56,56
20250716_openhands_kimi_k2/pydata__xarray-6744,pydata__xarray-6744,20250716_openhands_kimi_k2,20250716_openhands_kimi_k2,20250716_openhands_kimi_k2,1,step,73,73
20250716_openhands_kimi_k2/pydata__xarray-6938,pydata__xarray-6938,20250716_openhands_kimi_k2,20250716_openhands_kimi_k2,20250716_openhands_kimi_k2,1,step,95,95
20250716_openhands_kimi_k2/pydata__xarray-6992,pydata__xarray-6992,20250716_openhands_kimi_k2,20250716_openhands_kimi_k2,20250716_openhands_kimi_k2,1,step,38,38
20250716_openhands_kimi_k2/pydata__xarray-7229,pydata__xarray-7229,20250716_openhands_kimi_k2,20250716_openhands_kimi_k2,20250716_openhands_kimi_k2,1,step,61,61
20250716_openhands_kimi_k2/pylint-dev__pylint-4551,pylint-dev__pylint-4551,20250716_openhands_kimi_k2,20250716_openhands_kimi_k2,20250716_openhands_kimi_k2,1,step,81,81
20250716_openhands_kimi_k2/pylint-dev__pylint-4604,pylint-dev__pylint-4604,20250716_openhands_kimi_k2,20250716_openhands_kimi_k2,20250716_openhands_kimi_k2,1,step,46,46
20250716_openhands_kimi_k2/pylint-dev__pylint-4661,pylint-dev__pylint-4661,20250716_openhands_kimi_k2,20250716_openhands_kimi_k2,20250716_openhands_kimi_k2,1,step,32,32
20250716_openhands_kimi_k2/pylint-dev__pylint-4970,pylint-dev__pylint-4970,20250716_openhands_kimi_k2,20250716_openhands_kimi_k2,20250716_openhands_kimi_k2,1,step,57,57
20250716_openhands_kimi_k2/pylint-dev__pylint-6386,pylint-dev__pylint-6386,20250716_openhands_kimi_k2,20250716_openhands_kimi_k2,20250716_openhands_kimi_k2,1,step,65,65
20250716_openhands_kimi_k2/pylint-dev__pylint-7080,pylint-dev__pylint-7080,20250716_openhands_kimi_k2,20250716_openhands_kimi_k2,20250716_openhands_kimi_k2,1,step,99,99
20250716_openhands_kimi_k2/pylint-dev__pylint-8898,pylint-dev__pylint-8898,20250716_openhands_kimi_k2,20250716_openhands_kimi_k2,20250716_openhands_kimi_k2,1,step,65,65
20250716_openhands_kimi_k2/pytest-dev__pytest-10051,pytest-dev__pytest-10051,20250716_openhands_kimi_k2,20250716_openhands_kimi_k2,20250716_openhands_kimi_k2,1,step,99,99
20250716_openhands_kimi_k2/pytest-dev__pytest-10356,pytest-dev__pytest-10356,20250716_openhands_kimi_k2,20250716_openhands_kimi_k2,20250716_openhands_kimi_k2,1,step,88,88
20250716_openhands_kimi_k2/pytest-dev__pytest-5787,pytest-dev__pytest-5787,20250716_openhands_kimi_k2,20250716_openhands_kimi_k2,20250716_openhands_kimi_k2,1,step,58,58
20250716_openhands_kimi_k2/pytest-dev__pytest-5840,pytest-dev__pytest-5840,20250716_openhands_kimi_k2,20250716_openhands_kimi_k2,20250716_openhands_kimi_k2,1,step,50,50
20250716_openhands_kimi_k2/pytest-dev__pytest-6197,pytest-dev__pytest-6197,20250716_openhands_kimi_k2,20250716_openhands_kimi_k2,20250716_openhands_kimi_k2,1,step,99,99
20250716_openhands_kimi_k2/pytest-dev__pytest-7205,pytest-dev__pytest-7205,20250716_openhands_kimi_k2,20250716_openhands_kimi_k2,20250716_openhands_kimi_k2,1,step,45,45
20250716_openhands_kimi_k2/pytest-dev__pytest-7490,pytest-dev__pytest-7490,20250716_openhands_kimi_k2,20250716_openhands_kimi_k2,20250716_openhands_kimi_k2,1,step,81,81
20250716_openhands_kimi_k2/scikit-learn__scikit-learn-13124,scikit-learn__scikit-learn-13124,20250716_openhands_kimi_k2,20250716_openhands_kimi_k2,20250716_openhands_kimi_k2,1,step,55,55
20250716_openhands_kimi_k2/scikit-learn__scikit-learn-14087,scikit-learn__scikit-learn-14087,20250716_openhands_kimi_k2,20250716_openhands_kimi_k2,20250716_openhands_kimi_k2,1,step,99,99
20250716_openhands_kimi_k2/scikit-learn__scikit-learn-14629,scikit-learn__scikit-learn-14629,20250716_openhands_kimi_k2,20250716_openhands_kimi_k2,20250716_openhands_kimi_k2,1,step,43,43
20250716_openhands_kimi_k2/scikit-learn__scikit-learn-14983,scikit-learn__scikit-learn-14983,20250716_openhands_kimi_k2,20250716_openhands_kimi_k2,20250716_openhands_kimi_k2,1,step,60,60
20250716_openhands_kimi_k2/scikit-learn__scikit-learn-25102,scikit-learn__scikit-learn-25102,20250716_openhands_kimi_k2,20250716_openhands_kimi_k2,20250716_openhands_kimi_k2,1,step,63,63
20250716_openhands_kimi_k2/scikit-learn__scikit-learn-26194,scikit-learn__scikit-learn-26194,20250716_openhands_kimi_k2,20250716_openhands_kimi_k2,20250716_openhands_kimi_k2,1,step,35,35
20250716_openhands_kimi_k2/sphinx-doc__sphinx-10435,sphinx-doc__sphinx-10435,20250716_openhands_kimi_k2,20250716_openhands_kimi_k2,20250716_openhands_kimi_k2,1,step,48,48
20250716_openhands_kimi_k2/sphinx-doc__sphinx-10449,sphinx-doc__sphinx-10449,20250716_openhands_kimi_k2,20250716_openhands_kimi_k2,20250716_openhands_kimi_k2,1,step,75,75
20250716_openhands_kimi_k2/sphinx-doc__sphinx-10614,sphinx-doc__sphinx-10614,20250716_openhands_kimi_k2,20250716_openhands_kimi_k2,20250716_openhands_kimi_k2,1,step,99,99
20250716_openhands_kimi_k2/sphinx-doc__sphinx-11510,sphinx-doc__sphinx-11510,20250716_openhands_kimi_k2,20250716_openhands_kimi_k2,20250716_openhands_kimi_k2,1,step,77,77
20250716_openhands_kimi_k2/sphinx-doc__sphinx-7454,sphinx-doc__sphinx-7454,20250716_openhands_kimi_k2,20250716_openhands_kimi_k2,20250716_openhands_kimi_k2,1,step,78,78
20250716_openhands_kimi_k2/sphinx-doc__sphinx-7462,sphinx-doc__sphinx-7462,20250716_openhands_kimi_k2,20250716_openhands_kimi_k2,20250716_openhands_kimi_k2,1,step,38,38
20250716_openhands_kimi_k2/sphinx-doc__sphinx-7590,sphinx-doc__sphinx-7590,20250716_openhands_kimi_k2,20250716_openhands_kimi_k2,20250716_openhands_kimi_k2,1,step,65,65
20250716_openhands_kimi_k2/sphinx-doc__sphinx-7748,sphinx-doc__sphinx-7748,20250716_openhands_kimi_k2,20250716_openhands_kimi_k2,20250716_openhands_kimi_k2,1,step,74,74
20250716_openhands_kimi_k2/sphinx-doc__sphinx-7985,sphinx-doc__sphinx-7985,20250716_openhands_kimi_k2,20250716_openhands_kimi_k2,20250716_openhands_kimi_k2,1,step,70,70
20250716_openhands_kimi_k2/sphinx-doc__sphinx-8056,sphinx-doc__sphinx-8056,20250716_openhands_kimi_k2,20250716_openhands_kimi_k2,20250716_openhands_kimi_k2,1,step,94,94
20250716_openhands_kimi_k2/sphinx-doc__sphinx-8265,sphinx-doc__sphinx-8265,20250716_openhands_kimi_k2,20250716_openhands_kimi_k2,20250716_openhands_kimi_k2,1,step,99,99
20250716_openhands_kimi_k2/sphinx-doc__sphinx-8621,sphinx-doc__sphinx-8621,20250716_openhands_kimi_k2,20250716_openhands_kimi_k2,20250716_openhands_kimi_k2,1,step,43,43
20250716_openhands_kimi_k2/sphinx-doc__sphinx-8638,sphinx-doc__sphinx-8638,20250716_openhands_kimi_k2,20250716_openhands_kimi_k2,20250716_openhands_kimi_k2,1,step,71,71
20250716_openhands_kimi_k2/sphinx-doc__sphinx-9229,sphinx-doc__sphinx-9229,20250716_openhands_kimi_k2,20250716_openhands_kimi_k2,20250716_openhands_kimi_k2,1,step,97,97
20250716_openhands_kimi_k2/sphinx-doc__sphinx-9258,sphinx-doc__sphinx-9258,20250716_openhands_kimi_k2,20250716_openhands_kimi_k2,20250716_openhands_kimi_k2,1,step,82,82
20250716_openhands_kimi_k2/sphinx-doc__sphinx-9461,sphinx-doc__sphinx-9461,20250716_openhands_kimi_k2,20250716_openhands_kimi_k2,20250716_openhands_kimi_k2,1,step,93,93
20250716_openhands_kimi_k2/sphinx-doc__sphinx-9591,sphinx-doc__sphinx-9591,20250716_openhands_kimi_k2,20250716_openhands_kimi_k2,20250716_openhands_kimi_k2,1,step,96,96
20250716_openhands_kimi_k2/sphinx-doc__sphinx-9602,sphinx-doc__sphinx-9602,20250716_openhands_kimi_k2,20250716_openhands_kimi_k2,20250716_openhands_kimi_k2,1,step,99,99
20250716_openhands_kimi_k2/sympy__sympy-12489,sympy__sympy-12489,20250716_openhands_kimi_k2,20250716_openhands_kimi_k2,20250716_openhands_kimi_k2,1,step,77,77
20250716_openhands_kimi_k2/sympy__sympy-13031,sympy__sympy-13031,20250716_openhands_kimi_k2,20250716_openhands_kimi_k2,20250716_openhands_kimi_k2,1,step,70,70
20250716_openhands_kimi_k2/sympy__sympy-13798,sympy__sympy-13798,20250716_openhands_kimi_k2,20250716_openhands_kimi_k2,20250716_openhands_kimi_k2,1,step,40,40
20250716_openhands_kimi_k2/sympy__sympy-13852,sympy__sympy-13852,20250716_openhands_kimi_k2,20250716_openhands_kimi_k2,20250716_openhands_kimi_k2,1,step,40,40
20250716_openhands_kimi_k2/sympy__sympy-13974,sympy__sympy-13974,20250716_openhands_kimi_k2,20250716_openhands_kimi_k2,20250716_openhands_kimi_k2,1,step,41,41
20250716_openhands_kimi_k2/sympy__sympy-14248,sympy__sympy-14248,20250716_openhands_kimi_k2,20250716_openhands_kimi_k2,20250716_openhands_kimi_k2,1,step,69,69
20250716_openhands_kimi_k2/sympy__sympy-15599,sympy__sympy-15599,20250716_openhands_kimi_k2,20250716_openhands_kimi_k2,20250716_openhands_kimi_k2,1,step,60,60
20250716_openhands_kimi_k2/sympy__sympy-15976,sympy__sympy-15976,20250716_openhands_kimi_k2,20250716_openhands_kimi_k2,20250716_openhands_kimi_k2,1,step,39,39
20250716_openhands_kimi_k2/sympy__sympy-16597,sympy__sympy-16597,20250716_openhands_kimi_k2,20250716_openhands_kimi_k2,20250716_openhands_kimi_k2,1,step,40,40
20250716_openhands_kimi_k2/sympy__sympy-17318,sympy__sympy-17318,20250716_openhands_kimi_k2,20250716_openhands_kimi_k2,20250716_openhands_kimi_k2,1,step,44,44
20250716_openhands_kimi_k2/sympy__sympy-17630,sympy__sympy-17630,20250716_openhands_kimi_k2,20250716_openhands_kimi_k2,20250716_openhands_kimi_k2,1,step,57,57
20250716_openhands_kimi_k2/sympy__sympy-18199,sympy__sympy-18199,20250716_openhands_kimi_k2,20250716_openhands_kimi_k2,20250716_openhands_kimi_k2,1,step,44,44
20250716_openhands_kimi_k2/sympy__sympy-18763,sympy__sympy-18763,20250716_openhands_kimi_k2,20250716_openhands_kimi_k2,20250716_openhands_kimi_k2,1,step,66,66
20250716_openhands_kimi_k2/sympy__sympy-19040,sympy__sympy-19040,20250716_openhands_kimi_k2,20250716_openhands_kimi_k2,20250716_openhands_kimi_k2,1,step,99,99
20250716_openhands_kimi_k2/sympy__sympy-20428,sympy__sympy-20428,20250716_openhands_kimi_k2,20250716_openhands_kimi_k2,20250716_openhands_kimi_k2,1,step,53,53
20250716_openhands_kimi_k2/sympy__sympy-20438,sympy__sympy-20438,20250716_openhands_kimi_k2,20250716_openhands_kimi_k2,20250716_openhands_kimi_k2,1,step,48,48
20250716_openhands_kimi_k2/sympy__sympy-20916,sympy__sympy-20916,20250716_openhands_kimi_k2,20250716_openhands_kimi_k2,20250716_openhands_kimi_k2,1,step,64,64
20250716_openhands_kimi_k2/sympy__sympy-21596,sympy__sympy-21596,20250716_openhands_kimi_k2,20250716_openhands_kimi_k2,20250716_openhands_kimi_k2,1,step,43,43
20250716_openhands_kimi_k2/sympy__sympy-21612,sympy__sympy-21612,20250716_openhands_kimi_k2,20250716_openhands_kimi_k2,20250716_openhands_kimi_k2,1,step,85,85
20250716_openhands_kimi_k2/sympy__sympy-21930,sympy__sympy-21930,20250716_openhands_kimi_k2,20250716_openhands_kimi_k2,20250716_openhands_kimi_k2,1,step,49,49
20250716_openhands_kimi_k2/sympy__sympy-22080,sympy__sympy-22080,20250716_openhands_kimi_k2,20250716_openhands_kimi_k2,20250716_openhands_kimi_k2,1,step,64,64
20250716_openhands_kimi_k2/sympy__sympy-23413,sympy__sympy-23413,20250716_openhands_kimi_k2,20250716_openhands_kimi_k2,20250716_openhands_kimi_k2,1,step,84,84
20250716_openhands_kimi_k2/astropy__astropy-12907,astropy__astropy-12907,20250716_openhands_kimi_k2,20250716_openhands_kimi_k2,20250716_openhands_kimi_k2,0,step,40,40
20250716_openhands_kimi_k2/astropy__astropy-13453,astropy__astropy-13453,20250716_openhands_kimi_k2,20250716_openhands_kimi_k2,20250716_openhands_kimi_k2,0,step,50,50
20250716_openhands_kimi_k2/astropy__astropy-13579,astropy__astropy-13579,20250716_openhands_kimi_k2,20250716_openhands_kimi_k2,20250716_openhands_kimi_k2,0,step,52,52
20250716_openhands_kimi_k2/astropy__astropy-14096,astropy__astropy-14096,20250716_openhands_kimi_k2,20250716_openhands_kimi_k2,20250716_openhands_kimi_k2,0,step,34,34
20250716_openhands_kimi_k2/astropy__astropy-14309,astropy__astropy-14309,20250716_openhands_kimi_k2,20250716_openhands_kimi_k2,20250716_openhands_kimi_k2,0,step,31,31
20250716_openhands_kimi_k2/astropy__astropy-14508,astropy__astropy-14508,20250716_openhands_kimi_k2,20250716_openhands_kimi_k2,20250716_openhands_kimi_k2,0,step,47,47
20250716_openhands_kimi_k2/astropy__astropy-14539,astropy__astropy-14539,20250716_openhands_kimi_k2,20250716_openhands_kimi_k2,20250716_openhands_kimi_k2,0,step,70,70
20250716_openhands_kimi_k2/astropy__astropy-14995,astropy__astropy-14995,20250716_openhands_kimi_k2,20250716_openhands_kimi_k2,20250716_openhands_kimi_k2,0,step,29,29
20250716_openhands_kimi_k2/astropy__astropy-7166,astropy__astropy-7166,20250716_openhands_kimi_k2,20250716_openhands_kimi_k2,20250716_openhands_kimi_k2,0,step,36,36
20250716_openhands_kimi_k2/astropy__astropy-7336,astropy__astropy-7336,20250716_openhands_kimi_k2,20250716_openhands_kimi_k2,20250716_openhands_kimi_k2,0,step,32,32
20250716_openhands_kimi_k2/astropy__astropy-7671,astropy__astropy-7671,20250716_openhands_kimi_k2,20250716_openhands_kimi_k2,20250716_openhands_kimi_k2,0,step,39,39
20250716_openhands_kimi_k2/django__django-10097,django__django-10097,20250716_openhands_kimi_k2,20250716_openhands_kimi_k2,20250716_openhands_kimi_k2,0,step,40,40
20250716_openhands_kimi_k2/django__django-10880,django__django-10880,20250716_openhands_kimi_k2,20250716_openhands_kimi_k2,20250716_openhands_kimi_k2,0,step,42,42
20250716_openhands_kimi_k2/django__django-10914,django__django-10914,20250716_openhands_kimi_k2,20250716_openhands_kimi_k2,20250716_openhands_kimi_k2,0,step,50,50
20250716_openhands_kimi_k2/django__django-10973,django__django-10973,20250716_openhands_kimi_k2,20250716_openhands_kimi_k2,20250716_openhands_kimi_k2,0,step,39,39
20250716_openhands_kimi_k2/django__django-11066,django__django-11066,20250716_openhands_kimi_k2,20250716_openhands_kimi_k2,20250716_openhands_kimi_k2,0,step,34,34
20250716_openhands_kimi_k2/django__django-11095,django__django-11095,20250716_openhands_kimi_k2,20250716_openhands_kimi_k2,20250716_openhands_kimi_k2,0,step,55,55
20250716_openhands_kimi_k2/django__django-11099,django__django-11099,20250716_openhands_kimi_k2,20250716_openhands_kimi_k2,20250716_openhands_kimi_k2,0,step,33,33
20250716_openhands_kimi_k2/django__django-11119,django__django-11119,20250716_openhands_kimi_k2,20250716_openhands_kimi_k2,20250716_openhands_kimi_k2,0,step,42,42
20250716_openhands_kimi_k2/django__django-11133,django__django-11133,20250716_openhands_kimi_k2,20250716_openhands_kimi_k2,20250716_openhands_kimi_k2,0,step,51,51
20250716_openhands_kimi_k2/django__django-11163,django__django-11163,20250716_openhands_kimi_k2,20250716_openhands_kimi_k2,20250716_openhands_kimi_k2,0,step,42,42
20250716_openhands_kimi_k2/django__django-11179,django__django-11179,20250716_openhands_kimi_k2,20250716_openhands_kimi_k2,20250716_openhands_kimi_k2,0,step,72,72
20250716_openhands_kimi_k2/django__django-11206,django__django-11206,20250716_openhands_kimi_k2,20250716_openhands_kimi_k2,20250716_openhands_kimi_k2,0,step,41,41
20250716_openhands_kimi_k2/django__django-11211,django__django-11211,20250716_openhands_kimi_k2,20250716_openhands_kimi_k2,20250716_openhands_kimi_k2,0,step,63,63
20250716_openhands_kimi_k2/django__django-11276,django__django-11276,20250716_openhands_kimi_k2,20250716_openhands_kimi_k2,20250716_openhands_kimi_k2,0,step,82,82
20250716_openhands_kimi_k2/django__django-11292,django__django-11292,20250716_openhands_kimi_k2,20250716_openhands_kimi_k2,20250716_openhands_kimi_k2,0,step,46,46
20250716_openhands_kimi_k2/django__django-11299,django__django-11299,20250716_openhands_kimi_k2,20250716_openhands_kimi_k2,20250716_openhands_kimi_k2,0,step,81,81
20250716_openhands_kimi_k2/django__django-11333,django__django-11333,20250716_openhands_kimi_k2,20250716_openhands_kimi_k2,20250716_openhands_kimi_k2,0,step,47,47
20250716_openhands_kimi_k2/django__django-11451,django__django-11451,20250716_openhands_kimi_k2,20250716_openhands_kimi_k2,20250716_openhands_kimi_k2,0,step,44,44
20250716_openhands_kimi_k2/django__django-11551,django__django-11551,20250716_openhands_kimi_k2,20250716_openhands_kimi_k2,20250716_openhands_kimi_k2,0,step,42,42
20250716_openhands_kimi_k2/django__django-11555,django__django-11555,20250716_openhands_kimi_k2,20250716_openhands_kimi_k2,20250716_openhands_kimi_k2,0,step,80,80
20250716_openhands_kimi_k2/django__django-11603,django__django-11603,20250716_openhands_kimi_k2,20250716_openhands_kimi_k2,20250716_openhands_kimi_k2,0,step,42,42
20250716_openhands_kimi_k2/django__django-11740,django__django-11740,20250716_openhands_kimi_k2,20250716_openhands_kimi_k2,20250716_openhands_kimi_k2,0,step,67,67
20250716_openhands_kimi_k2/django__django-11749,django__django-11749,20250716_openhands_kimi_k2,20250716_openhands_kimi_k2,20250716_openhands_kimi_k2,0,step,48,48
20250716_openhands_kimi_k2/django__django-11815,django__django-11815,20250716_openhands_kimi_k2,20250716_openhands_kimi_k2,20250716_openhands_kimi_k2,0,step,46,46
20250716_openhands_kimi_k2/django__django-11880,django__django-11880,20250716_openhands_kimi_k2,20250716_openhands_kimi_k2,20250716_openhands_kimi_k2,0,step,35,35
20250716_openhands_kimi_k2/django__django-11951,django__django-11951,20250716_openhands_kimi_k2,20250716_openhands_kimi_k2,20250716_openhands_kimi_k2,0,step,46,46
20250716_openhands_kimi_k2/django__django-11999,django__django-11999,20250716_openhands_kimi_k2,20250716_openhands_kimi_k2,20250716_openhands_kimi_k2,0,step,56,56
20250716_openhands_kimi_k2/django__django-12050,django__django-12050,20250716_openhands_kimi_k2,20250716_openhands_kimi_k2,20250716_openhands_kimi_k2,0,step,40,40
20250716_openhands_kimi_k2/django__django-12125,django__django-12125,20250716_openhands_kimi_k2,20250716_openhands_kimi_k2,20250716_openhands_kimi_k2,0,step,43,43
20250716_openhands_kimi_k2/django__django-12143,django__django-12143,20250716_openhands_kimi_k2,20250716_openhands_kimi_k2,20250716_openhands_kimi_k2,0,step,48,48
20250716_openhands_kimi_k2/django__django-12155,django__django-12155,20250716_openhands_kimi_k2,20250716_openhands_kimi_k2,20250716_openhands_kimi_k2,0,step,46,46
20250716_openhands_kimi_k2/django__django-12193,django__django-12193,20250716_openhands_kimi_k2,20250716_openhands_kimi_k2,20250716_openhands_kimi_k2,0,step,48,48
20250716_openhands_kimi_k2/django__django-12209,django__django-12209,20250716_openhands_kimi_k2,20250716_openhands_kimi_k2,20250716_openhands_kimi_k2,0,step,56,56
20250716_openhands_kimi_k2/django__django-12262,django__django-12262,20250716_openhands_kimi_k2,20250716_openhands_kimi_k2,20250716_openhands_kimi_k2,0,step,45,45
20250716_openhands_kimi_k2/django__django-12276,django__django-12276,20250716_openhands_kimi_k2,20250716_openhands_kimi_k2,20250716_openhands_kimi_k2,0,step,34,34
20250716_openhands_kimi_k2/django__django-12304,django__django-12304,20250716_openhands_kimi_k2,20250716_openhands_kimi_k2,20250716_openhands_kimi_k2,0,step,56,56
20250716_openhands_kimi_k2/django__django-12419,django__django-12419,20250716_openhands_kimi_k2,20250716_openhands_kimi_k2,20250716_openhands_kimi_k2,0,step,38,38
20250716_openhands_kimi_k2/django__django-12708,django__django-12708,20250716_openhands_kimi_k2,20250716_openhands_kimi_k2,20250716_openhands_kimi_k2,0,step,49,49
20250716_openhands_kimi_k2/django__django-12713,django__django-12713,20250716_openhands_kimi_k2,20250716_openhands_kimi_k2,20250716_openhands_kimi_k2,0,step,38,38
20250716_openhands_kimi_k2/django__django-12741,django__django-12741,20250716_openhands_kimi_k2,20250716_openhands_kimi_k2,20250716_openhands_kimi_k2,0,step,70,70
20250716_openhands_kimi_k2/django__django-12754,django__django-12754,20250716_openhands_kimi_k2,20250716_openhands_kimi_k2,20250716_openhands_kimi_k2,0,step,67,67
20250716_openhands_kimi_k2/django__django-12774,django__django-12774,20250716_openhands_kimi_k2,20250716_openhands_kimi_k2,20250716_openhands_kimi_k2,0,step,47,47
20250716_openhands_kimi_k2/django__django-12858,django__django-12858,20250716_openhands_kimi_k2,20250716_openhands_kimi_k2,20250716_openhands_kimi_k2,0,step,57,57
20250716_openhands_kimi_k2/django__django-12965,django__django-12965,20250716_openhands_kimi_k2,20250716_openhands_kimi_k2,20250716_openhands_kimi_k2,0,step,79,79
20250716_openhands_kimi_k2/django__django-13012,django__django-13012,20250716_openhands_kimi_k2,20250716_openhands_kimi_k2,20250716_openhands_kimi_k2,0,step,45,45
20250716_openhands_kimi_k2/django__django-13023,django__django-13023,20250716_openhands_kimi_k2,20250716_openhands_kimi_k2,20250716_openhands_kimi_k2,0,step,44,44
20250716_openhands_kimi_k2/django__django-13028,django__django-13028,20250716_openhands_kimi_k2,20250716_openhands_kimi_k2,20250716_openhands_kimi_k2,0,step,51,51
20250716_openhands_kimi_k2/django__django-13033,django__django-13033,20250716_openhands_kimi_k2,20250716_openhands_kimi_k2,20250716_openhands_kimi_k2,0,step,63,63
20250716_openhands_kimi_k2/django__django-13089,django__django-13089,20250716_openhands_kimi_k2,20250716_openhands_kimi_k2,20250716_openhands_kimi_k2,0,step,43,43
20250716_openhands_kimi_k2/django__django-13109,django__django-13109,20250716_openhands_kimi_k2,20250716_openhands_kimi_k2,20250716_openhands_kimi_k2,0,step,55,55
20250716_openhands_kimi_k2/django__django-13112,django__django-13112,20250716_openhands_kimi_k2,20250716_openhands_kimi_k2,20250716_openhands_kimi_k2,0,step,99,99
20250716_openhands_kimi_k2/django__django-13121,django__django-13121,20250716_openhands_kimi_k2,20250716_openhands_kimi_k2,20250716_openhands_kimi_k2,0,step,61,61
20250716_openhands_kimi_k2/django__django-13128,django__django-13128,20250716_openhands_kimi_k2,20250716_openhands_kimi_k2,20250716_openhands_kimi_k2,0,step,55,55
20250716_openhands_kimi_k2/django__django-13158,django__django-13158,20250716_openhands_kimi_k2,20250716_openhands_kimi_k2,20250716_openhands_kimi_k2,0,step,79,79
20250716_openhands_kimi_k2/django__django-13279,django__django-13279,20250716_openhands_kimi_k2,20250716_openhands_kimi_k2,20250716_openhands_kimi_k2,0,step,47,47
20250716_openhands_kimi_k2/django__django-13343,django__django-13343,20250716_openhands_kimi_k2,20250716_openhands_kimi_k2,20250716_openhands_kimi_k2,0,step,51,51
20250716_openhands_kimi_k2/django__django-13346,django__django-13346,20250716_openhands_kimi_k2,20250716_openhands_kimi_k2,20250716_openhands_kimi_k2,0,step,72,72
20250716_openhands_kimi_k2/django__django-13363,django__django-13363,20250716_openhands_kimi_k2,20250716_openhands_kimi_k2,20250716_openhands_kimi_k2,0,step,44,44
20250716_openhands_kimi_k2/django__django-13401,django__django-13401,20250716_openhands_kimi_k2,20250716_openhands_kimi_k2,20250716_openhands_kimi_k2,0,step,41,41
20250716_openhands_kimi_k2/django__django-13406,django__django-13406,20250716_openhands_kimi_k2,20250716_openhands_kimi_k2,20250716_openhands_kimi_k2,0,step,98,98
20250716_openhands_kimi_k2/django__django-13410,django__django-13410,20250716_openhands_kimi_k2,20250716_openhands_kimi_k2,20250716_openhands_kimi_k2,0,step,35,35
20250716_openhands_kimi_k2/django__django-13417,django__django-13417,20250716_openhands_kimi_k2,20250716_openhands_kimi_k2,20250716_openhands_kimi_k2,0,step,65,65
20250716_openhands_kimi_k2/django__django-13449,django__django-13449,20250716_openhands_kimi_k2,20250716_openhands_kimi_k2,20250716_openhands_kimi_k2,0,step,48,48
20250716_openhands_kimi_k2/django__django-13516,django__django-13516,20250716_openhands_kimi_k2,20250716_openhands_kimi_k2,20250716_openhands_kimi_k2,0,step,50,50
20250716_openhands_kimi_k2/django__django-13569,django__django-13569,20250716_openhands_kimi_k2,20250716_openhands_kimi_k2,20250716_openhands_kimi_k2,0,step,77,77
20250716_openhands_kimi_k2/django__django-13590,django__django-13590,20250716_openhands_kimi_k2,20250716_openhands_kimi_k2,20250716_openhands_kimi_k2,0,step,53,53
20250716_openhands_kimi_k2/django__django-13658,django__django-13658,20250716_openhands_kimi_k2,20250716_openhands_kimi_k2,20250716_openhands_kimi_k2,0,step,29,29
20250716_openhands_kimi_k2/django__django-13670,django__django-13670,20250716_openhands_kimi_k2,20250716_openhands_kimi_k2,20250716_openhands_kimi_k2,0,step,27,27
20250716_openhands_kimi_k2/django__django-13741,django__django-13741,20250716_openhands_kimi_k2,20250716_openhands_kimi_k2,20250716_openhands_kimi_k2,0,step,63,63
20250716_openhands_kimi_k2/django__django-13786,django__django-13786,20250716_openhands_kimi_k2,20250716_openhands_kimi_k2,20250716_openhands_kimi_k2,0,step,35,35
20250716_openhands_kimi_k2/django__django-13807,django__django-13807,20250716_openhands_kimi_k2,20250716_openhands_kimi_k2,20250716_openhands_kimi_k2,0,step,77,77
20250716_openhands_kimi_k2/django__django-13809,django__django-13809,20250716_openhands_kimi_k2,20250716_openhands_kimi_k2,20250716_openhands_kimi_k2,0,step,42,42
20250716_openhands_kimi_k2/django__django-13810,django__django-13810,20250716_openhands_kimi_k2,20250716_openhands_kimi_k2,20250716_openhands_kimi_k2,0,step,64,64
20250716_openhands_kimi_k2/django__django-13820,django__django-13820,20250716_openhands_kimi_k2,20250716_openhands_kimi_k2,20250716_openhands_kimi_k2,0,step,48,48
20250716_openhands_kimi_k2/django__django-13821,django__django-13821,20250716_openhands_kimi_k2,20250716_openhands_kimi_k2,20250716_openhands_kimi_k2,0,step,55,55
20250716_openhands_kimi_k2/django__django-13837,django__django-13837,20250716_openhands_kimi_k2,20250716_openhands_kimi_k2,20250716_openhands_kimi_k2,0,step,53,53
20250716_openhands_kimi_k2/django__django-13933,django__django-13933,20250716_openhands_kimi_k2,20250716_openhands_kimi_k2,20250716_openhands_kimi_k2,0,step,81,81
20250716_openhands_kimi_k2/django__django-14007,django__django-14007,20250716_openhands_kimi_k2,20250716_openhands_kimi_k2,20250716_openhands_kimi_k2,0,step,54,54
20250716_openhands_kimi_k2/django__django-14017,django__django-14017,20250716_openhands_kimi_k2,20250716_openhands_kimi_k2,20250716_openhands_kimi_k2,0,step,49,49
20250716_openhands_kimi_k2/django__django-14089,django__django-14089,20250716_openhands_kimi_k2,20250716_openhands_kimi_k2,20250716_openhands_kimi_k2,0,step,44,44
20250716_openhands_kimi_k2/django__django-14122,django__django-14122,20250716_openhands_kimi_k2,20250716_openhands_kimi_k2,20250716_openhands_kimi_k2,0,step,75,75
20250716_openhands_kimi_k2/django__django-14238,django__django-14238,20250716_openhands_kimi_k2,20250716_openhands_kimi_k2,20250716_openhands_kimi_k2,0,step,44,44
20250716_openhands_kimi_k2/django__django-14311,django__django-14311,20250716_openhands_kimi_k2,20250716_openhands_kimi_k2,20250716_openhands_kimi_k2,0,step,50,50
20250716_openhands_kimi_k2/django__django-14349,django__django-14349,20250716_openhands_kimi_k2,20250716_openhands_kimi_k2,20250716_openhands_kimi_k2,0,step,40,40
20250716_openhands_kimi_k2/django__django-14351,django__django-14351,20250716_openhands_kimi_k2,20250716_openhands_kimi_k2,20250716_openhands_kimi_k2,0,step,62,62
20250716_openhands_kimi_k2/django__django-14373,django__django-14373,20250716_openhands_kimi_k2,20250716_openhands_kimi_k2,20250716_openhands_kimi_k2,0,step,37,37
20250716_openhands_kimi_k2/django__django-14376,django__django-14376,20250716_openhands_kimi_k2,20250716_openhands_kimi_k2,20250716_openhands_kimi_k2,0,step,43,43
20250716_openhands_kimi_k2/django__django-14404,django__django-14404,20250716_openhands_kimi_k2,20250716_openhands_kimi_k2,20250716_openhands_kimi_k2,0,step,46,46
20250716_openhands_kimi_k2/django__django-14434,django__django-14434,20250716_openhands_kimi_k2,20250716_openhands_kimi_k2,20250716_openhands_kimi_k2,0,step,60,60
20250716_openhands_kimi_k2/django__django-14493,django__django-14493,20250716_openhands_kimi_k2,20250716_openhands_kimi_k2,20250716_openhands_kimi_k2,0,step,79,79
20250716_openhands_kimi_k2/django__django-14500,django__django-14500,20250716_openhands_kimi_k2,20250716_openhands_kimi_k2,20250716_openhands_kimi_k2,0,step,59,59
20250716_openhands_kimi_k2/django__django-14539,django__django-14539,20250716_openhands_kimi_k2,20250716_openhands_kimi_k2,20250716_openhands_kimi_k2,0,step,69,69
20250716_openhands_kimi_k2/django__django-14559,django__django-14559,20250716_openhands_kimi_k2,20250716_openhands_kimi_k2,20250716_openhands_kimi_k2,0,step,35,35
20250716_openhands_kimi_k2/django__django-14580,django__django-14580,20250716_openhands_kimi_k2,20250716_openhands_kimi_k2,20250716_openhands_kimi_k2,0,step,58,58
20250716_openhands_kimi_k2/django__django-14608,django__django-14608,20250716_openhands_kimi_k2,20250716_openhands_kimi_k2,20250716_openhands_kimi_k2,0,step,42,42
20250716_openhands_kimi_k2/django__django-14631,django__django-14631,20250716_openhands_kimi_k2,20250716_openhands_kimi_k2,20250716_openhands_kimi_k2,0,step,50,50
20250716_openhands_kimi_k2/django__django-14672,django__django-14672,20250716_openhands_kimi_k2,20250716_openhands_kimi_k2,20250716_openhands_kimi_k2,0,step,35,35
20250716_openhands_kimi_k2/django__django-14752,django__django-14752,20250716_openhands_kimi_k2,20250716_openhands_kimi_k2,20250716_openhands_kimi_k2,0,step,33,33
20250716_openhands_kimi_k2/django__django-14765,django__django-14765,20250716_openhands_kimi_k2,20250716_openhands_kimi_k2,20250716_openhands_kimi_k2,0,step,29,29
20250716_openhands_kimi_k2/django__django-14771,django__django-14771,20250716_openhands_kimi_k2,20250716_openhands_kimi_k2,20250716_openhands_kimi_k2,0,step,62,62
20250716_openhands_kimi_k2/django__django-14787,django__django-14787,20250716_openhands_kimi_k2,20250716_openhands_kimi_k2,20250716_openhands_kimi_k2,0,step,36,36
20250716_openhands_kimi_k2/django__django-14855,django__django-14855,20250716_openhands_kimi_k2,20250716_openhands_kimi_k2,20250716_openhands_kimi_k2,0,step,64,64
20250716_openhands_kimi_k2/django__django-14915,django__django-14915,20250716_openhands_kimi_k2,20250716_openhands_kimi_k2,20250716_openhands_kimi_k2,0,step,39,39
20250716_openhands_kimi_k2/django__django-14999,django__django-14999,20250716_openhands_kimi_k2,20250716_openhands_kimi_k2,20250716_openhands_kimi_k2,0,step,53,53
20250716_openhands_kimi_k2/django__django-15022,django__django-15022,20250716_openhands_kimi_k2,20250716_openhands_kimi_k2,20250716_openhands_kimi_k2,0,step,77,77
20250716_openhands_kimi_k2/django__django-15037,django__django-15037,20250716_openhands_kimi_k2,20250716_openhands_kimi_k2,20250716_openhands_kimi_k2,0,step,96,96
20250716_openhands_kimi_k2/django__django-15103,django__django-15103,20250716_openhands_kimi_k2,20250716_openhands_kimi_k2,20250716_openhands_kimi_k2,0,step,37,37
20250716_openhands_kimi_k2/django__django-15104,django__django-15104,20250716_openhands_kimi_k2,20250716_openhands_kimi_k2,20250716_openhands_kimi_k2,0,step,34,34
20250716_openhands_kimi_k2/django__django-15127,django__django-15127,20250716_openhands_kimi_k2,20250716_openhands_kimi_k2,20250716_openhands_kimi_k2,0,step,49,49
20250716_openhands_kimi_k2/django__django-15128,django__django-15128,20250716_openhands_kimi_k2,20250716_openhands_kimi_k2,20250716_openhands_kimi_k2,0,step,93,93
20250716_openhands_kimi_k2/django__django-15277,django__django-15277,20250716_openhands_kimi_k2,20250716_openhands_kimi_k2,20250716_openhands_kimi_k2,0,step,38,38
20250716_openhands_kimi_k2/django__django-15278,django__django-15278,20250716_openhands_kimi_k2,20250716_openhands_kimi_k2,20250716_openhands_kimi_k2,0,step,57,57
20250716_openhands_kimi_k2/django__django-15315,django__django-15315,20250716_openhands_kimi_k2,20250716_openhands_kimi_k2,20250716_openhands_kimi_k2,0,step,46,46
20250716_openhands_kimi_k2/django__django-15368,django__django-15368,20250716_openhands_kimi_k2,20250716_openhands_kimi_k2,20250716_openhands_kimi_k2,0,step,41,41
20250716_openhands_kimi_k2/django__django-15380,django__django-15380,20250716_openhands_kimi_k2,20250716_openhands_kimi_k2,20250716_openhands_kimi_k2,0,step,45,45
20250716_openhands_kimi_k2/django__django-15382,django__django-15382,20250716_openhands_kimi_k2,20250716_openhands_kimi_k2,20250716_openhands_kimi_k2,0,step,73,73
20250716_openhands_kimi_k2/django__django-15467,django__django-15467,20250716_openhands_kimi_k2,20250716_openhands_kimi_k2,20250716_openhands_kimi_k2,0,step,38,38
20250716_openhands_kimi_k2/django__django-15499,django__django-15499,20250716_openhands_kimi_k2,20250716_openhands_kimi_k2,20250716_openhands_kimi_k2,0,step,77,77
20250716_openhands_kimi_k2/django__django-15525,django__django-15525,20250716_openhands_kimi_k2,20250716_openhands_kimi_k2,20250716_openhands_kimi_k2,0,step,48,48
20250716_openhands_kimi_k2/django__django-15561,django__django-15561,20250716_openhands_kimi_k2,20250716_openhands_kimi_k2,20250716_openhands_kimi_k2,0,step,48,48
20250716_openhands_kimi_k2/django__django-15569,django__django-15569,20250716_openhands_kimi_k2,20250716_openhands_kimi_k2,20250716_openhands_kimi_k2,0,step,35,35
20250716_openhands_kimi_k2/django__django-15572,django__django-15572,20250716_openhands_kimi_k2,20250716_openhands_kimi_k2,20250716_openhands_kimi_k2,0,step,43,43
20250716_openhands_kimi_k2/django__django-15731,django__django-15731,20250716_openhands_kimi_k2,20250716_openhands_kimi_k2,20250716_openhands_kimi_k2,0,step,43,43
20250716_openhands_kimi_k2/django__django-15741,django__django-15741,20250716_openhands_kimi_k2,20250716_openhands_kimi_k2,20250716_openhands_kimi_k2,0,step,52,52
20250716_openhands_kimi_k2/django__django-15814,django__django-15814,20250716_openhands_kimi_k2,20250716_openhands_kimi_k2,20250716_openhands_kimi_k2,0,step,56,56
20250716_openhands_kimi_k2/django__django-15851,django__django-15851,20250716_openhands_kimi_k2,20250716_openhands_kimi_k2,20250716_openhands_kimi_k2,0,step,52,52
20250716_openhands_kimi_k2/django__django-15863,django__django-15863,20250716_openhands_kimi_k2,20250716_openhands_kimi_k2,20250716_openhands_kimi_k2,0,step,49,49
20250716_openhands_kimi_k2/django__django-15930,django__django-15930,20250716_openhands_kimi_k2,20250716_openhands_kimi_k2,20250716_openhands_kimi_k2,0,step,89,89
20250716_openhands_kimi_k2/django__django-15987,django__django-15987,20250716_openhands_kimi_k2,20250716_openhands_kimi_k2,20250716_openhands_kimi_k2,0,step,41,41
20250716_openhands_kimi_k2/django__django-16032,django__django-16032,20250716_openhands_kimi_k2,20250716_openhands_kimi_k2,20250716_openhands_kimi_k2,0,step,92,92
20250716_openhands_kimi_k2/django__django-16082,django__django-16082,20250716_openhands_kimi_k2,20250716_openhands_kimi_k2,20250716_openhands_kimi_k2,0,step,38,38
20250716_openhands_kimi_k2/django__django-16116,django__django-16116,20250716_openhands_kimi_k2,20250716_openhands_kimi_k2,20250716_openhands_kimi_k2,0,step,47,47
20250716_openhands_kimi_k2/django__django-16136,django__django-16136,20250716_openhands_kimi_k2,20250716_openhands_kimi_k2,20250716_openhands_kimi_k2,0,step,37,37
20250716_openhands_kimi_k2/django__django-16139,django__django-16139,20250716_openhands_kimi_k2,20250716_openhands_kimi_k2,20250716_openhands_kimi_k2,0,step,62,62
20250716_openhands_kimi_k2/django__django-16145,django__django-16145,20250716_openhands_kimi_k2,20250716_openhands_kimi_k2,20250716_openhands_kimi_k2,0,step,54,54
20250716_openhands_kimi_k2/django__django-16255,django__django-16255,20250716_openhands_kimi_k2,20250716_openhands_kimi_k2,20250716_openhands_kimi_k2,0,step,39,39
20250716_openhands_kimi_k2/django__django-16333,django__django-16333,20250716_openhands_kimi_k2,20250716_openhands_kimi_k2,20250716_openhands_kimi_k2,0,step,72,72
20250716_openhands_kimi_k2/django__django-16429,django__django-16429,20250716_openhands_kimi_k2,20250716_openhands_kimi_k2,20250716_openhands_kimi_k2,0,step,34,34
20250716_openhands_kimi_k2/django__django-16485,django__django-16485,20250716_openhands_kimi_k2,20250716_openhands_kimi_k2,20250716_openhands_kimi_k2,0,step,34,34
20250716_openhands_kimi_k2/django__django-16493,django__django-16493,20250716_openhands_kimi_k2,20250716_openhands_kimi_k2,20250716_openhands_kimi_k2,0,step,38,38
20250716_openhands_kimi_k2/django__django-16527,django__django-16527,20250716_openhands_kimi_k2,20250716_openhands_kimi_k2,20250716_openhands_kimi_k2,0,step,64,64
20250716_openhands_kimi_k2/django__django-16560,django__django-16560,20250716_openhands_kimi_k2,20250716_openhands_kimi_k2,20250716_openhands_kimi_k2,0,step,95,95
20250716_openhands_kimi_k2/django__django-16569,django__django-16569,20250716_openhands_kimi_k2,20250716_openhands_kimi_k2,20250716_openhands_kimi_k2,0,step,30,30
20250716_openhands_kimi_k2/django__django-16595,django__django-16595,20250716_openhands_kimi_k2,20250716_openhands_kimi_k2,20250716_openhands_kimi_k2,0,step,60,60
20250716_openhands_kimi_k2/django__django-16612,django__django-16612,20250716_openhands_kimi_k2,20250716_openhands_kimi_k2,20250716_openhands_kimi_k2,0,step,45,45
20250716_openhands_kimi_k2/django__django-16642,django__django-16642,20250716_openhands_kimi_k2,20250716_openhands_kimi_k2,20250716_openhands_kimi_k2,0,step,26,26
20250716_openhands_kimi_k2/django__django-16661,django__django-16661,20250716_openhands_kimi_k2,20250716_openhands_kimi_k2,20250716_openhands_kimi_k2,0,step,99,99
20250716_openhands_kimi_k2/django__django-16662,django__django-16662,20250716_openhands_kimi_k2,20250716_openhands_kimi_k2,20250716_openhands_kimi_k2,0,step,52,52
20250716_openhands_kimi_k2/django__django-16801,django__django-16801,20250716_openhands_kimi_k2,20250716_openhands_kimi_k2,20250716_openhands_kimi_k2,0,step,51,51
20250716_openhands_kimi_k2/django__django-16819,django__django-16819,20250716_openhands_kimi_k2,20250716_openhands_kimi_k2,20250716_openhands_kimi_k2,0,step,72,72
20250716_openhands_kimi_k2/django__django-16899,django__django-16899,20250716_openhands_kimi_k2,20250716_openhands_kimi_k2,20250716_openhands_kimi_k2,0,step,58,58
20250716_openhands_kimi_k2/django__django-16901,django__django-16901,20250716_openhands_kimi_k2,20250716_openhands_kimi_k2,20250716_openhands_kimi_k2,0,step,45,45
20250716_openhands_kimi_k2/django__django-16938,django__django-16938,20250716_openhands_kimi_k2,20250716_openhands_kimi_k2,20250716_openhands_kimi_k2,0,step,59,59
20250716_openhands_kimi_k2/django__django-17029,django__django-17029,20250716_openhands_kimi_k2,20250716_openhands_kimi_k2,20250716_openhands_kimi_k2,0,step,60,60
20250716_openhands_kimi_k2/django__django-17087,django__django-17087,20250716_openhands_kimi_k2,20250716_openhands_kimi_k2,20250716_openhands_kimi_k2,0,step,51,51
20250716_openhands_kimi_k2/django__django-7530,django__django-7530,20250716_openhands_kimi_k2,20250716_openhands_kimi_k2,20250716_openhands_kimi_k2,0,step,52,52
20250716_openhands_kimi_k2/django__django-9296,django__django-9296,20250716_openhands_kimi_k2,20250716_openhands_kimi_k2,20250716_openhands_kimi_k2,0,step,35,35
20250716_openhands_kimi_k2/matplotlib__matplotlib-13989,matplotlib__matplotlib-13989,20250716_openhands_kimi_k2,20250716_openhands_kimi_k2,20250716_openhands_kimi_k2,0,step,44,44
20250716_openhands_kimi_k2/matplotlib__matplotlib-20488,matplotlib__matplotlib-20488,20250716_openhands_kimi_k2,20250716_openhands_kimi_k2,20250716_openhands_kimi_k2,0,step,84,84
20250716_openhands_kimi_k2/matplotlib__matplotlib-20676,matplotlib__matplotlib-20676,20250716_openhands_kimi_k2,20250716_openhands_kimi_k2,20250716_openhands_kimi_k2,0,step,95,95
20250716_openhands_kimi_k2/matplotlib__matplotlib-20826,matplotlib__matplotlib-20826,20250716_openhands_kimi_k2,20250716_openhands_kimi_k2,20250716_openhands_kimi_k2,0,step,95,95
20250716_openhands_kimi_k2/matplotlib__matplotlib-20859,matplotlib__matplotlib-20859,20250716_openhands_kimi_k2,20250716_openhands_kimi_k2,20250716_openhands_kimi_k2,0,step,56,56
20250716_openhands_kimi_k2/matplotlib__matplotlib-22719,matplotlib__matplotlib-22719,20250716_openhands_kimi_k2,20250716_openhands_kimi_k2,20250716_openhands_kimi_k2,0,step,45,45
20250716_openhands_kimi_k2/matplotlib__matplotlib-22865,matplotlib__matplotlib-22865,20250716_openhands_kimi_k2,20250716_openhands_kimi_k2,20250716_openhands_kimi_k2,0,step,49,49
20250716_openhands_kimi_k2/matplotlib__matplotlib-23314,matplotlib__matplotlib-23314,20250716_openhands_kimi_k2,20250716_openhands_kimi_k2,20250716_openhands_kimi_k2,0,step,38,38
20250716_openhands_kimi_k2/matplotlib__matplotlib-23412,matplotlib__matplotlib-23412,20250716_openhands_kimi_k2,20250716_openhands_kimi_k2,20250716_openhands_kimi_k2,0,step,47,47
20250716_openhands_kimi_k2/matplotlib__matplotlib-24026,matplotlib__matplotlib-24026,20250716_openhands_kimi_k2,20250716_openhands_kimi_k2,20250716_openhands_kimi_k2,0,step,57,57
20250716_openhands_kimi_k2/matplotlib__matplotlib-24149,matplotlib__matplotlib-24149,20250716_openhands_kimi_k2,20250716_openhands_kimi_k2,20250716_openhands_kimi_k2,0,step,48,48
20250716_openhands_kimi_k2/matplotlib__matplotlib-24570,matplotlib__matplotlib-24570,20250716_openhands_kimi_k2,20250716_openhands_kimi_k2,20250716_openhands_kimi_k2,0,step,48,48
20250716_openhands_kimi_k2/matplotlib__matplotlib-24627,matplotlib__matplotlib-24627,20250716_openhands_kimi_k2,20250716_openhands_kimi_k2,20250716_openhands_kimi_k2,0,step,77,77
20250716_openhands_kimi_k2/matplotlib__matplotlib-24637,matplotlib__matplotlib-24637,20250716_openhands_kimi_k2,20250716_openhands_kimi_k2,20250716_openhands_kimi_k2,0,step,74,74
20250716_openhands_kimi_k2/matplotlib__matplotlib-24970,matplotlib__matplotlib-24970,20250716_openhands_kimi_k2,20250716_openhands_kimi_k2,20250716_openhands_kimi_k2,0,step,48,48
20250716_openhands_kimi_k2/matplotlib__matplotlib-25122,matplotlib__matplotlib-25122,20250716_openhands_kimi_k2,20250716_openhands_kimi_k2,20250716_openhands_kimi_k2,0,step,44,44
20250716_openhands_kimi_k2/matplotlib__matplotlib-25287,matplotlib__matplotlib-25287,20250716_openhands_kimi_k2,20250716_openhands_kimi_k2,20250716_openhands_kimi_k2,0,step,53,53
20250716_openhands_kimi_k2/matplotlib__matplotlib-26113,matplotlib__matplotlib-26113,20250716_openhands_kimi_k2,20250716_openhands_kimi_k2,20250716_openhands_kimi_k2,0,step,39,39
20250716_openhands_kimi_k2/matplotlib__matplotlib-26291,matplotlib__matplotlib-26291,20250716_openhands_kimi_k2,20250716_openhands_kimi_k2,20250716_openhands_kimi_k2,0,step,80,80
20250716_openhands_kimi_k2/matplotlib__matplotlib-26342,matplotlib__matplotlib-26342,20250716_openhands_kimi_k2,20250716_openhands_kimi_k2,20250716_openhands_kimi_k2,0,step,70,70
20250716_openhands_kimi_k2/mwaskom__seaborn-3069,mwaskom__seaborn-3069,20250716_openhands_kimi_k2,20250716_openhands_kimi_k2,20250716_openhands_kimi_k2,0,step,90,90
20250716_openhands_kimi_k2/pallets__flask-5014,pallets__flask-5014,20250716_openhands_kimi_k2,20250716_openhands_kimi_k2,20250716_openhands_kimi_k2,0,step,31,31
20250716_openhands_kimi_k2/psf__requests-2931,psf__requests-2931,20250716_openhands_kimi_k2,20250716_openhands_kimi_k2,20250716_openhands_kimi_k2,0,step,52,52
20250716_openhands_kimi_k2/psf__requests-5414,psf__requests-5414,20250716_openhands_kimi_k2,20250716_openhands_kimi_k2,20250716_openhands_kimi_k2,0,step,82,82
20250716_openhands_kimi_k2/pydata__xarray-2905,pydata__xarray-2905,20250716_openhands_kimi_k2,20250716_openhands_kimi_k2,20250716_openhands_kimi_k2,0,step,56,56
20250716_openhands_kimi_k2/pydata__xarray-3095,pydata__xarray-3095,20250716_openhands_kimi_k2,20250716_openhands_kimi_k2,20250716_openhands_kimi_k2,0,step,51,51
20250716_openhands_kimi_k2/pydata__xarray-3151,pydata__xarray-3151,20250716_openhands_kimi_k2,20250716_openhands_kimi_k2,20250716_openhands_kimi_k2,0,step,39,39
20250716_openhands_kimi_k2/pydata__xarray-3305,pydata__xarray-3305,20250716_openhands_kimi_k2,20250716_openhands_kimi_k2,20250716_openhands_kimi_k2,0,step,43,43
20250716_openhands_kimi_k2/pydata__xarray-3677,pydata__xarray-3677,20250716_openhands_kimi_k2,20250716_openhands_kimi_k2,20250716_openhands_kimi_k2,0,step,37,37
20250716_openhands_kimi_k2/pydata__xarray-3993,pydata__xarray-3993,20250716_openhands_kimi_k2,20250716_openhands_kimi_k2,20250716_openhands_kimi_k2,0,step,47,47
20250716_openhands_kimi_k2/pydata__xarray-4075,pydata__xarray-4075,20250716_openhands_kimi_k2,20250716_openhands_kimi_k2,20250716_openhands_kimi_k2,0,step,39,39
20250716_openhands_kimi_k2/pydata__xarray-4094,pydata__xarray-4094,20250716_openhands_kimi_k2,20250716_openhands_kimi_k2,20250716_openhands_kimi_k2,0,step,37,37
20250716_openhands_kimi_k2/pydata__xarray-4356,pydata__xarray-4356,20250716_openhands_kimi_k2,20250716_openhands_kimi_k2,20250716_openhands_kimi_k2,0,step,76,76
20250716_openhands_kimi_k2/pydata__xarray-4629,pydata__xarray-4629,20250716_openhands_kimi_k2,20250716_openhands_kimi_k2,20250716_openhands_kimi_k2,0,step,31,31
20250716_openhands_kimi_k2/pydata__xarray-4687,pydata__xarray-4687,20250716_openhands_kimi_k2,20250716_openhands_kimi_k2,20250716_openhands_kimi_k2,0,step,66,66
20250716_openhands_kimi_k2/pydata__xarray-4966,pydata__xarray-4966,20250716_openhands_kimi_k2,20250716_openhands_kimi_k2,20250716_openhands_kimi_k2,0,step,41,41
20250716_openhands_kimi_k2/pydata__xarray-6461,pydata__xarray-6461,20250716_openhands_kimi_k2,20250716_openhands_kimi_k2,20250716_openhands_kimi_k2,0,step,58,58
20250716_openhands_kimi_k2/pydata__xarray-7233,pydata__xarray-7233,20250716_openhands_kimi_k2,20250716_openhands_kimi_k2,20250716_openhands_kimi_k2,0,step,37,37
20250716_openhands_kimi_k2/pydata__xarray-7393,pydata__xarray-7393,20250716_openhands_kimi_k2,20250716_openhands_kimi_k2,20250716_openhands_kimi_k2,0,step,71,71
20250716_openhands_kimi_k2/pylint-dev__pylint-6528,pylint-dev__pylint-6528,20250716_openhands_kimi_k2,20250716_openhands_kimi_k2,20250716_openhands_kimi_k2,0,step,72,72
20250716_openhands_kimi_k2/pylint-dev__pylint-6903,pylint-dev__pylint-6903,20250716_openhands_kimi_k2,20250716_openhands_kimi_k2,20250716_openhands_kimi_k2,0,step,43,43
20250716_openhands_kimi_k2/pylint-dev__pylint-7277,pylint-dev__pylint-7277,20250716_openhands_kimi_k2,20250716_openhands_kimi_k2,20250716_openhands_kimi_k2,0,step,32,32
20250716_openhands_kimi_k2/pytest-dev__pytest-10081,pytest-dev__pytest-10081,20250716_openhands_kimi_k2,20250716_openhands_kimi_k2,20250716_openhands_kimi_k2,0,step,69,69
20250716_openhands_kimi_k2/pytest-dev__pytest-5262,pytest-dev__pytest-5262,20250716_openhands_kimi_k2,20250716_openhands_kimi_k2,20250716_openhands_kimi_k2,0,step,55,55
20250716_openhands_kimi_k2/pytest-dev__pytest-5631,pytest-dev__pytest-5631,20250716_openhands_kimi_k2,20250716_openhands_kimi_k2,20250716_openhands_kimi_k2,0,step,45,45
20250716_openhands_kimi_k2/pytest-dev__pytest-5809,pytest-dev__pytest-5809,20250716_openhands_kimi_k2,20250716_openhands_kimi_k2,20250716_openhands_kimi_k2,0,step,28,28
20250716_openhands_kimi_k2/pytest-dev__pytest-6202,pytest-dev__pytest-6202,20250716_openhands_kimi_k2,20250716_openhands_kimi_k2,20250716_openhands_kimi_k2,0,step,40,40
20250716_openhands_kimi_k2/pytest-dev__pytest-7236,pytest-dev__pytest-7236,20250716_openhands_kimi_k2,20250716_openhands_kimi_k2,20250716_openhands_kimi_k2,0,step,75,75
20250716_openhands_kimi_k2/pytest-dev__pytest-7324,pytest-dev__pytest-7324,20250716_openhands_kimi_k2,20250716_openhands_kimi_k2,20250716_openhands_kimi_k2,0,step,48,48
20250716_openhands_kimi_k2/pytest-dev__pytest-7432,pytest-dev__pytest-7432,20250716_openhands_kimi_k2,20250716_openhands_kimi_k2,20250716_openhands_kimi_k2,0,step,53,53
20250716_openhands_kimi_k2/pytest-dev__pytest-7521,pytest-dev__pytest-7521,20250716_openhands_kimi_k2,20250716_openhands_kimi_k2,20250716_openhands_kimi_k2,0,step,68,68
20250716_openhands_kimi_k2/pytest-dev__pytest-7571,pytest-dev__pytest-7571,20250716_openhands_kimi_k2,20250716_openhands_kimi_k2,20250716_openhands_kimi_k2,0,step,46,46
20250716_openhands_kimi_k2/pytest-dev__pytest-7982,pytest-dev__pytest-7982,20250716_openhands_kimi_k2,20250716_openhands_kimi_k2,20250716_openhands_kimi_k2,0,step,56,56
20250716_openhands_kimi_k2/pytest-dev__pytest-8399,pytest-dev__pytest-8399,20250716_openhands_kimi_k2,20250716_openhands_kimi_k2,20250716_openhands_kimi_k2,0,step,41,41
20250716_openhands_kimi_k2/scikit-learn__scikit-learn-10297,scikit-learn__scikit-learn-10297,20250716_openhands_kimi_k2,20250716_openhands_kimi_k2,20250716_openhands_kimi_k2,0,step,42,42
20250716_openhands_kimi_k2/scikit-learn__scikit-learn-10844,scikit-learn__scikit-learn-10844,20250716_openhands_kimi_k2,20250716_openhands_kimi_k2,20250716_openhands_kimi_k2,0,step,33,33
20250716_openhands_kimi_k2/scikit-learn__scikit-learn-10908,scikit-learn__scikit-learn-10908,20250716_openhands_kimi_k2,20250716_openhands_kimi_k2,20250716_openhands_kimi_k2,0,step,58,58
20250716_openhands_kimi_k2/scikit-learn__scikit-learn-11310,scikit-learn__scikit-learn-11310,20250716_openhands_kimi_k2,20250716_openhands_kimi_k2,20250716_openhands_kimi_k2,0,step,52,52
20250716_openhands_kimi_k2/scikit-learn__scikit-learn-11578,scikit-learn__scikit-learn-11578,20250716_openhands_kimi_k2,20250716_openhands_kimi_k2,20250716_openhands_kimi_k2,0,step,42,42
20250716_openhands_kimi_k2/scikit-learn__scikit-learn-12585,scikit-learn__scikit-learn-12585,20250716_openhands_kimi_k2,20250716_openhands_kimi_k2,20250716_openhands_kimi_k2,0,step,24,24
20250716_openhands_kimi_k2/scikit-learn__scikit-learn-12682,scikit-learn__scikit-learn-12682,20250716_openhands_kimi_k2,20250716_openhands_kimi_k2,20250716_openhands_kimi_k2,0,step,53,53
20250716_openhands_kimi_k2/scikit-learn__scikit-learn-12973,scikit-learn__scikit-learn-12973,20250716_openhands_kimi_k2,20250716_openhands_kimi_k2,20250716_openhands_kimi_k2,0,step,33,33
20250716_openhands_kimi_k2/scikit-learn__scikit-learn-13135,scikit-learn__scikit-learn-13135,20250716_openhands_kimi_k2,20250716_openhands_kimi_k2,20250716_openhands_kimi_k2,0,step,33,33
20250716_openhands_kimi_k2/scikit-learn__scikit-learn-13142,scikit-learn__scikit-learn-13142,20250716_openhands_kimi_k2,20250716_openhands_kimi_k2,20250716_openhands_kimi_k2,0,step,57,57
20250716_openhands_kimi_k2/scikit-learn__scikit-learn-13328,scikit-learn__scikit-learn-13328,20250716_openhands_kimi_k2,20250716_openhands_kimi_k2,20250716_openhands_kimi_k2,0,step,50,50
20250716_openhands_kimi_k2/scikit-learn__scikit-learn-13439,scikit-learn__scikit-learn-13439,20250716_openhands_kimi_k2,20250716_openhands_kimi_k2,20250716_openhands_kimi_k2,0,step,39,39
20250716_openhands_kimi_k2/scikit-learn__scikit-learn-13496,scikit-learn__scikit-learn-13496,20250716_openhands_kimi_k2,20250716_openhands_kimi_k2,20250716_openhands_kimi_k2,0,step,31,31
20250716_openhands_kimi_k2/scikit-learn__scikit-learn-13779,scikit-learn__scikit-learn-13779,20250716_openhands_kimi_k2,20250716_openhands_kimi_k2,20250716_openhands_kimi_k2,0,step,29,29
20250716_openhands_kimi_k2/scikit-learn__scikit-learn-14053,scikit-learn__scikit-learn-14053,20250716_openhands_kimi_k2,20250716_openhands_kimi_k2,20250716_openhands_kimi_k2,0,step,37,37
20250716_openhands_kimi_k2/scikit-learn__scikit-learn-14141,scikit-learn__scikit-learn-14141,20250716_openhands_kimi_k2,20250716_openhands_kimi_k2,20250716_openhands_kimi_k2,0,step,31,31
20250716_openhands_kimi_k2/scikit-learn__scikit-learn-14496,scikit-learn__scikit-learn-14496,20250716_openhands_kimi_k2,20250716_openhands_kimi_k2,20250716_openhands_kimi_k2,0,step,34,34
20250716_openhands_kimi_k2/scikit-learn__scikit-learn-14710,scikit-learn__scikit-learn-14710,20250716_openhands_kimi_k2,20250716_openhands_kimi_k2,20250716_openhands_kimi_k2,0,step,25,25
20250716_openhands_kimi_k2/scikit-learn__scikit-learn-14894,scikit-learn__scikit-learn-14894,20250716_openhands_kimi_k2,20250716_openhands_kimi_k2,20250716_openhands_kimi_k2,0,step,38,38
20250716_openhands_kimi_k2/scikit-learn__scikit-learn-15100,scikit-learn__scikit-learn-15100,20250716_openhands_kimi_k2,20250716_openhands_kimi_k2,20250716_openhands_kimi_k2,0,step,28,28
20250716_openhands_kimi_k2/scikit-learn__scikit-learn-25232,scikit-learn__scikit-learn-25232,20250716_openhands_kimi_k2,20250716_openhands_kimi_k2,20250716_openhands_kimi_k2,0,step,43,43
20250716_openhands_kimi_k2/scikit-learn__scikit-learn-25747,scikit-learn__scikit-learn-25747,20250716_openhands_kimi_k2,20250716_openhands_kimi_k2,20250716_openhands_kimi_k2,0,step,58,58
20250716_openhands_kimi_k2/scikit-learn__scikit-learn-25931,scikit-learn__scikit-learn-25931,20250716_openhands_kimi_k2,20250716_openhands_kimi_k2,20250716_openhands_kimi_k2,0,step,34,34
20250716_openhands_kimi_k2/scikit-learn__scikit-learn-25973,scikit-learn__scikit-learn-25973,20250716_openhands_kimi_k2,20250716_openhands_kimi_k2,20250716_openhands_kimi_k2,0,step,63,63
20250716_openhands_kimi_k2/scikit-learn__scikit-learn-26323,scikit-learn__scikit-learn-26323,20250716_openhands_kimi_k2,20250716_openhands_kimi_k2,20250716_openhands_kimi_k2,0,step,40,40
20250716_openhands_kimi_k2/scikit-learn__scikit-learn-9288,scikit-learn__scikit-learn-9288,20250716_openhands_kimi_k2,20250716_openhands_kimi_k2,20250716_openhands_kimi_k2,0,step,35,35
20250716_openhands_kimi_k2/sphinx-doc__sphinx-10323,sphinx-doc__sphinx-10323,20250716_openhands_kimi_k2,20250716_openhands_kimi_k2,20250716_openhands_kimi_k2,0,step,72,72
20250716_openhands_kimi_k2/sphinx-doc__sphinx-10466,sphinx-doc__sphinx-10466,20250716_openhands_kimi_k2,20250716_openhands_kimi_k2,20250716_openhands_kimi_k2,0,step,46,46
20250716_openhands_kimi_k2/sphinx-doc__sphinx-10673,sphinx-doc__sphinx-10673,20250716_openhands_kimi_k2,20250716_openhands_kimi_k2,20250716_openhands_kimi_k2,0,step,57,57
20250716_openhands_kimi_k2/sphinx-doc__sphinx-11445,sphinx-doc__sphinx-11445,20250716_openhands_kimi_k2,20250716_openhands_kimi_k2,20250716_openhands_kimi_k2,0,step,48,48
20250716_openhands_kimi_k2/sphinx-doc__sphinx-7440,sphinx-doc__sphinx-7440,20250716_openhands_kimi_k2,20250716_openhands_kimi_k2,20250716_openhands_kimi_k2,0,step,52,52
20250716_openhands_kimi_k2/sphinx-doc__sphinx-7757,sphinx-doc__sphinx-7757,20250716_openhands_kimi_k2,20250716_openhands_kimi_k2,20250716_openhands_kimi_k2,0,step,64,64
20250716_openhands_kimi_k2/sphinx-doc__sphinx-7889,sphinx-doc__sphinx-7889,20250716_openhands_kimi_k2,20250716_openhands_kimi_k2,20250716_openhands_kimi_k2,0,step,40,40
20250716_openhands_kimi_k2/sphinx-doc__sphinx-7910,sphinx-doc__sphinx-7910,20250716_openhands_kimi_k2,20250716_openhands_kimi_k2,20250716_openhands_kimi_k2,0,step,55,55
20250716_openhands_kimi_k2/sphinx-doc__sphinx-8035,sphinx-doc__sphinx-8035,20250716_openhands_kimi_k2,20250716_openhands_kimi_k2,20250716_openhands_kimi_k2,0,step,53,53
20250716_openhands_kimi_k2/sphinx-doc__sphinx-8120,sphinx-doc__sphinx-8120,20250716_openhands_kimi_k2,20250716_openhands_kimi_k2,20250716_openhands_kimi_k2,0,step,71,71
20250716_openhands_kimi_k2/sphinx-doc__sphinx-8269,sphinx-doc__sphinx-8269,20250716_openhands_kimi_k2,20250716_openhands_kimi_k2,20250716_openhands_kimi_k2,0,step,74,74
20250716_openhands_kimi_k2/sphinx-doc__sphinx-8459,sphinx-doc__sphinx-8459,20250716_openhands_kimi_k2,20250716_openhands_kimi_k2,20250716_openhands_kimi_k2,0,step,59,59
20250716_openhands_kimi_k2/sphinx-doc__sphinx-8475,sphinx-doc__sphinx-8475,20250716_openhands_kimi_k2,20250716_openhands_kimi_k2,20250716_openhands_kimi_k2,0,step,33,33
20250716_openhands_kimi_k2/sphinx-doc__sphinx-8548,sphinx-doc__sphinx-8548,20250716_openhands_kimi_k2,20250716_openhands_kimi_k2,20250716_openhands_kimi_k2,0,step,88,88
20250716_openhands_kimi_k2/sphinx-doc__sphinx-8551,sphinx-doc__sphinx-8551,20250716_openhands_kimi_k2,20250716_openhands_kimi_k2,20250716_openhands_kimi_k2,0,step,65,65
20250716_openhands_kimi_k2/sphinx-doc__sphinx-8593,sphinx-doc__sphinx-8593,20250716_openhands_kimi_k2,20250716_openhands_kimi_k2,20250716_openhands_kimi_k2,0,step,43,43
20250716_openhands_kimi_k2/sphinx-doc__sphinx-8595,sphinx-doc__sphinx-8595,20250716_openhands_kimi_k2,20250716_openhands_kimi_k2,20250716_openhands_kimi_k2,0,step,88,88
20250716_openhands_kimi_k2/sphinx-doc__sphinx-8721,sphinx-doc__sphinx-8721,20250716_openhands_kimi_k2,20250716_openhands_kimi_k2,20250716_openhands_kimi_k2,0,step,38,38
20250716_openhands_kimi_k2/sphinx-doc__sphinx-9230,sphinx-doc__sphinx-9230,20250716_openhands_kimi_k2,20250716_openhands_kimi_k2,20250716_openhands_kimi_k2,0,step,60,60
20250716_openhands_kimi_k2/sphinx-doc__sphinx-9281,sphinx-doc__sphinx-9281,20250716_openhands_kimi_k2,20250716_openhands_kimi_k2,20250716_openhands_kimi_k2,0,step,46,46
20250716_openhands_kimi_k2/sphinx-doc__sphinx-9320,sphinx-doc__sphinx-9320,20250716_openhands_kimi_k2,20250716_openhands_kimi_k2,20250716_openhands_kimi_k2,0,step,37,37
20250716_openhands_kimi_k2/sphinx-doc__sphinx-9367,sphinx-doc__sphinx-9367,20250716_openhands_kimi_k2,20250716_openhands_kimi_k2,20250716_openhands_kimi_k2,0,step,30,30
20250716_openhands_kimi_k2/sphinx-doc__sphinx-9658,sphinx-doc__sphinx-9658,20250716_openhands_kimi_k2,20250716_openhands_kimi_k2,20250716_openhands_kimi_k2,0,step,87,87
20250716_openhands_kimi_k2/sphinx-doc__sphinx-9673,sphinx-doc__sphinx-9673,20250716_openhands_kimi_k2,20250716_openhands_kimi_k2,20250716_openhands_kimi_k2,0,step,71,71
20250716_openhands_kimi_k2/sphinx-doc__sphinx-9698,sphinx-doc__sphinx-9698,20250716_openhands_kimi_k2,20250716_openhands_kimi_k2,20250716_openhands_kimi_k2,0,step,38,38
20250716_openhands_kimi_k2/sphinx-doc__sphinx-9711,sphinx-doc__sphinx-9711,20250716_openhands_kimi_k2,20250716_openhands_kimi_k2,20250716_openhands_kimi_k2,0,step,51,51
20250716_openhands_kimi_k2/sympy__sympy-11618,sympy__sympy-11618,20250716_openhands_kimi_k2,20250716_openhands_kimi_k2,20250716_openhands_kimi_k2,0,step,39,39
20250716_openhands_kimi_k2/sympy__sympy-12096,sympy__sympy-12096,20250716_openhands_kimi_k2,20250716_openhands_kimi_k2,20250716_openhands_kimi_k2,0,step,38,38
20250716_openhands_kimi_k2/sympy__sympy-12419,sympy__sympy-12419,20250716_openhands_kimi_k2,20250716_openhands_kimi_k2,20250716_openhands_kimi_k2,0,step,52,52
20250716_openhands_kimi_k2/sympy__sympy-12481,sympy__sympy-12481,20250716_openhands_kimi_k2,20250716_openhands_kimi_k2,20250716_openhands_kimi_k2,0,step,48,48
20250716_openhands_kimi_k2/sympy__sympy-13091,sympy__sympy-13091,20250716_openhands_kimi_k2,20250716_openhands_kimi_k2,20250716_openhands_kimi_k2,0,step,74,74
20250716_openhands_kimi_k2/sympy__sympy-13372,sympy__sympy-13372,20250716_openhands_kimi_k2,20250716_openhands_kimi_k2,20250716_openhands_kimi_k2,0,step,35,35
20250716_openhands_kimi_k2/sympy__sympy-13480,sympy__sympy-13480,20250716_openhands_kimi_k2,20250716_openhands_kimi_k2,20250716_openhands_kimi_k2,0,step,27,27
20250716_openhands_kimi_k2/sympy__sympy-13551,sympy__sympy-13551,20250716_openhands_kimi_k2,20250716_openhands_kimi_k2,20250716_openhands_kimi_k2,0,step,90,90
20250716_openhands_kimi_k2/sympy__sympy-13615,sympy__sympy-13615,20250716_openhands_kimi_k2,20250716_openhands_kimi_k2,20250716_openhands_kimi_k2,0,step,74,74
20250716_openhands_kimi_k2/sympy__sympy-13647,sympy__sympy-13647,20250716_openhands_kimi_k2,20250716_openhands_kimi_k2,20250716_openhands_kimi_k2,0,step,35,35
20250716_openhands_kimi_k2/sympy__sympy-13757,sympy__sympy-13757,20250716_openhands_kimi_k2,20250716_openhands_kimi_k2,20250716_openhands_kimi_k2,0,step,55,55
20250716_openhands_kimi_k2/sympy__sympy-13877,sympy__sympy-13877,20250716_openhands_kimi_k2,20250716_openhands_kimi_k2,20250716_openhands_kimi_k2,0,step,41,41
20250716_openhands_kimi_k2/sympy__sympy-13878,sympy__sympy-13878,20250716_openhands_kimi_k2,20250716_openhands_kimi_k2,20250716_openhands_kimi_k2,0,step,77,77
20250716_openhands_kimi_k2/sympy__sympy-14531,sympy__sympy-14531,20250716_openhands_kimi_k2,20250716_openhands_kimi_k2,20250716_openhands_kimi_k2,0,step,72,72
20250716_openhands_kimi_k2/sympy__sympy-14711,sympy__sympy-14711,20250716_openhands_kimi_k2,20250716_openhands_kimi_k2,20250716_openhands_kimi_k2,0,step,60,60
20250716_openhands_kimi_k2/sympy__sympy-14976,sympy__sympy-14976,20250716_openhands_kimi_k2,20250716_openhands_kimi_k2,20250716_openhands_kimi_k2,0,step,43,43
20250716_openhands_kimi_k2/sympy__sympy-15017,sympy__sympy-15017,20250716_openhands_kimi_k2,20250716_openhands_kimi_k2,20250716_openhands_kimi_k2,0,step,51,51
20250716_openhands_kimi_k2/sympy__sympy-15345,sympy__sympy-15345,20250716_openhands_kimi_k2,20250716_openhands_kimi_k2,20250716_openhands_kimi_k2,0,step,81,81
20250716_openhands_kimi_k2/sympy__sympy-15349,sympy__sympy-15349,20250716_openhands_kimi_k2,20250716_openhands_kimi_k2,20250716_openhands_kimi_k2,0,step,41,41
20250716_openhands_kimi_k2/sympy__sympy-15809,sympy__sympy-15809,20250716_openhands_kimi_k2,20250716_openhands_kimi_k2,20250716_openhands_kimi_k2,0,step,33,33
20250716_openhands_kimi_k2/sympy__sympy-15875,sympy__sympy-15875,20250716_openhands_kimi_k2,20250716_openhands_kimi_k2,20250716_openhands_kimi_k2,0,step,43,43
20250716_openhands_kimi_k2/sympy__sympy-16450,sympy__sympy-16450,20250716_openhands_kimi_k2,20250716_openhands_kimi_k2,20250716_openhands_kimi_k2,0,step,43,43
20250716_openhands_kimi_k2/sympy__sympy-16766,sympy__sympy-16766,20250716_openhands_kimi_k2,20250716_openhands_kimi_k2,20250716_openhands_kimi_k2,0,step,47,47
20250716_openhands_kimi_k2/sympy__sympy-16792,sympy__sympy-16792,20250716_openhands_kimi_k2,20250716_openhands_kimi_k2,20250716_openhands_kimi_k2,0,step,99,99
20250716_openhands_kimi_k2/sympy__sympy-16886,sympy__sympy-16886,20250716_openhands_kimi_k2,20250716_openhands_kimi_k2,20250716_openhands_kimi_k2,0,step,31,31
20250716_openhands_kimi_k2/sympy__sympy-17139,sympy__sympy-17139,20250716_openhands_kimi_k2,20250716_openhands_kimi_k2,20250716_openhands_kimi_k2,0,step,34,34
20250716_openhands_kimi_k2/sympy__sympy-17655,sympy__sympy-17655,20250716_openhands_kimi_k2,20250716_openhands_kimi_k2,20250716_openhands_kimi_k2,0,step,45,45
20250716_openhands_kimi_k2/sympy__sympy-18189,sympy__sympy-18189,20250716_openhands_kimi_k2,20250716_openhands_kimi_k2,20250716_openhands_kimi_k2,0,step,27,27
20250716_openhands_kimi_k2/sympy__sympy-18211,sympy__sympy-18211,20250716_openhands_kimi_k2,20250716_openhands_kimi_k2,20250716_openhands_kimi_k2,0,step,61,61
20250716_openhands_kimi_k2/sympy__sympy-18698,sympy__sympy-18698,20250716_openhands_kimi_k2,20250716_openhands_kimi_k2,20250716_openhands_kimi_k2,0,step,58,58
20250716_openhands_kimi_k2/sympy__sympy-19346,sympy__sympy-19346,20250716_openhands_kimi_k2,20250716_openhands_kimi_k2,20250716_openhands_kimi_k2,0,step,41,41
20250716_openhands_kimi_k2/sympy__sympy-19495,sympy__sympy-19495,20250716_openhands_kimi_k2,20250716_openhands_kimi_k2,20250716_openhands_kimi_k2,0,step,72,72
20250716_openhands_kimi_k2/sympy__sympy-19637,sympy__sympy-19637,20250716_openhands_kimi_k2,20250716_openhands_kimi_k2,20250716_openhands_kimi_k2,0,step,22,22
20250716_openhands_kimi_k2/sympy__sympy-19783,sympy__sympy-19783,20250716_openhands_kimi_k2,20250716_openhands_kimi_k2,20250716_openhands_kimi_k2,0,step,46,46
20250716_openhands_kimi_k2/sympy__sympy-19954,sympy__sympy-19954,20250716_openhands_kimi_k2,20250716_openhands_kimi_k2,20250716_openhands_kimi_k2,0,step,28,28
20250716_openhands_kimi_k2/sympy__sympy-20154,sympy__sympy-20154,20250716_openhands_kimi_k2,20250716_openhands_kimi_k2,20250716_openhands_kimi_k2,0,step,38,38
20250716_openhands_kimi_k2/sympy__sympy-20590,sympy__sympy-20590,20250716_openhands_kimi_k2,20250716_openhands_kimi_k2,20250716_openhands_kimi_k2,0,step,43,43
20250716_openhands_kimi_k2/sympy__sympy-20801,sympy__sympy-20801,20250716_openhands_kimi_k2,20250716_openhands_kimi_k2,20250716_openhands_kimi_k2,0,step,41,41
20250716_openhands_kimi_k2/sympy__sympy-21379,sympy__sympy-21379,20250716_openhands_kimi_k2,20250716_openhands_kimi_k2,20250716_openhands_kimi_k2,0,step,71,71
20250716_openhands_kimi_k2/sympy__sympy-21847,sympy__sympy-21847,20250716_openhands_kimi_k2,20250716_openhands_kimi_k2,20250716_openhands_kimi_k2,0,step,36,36
20250716_openhands_kimi_k2/sympy__sympy-22456,sympy__sympy-22456,20250716_openhands_kimi_k2,20250716_openhands_kimi_k2,20250716_openhands_kimi_k2,0,step,48,48
20250716_openhands_kimi_k2/sympy__sympy-22714,sympy__sympy-22714,20250716_openhands_kimi_k2,20250716_openhands_kimi_k2,20250716_openhands_kimi_k2,0,step,35,35
20250716_openhands_kimi_k2/sympy__sympy-22914,sympy__sympy-22914,20250716_openhands_kimi_k2,20250716_openhands_kimi_k2,20250716_openhands_kimi_k2,0,step,41,41
20250716_openhands_kimi_k2/sympy__sympy-23262,sympy__sympy-23262,20250716_openhands_kimi_k2,20250716_openhands_kimi_k2,20250716_openhands_kimi_k2,0,step,54,54
20250716_openhands_kimi_k2/sympy__sympy-23534,sympy__sympy-23534,20250716_openhands_kimi_k2,20250716_openhands_kimi_k2,20250716_openhands_kimi_k2,0,step,36,36
20250716_openhands_kimi_k2/sympy__sympy-23824,sympy__sympy-23824,20250716_openhands_kimi_k2,20250716_openhands_kimi_k2,20250716_openhands_kimi_k2,0,step,30,30
20250716_openhands_kimi_k2/sympy__sympy-23950,sympy__sympy-23950,20250716_openhands_kimi_k2,20250716_openhands_kimi_k2,20250716_openhands_kimi_k2,0,step,60,60
20250716_openhands_kimi_k2/sympy__sympy-24066,sympy__sympy-24066,20250716_openhands_kimi_k2,20250716_openhands_kimi_k2,20250716_openhands_kimi_k2,0,step,46,46
20250716_openhands_kimi_k2/sympy__sympy-24213,sympy__sympy-24213,20250716_openhands_kimi_k2,20250716_openhands_kimi_k2,20250716_openhands_kimi_k2,0,step,41,41
20250716_openhands_kimi_k2/sympy__sympy-24443,sympy__sympy-24443,20250716_openhands_kimi_k2,20250716_openhands_kimi_k2,20250716_openhands_kimi_k2,0,step,81,81
20250716_openhands_kimi_k2/sympy__sympy-24539,sympy__sympy-24539,20250716_openhands_kimi_k2,20250716_openhands_kimi_k2,20250716_openhands_kimi_k2,0,step,28,28
20250716_openhands_kimi_k2/sympy__sympy-24562,sympy__sympy-24562,20250716_openhands_kimi_k2,20250716_openhands_kimi_k2,20250716_openhands_kimi_k2,0,step,38,38
20250716_openhands_kimi_k2/sympy__sympy-24661,sympy__sympy-24661,20250716_openhands_kimi_k2,20250716_openhands_kimi_k2,20250716_openhands_kimi_k2,0,step,40,40
20250807_openhands_gpt5/astropy__astropy-13033,astropy__astropy-13033,20250807_openhands_gpt5,20250807_openhands_gpt5,20250807_openhands_gpt5,1,step,17,17
20250807_openhands_gpt5/astropy__astropy-13236,astropy__astropy-13236,20250807_openhands_gpt5,20250807_openhands_gpt5,20250807_openhands_gpt5,1,step,24,24
20250807_openhands_gpt5/astropy__astropy-13398,astropy__astropy-13398,20250807_openhands_gpt5,20250807_openhands_gpt5,20250807_openhands_gpt5,1,step,52,52
20250807_openhands_gpt5/astropy__astropy-13977,astropy__astropy-13977,20250807_openhands_gpt5,20250807_openhands_gpt5,20250807_openhands_gpt5,1,step,21,21
20250807_openhands_gpt5/astropy__astropy-14365,astropy__astropy-14365,20250807_openhands_gpt5,20250807_openhands_gpt5,20250807_openhands_gpt5,1,step,14,14
20250807_openhands_gpt5/astropy__astropy-14369,astropy__astropy-14369,20250807_openhands_gpt5,20250807_openhands_gpt5,20250807_openhands_gpt5,1,step,51,51
20250807_openhands_gpt5/astropy__astropy-7606,astropy__astropy-7606,20250807_openhands_gpt5,20250807_openhands_gpt5,20250807_openhands_gpt5,1,step,12,12
20250807_openhands_gpt5/astropy__astropy-8707,astropy__astropy-8707,20250807_openhands_gpt5,20250807_openhands_gpt5,20250807_openhands_gpt5,1,step,24,24
20250807_openhands_gpt5/astropy__astropy-8872,astropy__astropy-8872,20250807_openhands_gpt5,20250807_openhands_gpt5,20250807_openhands_gpt5,1,step,20,20
20250807_openhands_gpt5/django__django-10554,django__django-10554,20250807_openhands_gpt5,20250807_openhands_gpt5,20250807_openhands_gpt5,1,step,54,54
20250807_openhands_gpt5/django__django-10999,django__django-10999,20250807_openhands_gpt5,20250807_openhands_gpt5,20250807_openhands_gpt5,1,step,15,15
20250807_openhands_gpt5/django__django-11087,django__django-11087,20250807_openhands_gpt5,20250807_openhands_gpt5,20250807_openhands_gpt5,1,step,34,34
20250807_openhands_gpt5/django__django-11141,django__django-11141,20250807_openhands_gpt5,20250807_openhands_gpt5,20250807_openhands_gpt5,1,step,25,25
20250807_openhands_gpt5/django__django-11149,django__django-11149,20250807_openhands_gpt5,20250807_openhands_gpt5,20250807_openhands_gpt5,1,step,23,23
20250807_openhands_gpt5/django__django-11265,django__django-11265,20250807_openhands_gpt5,20250807_openhands_gpt5,20250807_openhands_gpt5,1,step,30,30
20250807_openhands_gpt5/django__django-11400,django__django-11400,20250807_openhands_gpt5,20250807_openhands_gpt5,20250807_openhands_gpt5,1,step,31,31
20250807_openhands_gpt5/django__django-11477,django__django-11477,20250807_openhands_gpt5,20250807_openhands_gpt5,20250807_openhands_gpt5,1,step,24,24
20250807_openhands_gpt5/django__django-11490,django__django-11490,20250807_openhands_gpt5,20250807_openhands_gpt5,20250807_openhands_gpt5,1,step,31,31
20250807_openhands_gpt5/django__django-11532,django__django-11532,20250807_openhands_gpt5,20250807_openhands_gpt5,20250807_openhands_gpt5,1,step,16,16
20250807_openhands_gpt5/django__django-11728,django__django-11728,20250807_openhands_gpt5,20250807_openhands_gpt5,20250807_openhands_gpt5,1,step,30,30
20250807_openhands_gpt5/django__django-11734,django__django-11734,20250807_openhands_gpt5,20250807_openhands_gpt5,20250807_openhands_gpt5,1,step,45,45
20250807_openhands_gpt5/django__django-11790,django__django-11790,20250807_openhands_gpt5,20250807_openhands_gpt5,20250807_openhands_gpt5,1,step,32,32
20250807_openhands_gpt5/django__django-11815,django__django-11815,20250807_openhands_gpt5,20250807_openhands_gpt5,20250807_openhands_gpt5,1,step,35,35
20250807_openhands_gpt5/django__django-11820,django__django-11820,20250807_openhands_gpt5,20250807_openhands_gpt5,20250807_openhands_gpt5,1,step,28,28
20250807_openhands_gpt5/django__django-11885,django__django-11885,20250807_openhands_gpt5,20250807_openhands_gpt5,20250807_openhands_gpt5,1,step,48,48
20250807_openhands_gpt5/django__django-11964,django__django-11964,20250807_openhands_gpt5,20250807_openhands_gpt5,20250807_openhands_gpt5,1,step,36,36
20250807_openhands_gpt5/django__django-12273,django__django-12273,20250807_openhands_gpt5,20250807_openhands_gpt5,20250807_openhands_gpt5,1,step,38,38
20250807_openhands_gpt5/django__django-12308,django__django-12308,20250807_openhands_gpt5,20250807_openhands_gpt5,20250807_openhands_gpt5,1,step,37,37
20250807_openhands_gpt5/django__django-12325,django__django-12325,20250807_openhands_gpt5,20250807_openhands_gpt5,20250807_openhands_gpt5,1,step,22,22
20250807_openhands_gpt5/django__django-12406,django__django-12406,20250807_openhands_gpt5,20250807_openhands_gpt5,20250807_openhands_gpt5,1,step,37,37
20250807_openhands_gpt5/django__django-13023,django__django-13023,20250807_openhands_gpt5,20250807_openhands_gpt5,20250807_openhands_gpt5,1,step,29,29
20250807_openhands_gpt5/django__django-13212,django__django-13212,20250807_openhands_gpt5,20250807_openhands_gpt5,20250807_openhands_gpt5,1,step,58,58
20250807_openhands_gpt5/django__django-13344,django__django-13344,20250807_openhands_gpt5,20250807_openhands_gpt5,20250807_openhands_gpt5,1,step,37,37
20250807_openhands_gpt5/django__django-13513,django__django-13513,20250807_openhands_gpt5,20250807_openhands_gpt5,20250807_openhands_gpt5,1,step,20,20
20250807_openhands_gpt5/django__django-13794,django__django-13794,20250807_openhands_gpt5,20250807_openhands_gpt5,20250807_openhands_gpt5,1,step,36,36
20250807_openhands_gpt5/django__django-14011,django__django-14011,20250807_openhands_gpt5,20250807_openhands_gpt5,20250807_openhands_gpt5,1,step,47,47
20250807_openhands_gpt5/django__django-14034,django__django-14034,20250807_openhands_gpt5,20250807_openhands_gpt5,20250807_openhands_gpt5,1,step,31,31
20250807_openhands_gpt5/django__django-14155,django__django-14155,20250807_openhands_gpt5,20250807_openhands_gpt5,20250807_openhands_gpt5,1,step,38,38
20250807_openhands_gpt5/django__django-14170,django__django-14170,20250807_openhands_gpt5,20250807_openhands_gpt5,20250807_openhands_gpt5,1,step,35,35
20250807_openhands_gpt5/django__django-14311,django__django-14311,20250807_openhands_gpt5,20250807_openhands_gpt5,20250807_openhands_gpt5,1,step,20,20
20250807_openhands_gpt5/django__django-14315,django__django-14315,20250807_openhands_gpt5,20250807_openhands_gpt5,20250807_openhands_gpt5,1,step,27,27
20250807_openhands_gpt5/django__django-14534,django__django-14534,20250807_openhands_gpt5,20250807_openhands_gpt5,20250807_openhands_gpt5,1,step,47,47
20250807_openhands_gpt5/django__django-14725,django__django-14725,20250807_openhands_gpt5,20250807_openhands_gpt5,20250807_openhands_gpt5,1,step,41,41
20250807_openhands_gpt5/django__django-14792,django__django-14792,20250807_openhands_gpt5,20250807_openhands_gpt5,20250807_openhands_gpt5,1,step,35,35
20250807_openhands_gpt5/django__django-15098,django__django-15098,20250807_openhands_gpt5,20250807_openhands_gpt5,20250807_openhands_gpt5,1,step,28,28
20250807_openhands_gpt5/django__django-15252,django__django-15252,20250807_openhands_gpt5,20250807_openhands_gpt5,20250807_openhands_gpt5,1,step,37,37
20250807_openhands_gpt5/django__django-15280,django__django-15280,20250807_openhands_gpt5,20250807_openhands_gpt5,20250807_openhands_gpt5,1,step,41,41
20250807_openhands_gpt5/django__django-15503,django__django-15503,20250807_openhands_gpt5,20250807_openhands_gpt5,20250807_openhands_gpt5,1,step,27,27
20250807_openhands_gpt5/django__django-15554,django__django-15554,20250807_openhands_gpt5,20250807_openhands_gpt5,20250807_openhands_gpt5,1,step,29,29
20250807_openhands_gpt5/django__django-15563,django__django-15563,20250807_openhands_gpt5,20250807_openhands_gpt5,20250807_openhands_gpt5,1,step,51,51
20250807_openhands_gpt5/django__django-15629,django__django-15629,20250807_openhands_gpt5,20250807_openhands_gpt5,20250807_openhands_gpt5,1,step,44,44
20250807_openhands_gpt5/django__django-15916,django__django-15916,20250807_openhands_gpt5,20250807_openhands_gpt5,20250807_openhands_gpt5,1,step,39,39
20250807_openhands_gpt5/django__django-15957,django__django-15957,20250807_openhands_gpt5,20250807_openhands_gpt5,20250807_openhands_gpt5,1,step,37,37
20250807_openhands_gpt5/django__django-15973,django__django-15973,20250807_openhands_gpt5,20250807_openhands_gpt5,20250807_openhands_gpt5,1,step,40,40
20250807_openhands_gpt5/django__django-16256,django__django-16256,20250807_openhands_gpt5,20250807_openhands_gpt5,20250807_openhands_gpt5,1,step,52,52
20250807_openhands_gpt5/django__django-16263,django__django-16263,20250807_openhands_gpt5,20250807_openhands_gpt5,20250807_openhands_gpt5,1,step,48,48
20250807_openhands_gpt5/django__django-16454,django__django-16454,20250807_openhands_gpt5,20250807_openhands_gpt5,20250807_openhands_gpt5,1,step,25,25
20250807_openhands_gpt5/django__django-16502,django__django-16502,20250807_openhands_gpt5,20250807_openhands_gpt5,20250807_openhands_gpt5,1,step,42,42
20250807_openhands_gpt5/django__django-16631,django__django-16631,20250807_openhands_gpt5,20250807_openhands_gpt5,20250807_openhands_gpt5,1,step,33,33
20250807_openhands_gpt5/django__django-16642,django__django-16642,20250807_openhands_gpt5,20250807_openhands_gpt5,20250807_openhands_gpt5,1,step,23,23
20250807_openhands_gpt5/django__django-16667,django__django-16667,20250807_openhands_gpt5,20250807_openhands_gpt5,20250807_openhands_gpt5,1,step,21,21
20250807_openhands_gpt5/django__django-16877,django__django-16877,20250807_openhands_gpt5,20250807_openhands_gpt5,20250807_openhands_gpt5,1,step,42,42
20250807_openhands_gpt5/django__django-16950,django__django-16950,20250807_openhands_gpt5,20250807_openhands_gpt5,20250807_openhands_gpt5,1,step,31,31
20250807_openhands_gpt5/matplotlib__matplotlib-20676,matplotlib__matplotlib-20676,20250807_openhands_gpt5,20250807_openhands_gpt5,20250807_openhands_gpt5,1,step,20,20
20250807_openhands_gpt5/matplotlib__matplotlib-20826,matplotlib__matplotlib-20826,20250807_openhands_gpt5,20250807_openhands_gpt5,20250807_openhands_gpt5,1,step,33,33
20250807_openhands_gpt5/matplotlib__matplotlib-21568,matplotlib__matplotlib-21568,20250807_openhands_gpt5,20250807_openhands_gpt5,20250807_openhands_gpt5,1,step,19,19
20250807_openhands_gpt5/matplotlib__matplotlib-23299,matplotlib__matplotlib-23299,20250807_openhands_gpt5,20250807_openhands_gpt5,20250807_openhands_gpt5,1,step,33,33
20250807_openhands_gpt5/matplotlib__matplotlib-23476,matplotlib__matplotlib-23476,20250807_openhands_gpt5,20250807_openhands_gpt5,20250807_openhands_gpt5,1,step,39,39
20250807_openhands_gpt5/matplotlib__matplotlib-24870,matplotlib__matplotlib-24870,20250807_openhands_gpt5,20250807_openhands_gpt5,20250807_openhands_gpt5,1,step,34,34
20250807_openhands_gpt5/matplotlib__matplotlib-25479,matplotlib__matplotlib-25479,20250807_openhands_gpt5,20250807_openhands_gpt5,20250807_openhands_gpt5,1,step,33,33
20250807_openhands_gpt5/matplotlib__matplotlib-25775,matplotlib__matplotlib-25775,20250807_openhands_gpt5,20250807_openhands_gpt5,20250807_openhands_gpt5,1,step,74,74
20250807_openhands_gpt5/matplotlib__matplotlib-26208,matplotlib__matplotlib-26208,20250807_openhands_gpt5,20250807_openhands_gpt5,20250807_openhands_gpt5,1,step,57,57
20250807_openhands_gpt5/matplotlib__matplotlib-26466,matplotlib__matplotlib-26466,20250807_openhands_gpt5,20250807_openhands_gpt5,20250807_openhands_gpt5,1,step,15,15
20250807_openhands_gpt5/mwaskom__seaborn-3187,mwaskom__seaborn-3187,20250807_openhands_gpt5,20250807_openhands_gpt5,20250807_openhands_gpt5,1,step,48,48
20250807_openhands_gpt5/psf__requests-1724,psf__requests-1724,20250807_openhands_gpt5,20250807_openhands_gpt5,20250807_openhands_gpt5,1,step,33,33
20250807_openhands_gpt5/psf__requests-1766,psf__requests-1766,20250807_openhands_gpt5,20250807_openhands_gpt5,20250807_openhands_gpt5,1,step,29,29
20250807_openhands_gpt5/psf__requests-2317,psf__requests-2317,20250807_openhands_gpt5,20250807_openhands_gpt5,20250807_openhands_gpt5,1,step,25,25
20250807_openhands_gpt5/psf__requests-2931,psf__requests-2931,20250807_openhands_gpt5,20250807_openhands_gpt5,20250807_openhands_gpt5,1,step,25,25
20250807_openhands_gpt5/psf__requests-6028,psf__requests-6028,20250807_openhands_gpt5,20250807_openhands_gpt5,20250807_openhands_gpt5,1,step,37,37
20250807_openhands_gpt5/pydata__xarray-4687,pydata__xarray-4687,20250807_openhands_gpt5,20250807_openhands_gpt5,20250807_openhands_gpt5,1,step,32,32
20250807_openhands_gpt5/pydata__xarray-6599,pydata__xarray-6599,20250807_openhands_gpt5,20250807_openhands_gpt5,20250807_openhands_gpt5,1,step,31,31
20250807_openhands_gpt5/pydata__xarray-6938,pydata__xarray-6938,20250807_openhands_gpt5,20250807_openhands_gpt5,20250807_openhands_gpt5,1,step,32,32
20250807_openhands_gpt5/pydata__xarray-6992,pydata__xarray-6992,20250807_openhands_gpt5,20250807_openhands_gpt5,20250807_openhands_gpt5,1,step,7,7
20250807_openhands_gpt5/pydata__xarray-7229,pydata__xarray-7229,20250807_openhands_gpt5,20250807_openhands_gpt5,20250807_openhands_gpt5,1,step,37,37
20250807_openhands_gpt5/pylint-dev__pylint-4551,pylint-dev__pylint-4551,20250807_openhands_gpt5,20250807_openhands_gpt5,20250807_openhands_gpt5,1,step,35,35
20250807_openhands_gpt5/pylint-dev__pylint-4604,pylint-dev__pylint-4604,20250807_openhands_gpt5,20250807_openhands_gpt5,20250807_openhands_gpt5,1,step,58,58
20250807_openhands_gpt5/pylint-dev__pylint-4661,pylint-dev__pylint-4661,20250807_openhands_gpt5,20250807_openhands_gpt5,20250807_openhands_gpt5,1,step,30,30
20250807_openhands_gpt5/pylint-dev__pylint-4970,pylint-dev__pylint-4970,20250807_openhands_gpt5,20250807_openhands_gpt5,20250807_openhands_gpt5,1,step,56,56
20250807_openhands_gpt5/pylint-dev__pylint-7080,pylint-dev__pylint-7080,20250807_openhands_gpt5,20250807_openhands_gpt5,20250807_openhands_gpt5,1,step,27,27
20250807_openhands_gpt5/pylint-dev__pylint-8898,pylint-dev__pylint-8898,20250807_openhands_gpt5,20250807_openhands_gpt5,20250807_openhands_gpt5,1,step,41,41
20250807_openhands_gpt5/pytest-dev__pytest-10356,pytest-dev__pytest-10356,20250807_openhands_gpt5,20250807_openhands_gpt5,20250807_openhands_gpt5,1,step,47,47
20250807_openhands_gpt5/pytest-dev__pytest-5840,pytest-dev__pytest-5840,20250807_openhands_gpt5,20250807_openhands_gpt5,20250807_openhands_gpt5,1,step,27,27
20250807_openhands_gpt5/pytest-dev__pytest-6197,pytest-dev__pytest-6197,20250807_openhands_gpt5,20250807_openhands_gpt5,20250807_openhands_gpt5,1,step,33,33
20250807_openhands_gpt5/pytest-dev__pytest-7205,pytest-dev__pytest-7205,20250807_openhands_gpt5,20250807_openhands_gpt5,20250807_openhands_gpt5,1,step,32,32
20250807_openhands_gpt5/scikit-learn__scikit-learn-12973,scikit-learn__scikit-learn-12973,20250807_openhands_gpt5,20250807_openhands_gpt5,20250807_openhands_gpt5,1,step,19,19
20250807_openhands_gpt5/scikit-learn__scikit-learn-14629,scikit-learn__scikit-learn-14629,20250807_openhands_gpt5,20250807_openhands_gpt5,20250807_openhands_gpt5,1,step,15,15
20250807_openhands_gpt5/scikit-learn__scikit-learn-25102,scikit-learn__scikit-learn-25102,20250807_openhands_gpt5,20250807_openhands_gpt5,20250807_openhands_gpt5,1,step,47,47
20250807_openhands_gpt5/scikit-learn__scikit-learn-25747,scikit-learn__scikit-learn-25747,20250807_openhands_gpt5,20250807_openhands_gpt5,20250807_openhands_gpt5,1,step,18,18
20250807_openhands_gpt5/scikit-learn__scikit-learn-26194,scikit-learn__scikit-learn-26194,20250807_openhands_gpt5,20250807_openhands_gpt5,20250807_openhands_gpt5,1,step,22,22
20250807_openhands_gpt5/sphinx-doc__sphinx-10435,sphinx-doc__sphinx-10435,20250807_openhands_gpt5,20250807_openhands_gpt5,20250807_openhands_gpt5,1,step,38,38
20250807_openhands_gpt5/sphinx-doc__sphinx-10614,sphinx-doc__sphinx-10614,20250807_openhands_gpt5,20250807_openhands_gpt5,20250807_openhands_gpt5,1,step,20,20
20250807_openhands_gpt5/sphinx-doc__sphinx-11510,sphinx-doc__sphinx-11510,20250807_openhands_gpt5,20250807_openhands_gpt5,20250807_openhands_gpt5,1,step,22,22
20250807_openhands_gpt5/sphinx-doc__sphinx-7462,sphinx-doc__sphinx-7462,20250807_openhands_gpt5,20250807_openhands_gpt5,20250807_openhands_gpt5,1,step,17,17
20250807_openhands_gpt5/sphinx-doc__sphinx-7590,sphinx-doc__sphinx-7590,20250807_openhands_gpt5,20250807_openhands_gpt5,20250807_openhands_gpt5,1,step,28,28
20250807_openhands_gpt5/sphinx-doc__sphinx-7748,sphinx-doc__sphinx-7748,20250807_openhands_gpt5,20250807_openhands_gpt5,20250807_openhands_gpt5,1,step,54,54
20250807_openhands_gpt5/sphinx-doc__sphinx-7985,sphinx-doc__sphinx-7985,20250807_openhands_gpt5,20250807_openhands_gpt5,20250807_openhands_gpt5,1,step,24,24
20250807_openhands_gpt5/sphinx-doc__sphinx-8056,sphinx-doc__sphinx-8056,20250807_openhands_gpt5,20250807_openhands_gpt5,20250807_openhands_gpt5,1,step,30,30
20250807_openhands_gpt5/sphinx-doc__sphinx-8265,sphinx-doc__sphinx-8265,20250807_openhands_gpt5,20250807_openhands_gpt5,20250807_openhands_gpt5,1,step,28,28
20250807_openhands_gpt5/sphinx-doc__sphinx-8475,sphinx-doc__sphinx-8475,20250807_openhands_gpt5,20250807_openhands_gpt5,20250807_openhands_gpt5,1,step,13,13
20250807_openhands_gpt5/sphinx-doc__sphinx-8548,sphinx-doc__sphinx-8548,20250807_openhands_gpt5,20250807_openhands_gpt5,20250807_openhands_gpt5,1,step,48,48
20250807_openhands_gpt5/sphinx-doc__sphinx-9229,sphinx-doc__sphinx-9229,20250807_openhands_gpt5,20250807_openhands_gpt5,20250807_openhands_gpt5,1,step,41,41
20250807_openhands_gpt5/sphinx-doc__sphinx-9461,sphinx-doc__sphinx-9461,20250807_openhands_gpt5,20250807_openhands_gpt5,20250807_openhands_gpt5,1,step,36,36
20250807_openhands_gpt5/sphinx-doc__sphinx-9591,sphinx-doc__sphinx-9591,20250807_openhands_gpt5,20250807_openhands_gpt5,20250807_openhands_gpt5,1,step,79,79
20250807_openhands_gpt5/sphinx-doc__sphinx-9602,sphinx-doc__sphinx-9602,20250807_openhands_gpt5,20250807_openhands_gpt5,20250807_openhands_gpt5,1,step,28,28
20250807_openhands_gpt5/sphinx-doc__sphinx-9658,sphinx-doc__sphinx-9658,20250807_openhands_gpt5,20250807_openhands_gpt5,20250807_openhands_gpt5,1,step,42,42
20250807_openhands_gpt5/sympy__sympy-13091,sympy__sympy-13091,20250807_openhands_gpt5,20250807_openhands_gpt5,20250807_openhands_gpt5,1,step,44,44
20250807_openhands_gpt5/sympy__sympy-13798,sympy__sympy-13798,20250807_openhands_gpt5,20250807_openhands_gpt5,20250807_openhands_gpt5,1,step,23,23
20250807_openhands_gpt5/sympy__sympy-13852,sympy__sympy-13852,20250807_openhands_gpt5,20250807_openhands_gpt5,20250807_openhands_gpt5,1,step,30,30
20250807_openhands_gpt5/sympy__sympy-13877,sympy__sympy-13877,20250807_openhands_gpt5,20250807_openhands_gpt5,20250807_openhands_gpt5,1,step,34,34
20250807_openhands_gpt5/sympy__sympy-13974,sympy__sympy-13974,20250807_openhands_gpt5,20250807_openhands_gpt5,20250807_openhands_gpt5,1,step,34,34
20250807_openhands_gpt5/sympy__sympy-14248,sympy__sympy-14248,20250807_openhands_gpt5,20250807_openhands_gpt5,20250807_openhands_gpt5,1,step,55,55
20250807_openhands_gpt5/sympy__sympy-14976,sympy__sympy-14976,20250807_openhands_gpt5,20250807_openhands_gpt5,20250807_openhands_gpt5,1,step,29,29
20250807_openhands_gpt5/sympy__sympy-15017,sympy__sympy-15017,20250807_openhands_gpt5,20250807_openhands_gpt5,20250807_openhands_gpt5,1,step,50,50
20250807_openhands_gpt5/sympy__sympy-16597,sympy__sympy-16597,20250807_openhands_gpt5,20250807_openhands_gpt5,20250807_openhands_gpt5,1,step,35,35
20250807_openhands_gpt5/sympy__sympy-17318,sympy__sympy-17318,20250807_openhands_gpt5,20250807_openhands_gpt5,20250807_openhands_gpt5,1,step,29,29
20250807_openhands_gpt5/sympy__sympy-17630,sympy__sympy-17630,20250807_openhands_gpt5,20250807_openhands_gpt5,20250807_openhands_gpt5,1,step,28,28
20250807_openhands_gpt5/sympy__sympy-17655,sympy__sympy-17655,20250807_openhands_gpt5,20250807_openhands_gpt5,20250807_openhands_gpt5,1,step,19,19
20250807_openhands_gpt5/sympy__sympy-18199,sympy__sympy-18199,20250807_openhands_gpt5,20250807_openhands_gpt5,20250807_openhands_gpt5,1,step,23,23
20250807_openhands_gpt5/sympy__sympy-18698,sympy__sympy-18698,20250807_openhands_gpt5,20250807_openhands_gpt5,20250807_openhands_gpt5,1,step,30,30
20250807_openhands_gpt5/sympy__sympy-18763,sympy__sympy-18763,20250807_openhands_gpt5,20250807_openhands_gpt5,20250807_openhands_gpt5,1,step,28,28
20250807_openhands_gpt5/sympy__sympy-19040,sympy__sympy-19040,20250807_openhands_gpt5,20250807_openhands_gpt5,20250807_openhands_gpt5,1,step,69,69
20250807_openhands_gpt5/sympy__sympy-19495,sympy__sympy-19495,20250807_openhands_gpt5,20250807_openhands_gpt5,20250807_openhands_gpt5,1,step,26,26
20250807_openhands_gpt5/sympy__sympy-19783,sympy__sympy-19783,20250807_openhands_gpt5,20250807_openhands_gpt5,20250807_openhands_gpt5,1,step,23,23
20250807_openhands_gpt5/sympy__sympy-20428,sympy__sympy-20428,20250807_openhands_gpt5,20250807_openhands_gpt5,20250807_openhands_gpt5,1,step,32,32
20250807_openhands_gpt5/sympy__sympy-20438,sympy__sympy-20438,20250807_openhands_gpt5,20250807_openhands_gpt5,20250807_openhands_gpt5,1,step,38,38
20250807_openhands_gpt5/sympy__sympy-20916,sympy__sympy-20916,20250807_openhands_gpt5,20250807_openhands_gpt5,20250807_openhands_gpt5,1,step,18,18
20250807_openhands_gpt5/sympy__sympy-21596,sympy__sympy-21596,20250807_openhands_gpt5,20250807_openhands_gpt5,20250807_openhands_gpt5,1,step,26,26
20250807_openhands_gpt5/sympy__sympy-21612,sympy__sympy-21612,20250807_openhands_gpt5,20250807_openhands_gpt5,20250807_openhands_gpt5,1,step,27,27
20250807_openhands_gpt5/sympy__sympy-21930,sympy__sympy-21930,20250807_openhands_gpt5,20250807_openhands_gpt5,20250807_openhands_gpt5,1,step,23,23
20250807_openhands_gpt5/sympy__sympy-22080,sympy__sympy-22080,20250807_openhands_gpt5,20250807_openhands_gpt5,20250807_openhands_gpt5,1,step,23,23
20250807_openhands_gpt5/sympy__sympy-23950,sympy__sympy-23950,20250807_openhands_gpt5,20250807_openhands_gpt5,20250807_openhands_gpt5,1,step,38,38
20250807_openhands_gpt5/astropy__astropy-12907,astropy__astropy-12907,20250807_openhands_gpt5,20250807_openhands_gpt5,20250807_openhands_gpt5,0,step,14,14
20250807_openhands_gpt5/astropy__astropy-13453,astropy__astropy-13453,20250807_openhands_gpt5,20250807_openhands_gpt5,20250807_openhands_gpt5,0,step,37,37
20250807_openhands_gpt5/astropy__astropy-13579,astropy__astropy-13579,20250807_openhands_gpt5,20250807_openhands_gpt5,20250807_openhands_gpt5,0,step,19,19
20250807_openhands_gpt5/astropy__astropy-14096,astropy__astropy-14096,20250807_openhands_gpt5,20250807_openhands_gpt5,20250807_openhands_gpt5,0,step,15,15
20250807_openhands_gpt5/astropy__astropy-14182,astropy__astropy-14182,20250807_openhands_gpt5,20250807_openhands_gpt5,20250807_openhands_gpt5,0,step,16,16
20250807_openhands_gpt5/astropy__astropy-14309,astropy__astropy-14309,20250807_openhands_gpt5,20250807_openhands_gpt5,20250807_openhands_gpt5,0,step,13,13
20250807_openhands_gpt5/astropy__astropy-14508,astropy__astropy-14508,20250807_openhands_gpt5,20250807_openhands_gpt5,20250807_openhands_gpt5,0,step,15,15
20250807_openhands_gpt5/astropy__astropy-14539,astropy__astropy-14539,20250807_openhands_gpt5,20250807_openhands_gpt5,20250807_openhands_gpt5,0,step,18,18
20250807_openhands_gpt5/astropy__astropy-14598,astropy__astropy-14598,20250807_openhands_gpt5,20250807_openhands_gpt5,20250807_openhands_gpt5,0,step,31,31
20250807_openhands_gpt5/astropy__astropy-14995,astropy__astropy-14995,20250807_openhands_gpt5,20250807_openhands_gpt5,20250807_openhands_gpt5,0,step,16,16
20250807_openhands_gpt5/astropy__astropy-7166,astropy__astropy-7166,20250807_openhands_gpt5,20250807_openhands_gpt5,20250807_openhands_gpt5,0,step,25,25
20250807_openhands_gpt5/astropy__astropy-7336,astropy__astropy-7336,20250807_openhands_gpt5,20250807_openhands_gpt5,20250807_openhands_gpt5,0,step,12,12
20250807_openhands_gpt5/astropy__astropy-7671,astropy__astropy-7671,20250807_openhands_gpt5,20250807_openhands_gpt5,20250807_openhands_gpt5,0,step,15,15
20250807_openhands_gpt5/django__django-10097,django__django-10097,20250807_openhands_gpt5,20250807_openhands_gpt5,20250807_openhands_gpt5,0,step,25,25
20250807_openhands_gpt5/django__django-10880,django__django-10880,20250807_openhands_gpt5,20250807_openhands_gpt5,20250807_openhands_gpt5,0,step,28,28
20250807_openhands_gpt5/django__django-10914,django__django-10914,20250807_openhands_gpt5,20250807_openhands_gpt5,20250807_openhands_gpt5,0,step,19,19
20250807_openhands_gpt5/django__django-10973,django__django-10973,20250807_openhands_gpt5,20250807_openhands_gpt5,20250807_openhands_gpt5,0,step,27,27
20250807_openhands_gpt5/django__django-11066,django__django-11066,20250807_openhands_gpt5,20250807_openhands_gpt5,20250807_openhands_gpt5,0,step,17,17
20250807_openhands_gpt5/django__django-11095,django__django-11095,20250807_openhands_gpt5,20250807_openhands_gpt5,20250807_openhands_gpt5,0,step,35,35
20250807_openhands_gpt5/django__django-11099,django__django-11099,20250807_openhands_gpt5,20250807_openhands_gpt5,20250807_openhands_gpt5,0,step,25,25
20250807_openhands_gpt5/django__django-11119,django__django-11119,20250807_openhands_gpt5,20250807_openhands_gpt5,20250807_openhands_gpt5,0,step,25,25
20250807_openhands_gpt5/django__django-11133,django__django-11133,20250807_openhands_gpt5,20250807_openhands_gpt5,20250807_openhands_gpt5,0,step,27,27
20250807_openhands_gpt5/django__django-11138,django__django-11138,20250807_openhands_gpt5,20250807_openhands_gpt5,20250807_openhands_gpt5,0,step,40,40
20250807_openhands_gpt5/django__django-11163,django__django-11163,20250807_openhands_gpt5,20250807_openhands_gpt5,20250807_openhands_gpt5,0,step,22,22
20250807_openhands_gpt5/django__django-11179,django__django-11179,20250807_openhands_gpt5,20250807_openhands_gpt5,20250807_openhands_gpt5,0,step,36,36
20250807_openhands_gpt5/django__django-11206,django__django-11206,20250807_openhands_gpt5,20250807_openhands_gpt5,20250807_openhands_gpt5,0,step,27,27
20250807_openhands_gpt5/django__django-11211,django__django-11211,20250807_openhands_gpt5,20250807_openhands_gpt5,20250807_openhands_gpt5,0,step,23,23
20250807_openhands_gpt5/django__django-11239,django__django-11239,20250807_openhands_gpt5,20250807_openhands_gpt5,20250807_openhands_gpt5,0,step,31,31
20250807_openhands_gpt5/django__django-11276,django__django-11276,20250807_openhands_gpt5,20250807_openhands_gpt5,20250807_openhands_gpt5,0,step,41,41
20250807_openhands_gpt5/django__django-11292,django__django-11292,20250807_openhands_gpt5,20250807_openhands_gpt5,20250807_openhands_gpt5,0,step,26,26
20250807_openhands_gpt5/django__django-11299,django__django-11299,20250807_openhands_gpt5,20250807_openhands_gpt5,20250807_openhands_gpt5,0,step,30,30
20250807_openhands_gpt5/django__django-11333,django__django-11333,20250807_openhands_gpt5,20250807_openhands_gpt5,20250807_openhands_gpt5,0,step,32,32
20250807_openhands_gpt5/django__django-11433,django__django-11433,20250807_openhands_gpt5,20250807_openhands_gpt5,20250807_openhands_gpt5,0,step,37,37
20250807_openhands_gpt5/django__django-11451,django__django-11451,20250807_openhands_gpt5,20250807_openhands_gpt5,20250807_openhands_gpt5,0,step,22,22
20250807_openhands_gpt5/django__django-11551,django__django-11551,20250807_openhands_gpt5,20250807_openhands_gpt5,20250807_openhands_gpt5,0,step,22,22
20250807_openhands_gpt5/django__django-11555,django__django-11555,20250807_openhands_gpt5,20250807_openhands_gpt5,20250807_openhands_gpt5,0,step,24,24
20250807_openhands_gpt5/django__django-11603,django__django-11603,20250807_openhands_gpt5,20250807_openhands_gpt5,20250807_openhands_gpt5,0,step,48,48
20250807_openhands_gpt5/django__django-11740,django__django-11740,20250807_openhands_gpt5,20250807_openhands_gpt5,20250807_openhands_gpt5,0,step,22,22
20250807_openhands_gpt5/django__django-11749,django__django-11749,20250807_openhands_gpt5,20250807_openhands_gpt5,20250807_openhands_gpt5,0,step,42,42
20250807_openhands_gpt5/django__django-11848,django__django-11848,20250807_openhands_gpt5,20250807_openhands_gpt5,20250807_openhands_gpt5,0,step,22,22
20250807_openhands_gpt5/django__django-11880,django__django-11880,20250807_openhands_gpt5,20250807_openhands_gpt5,20250807_openhands_gpt5,0,step,28,28
20250807_openhands_gpt5/django__django-11951,django__django-11951,20250807_openhands_gpt5,20250807_openhands_gpt5,20250807_openhands_gpt5,0,step,24,24
20250807_openhands_gpt5/django__django-11999,django__django-11999,20250807_openhands_gpt5,20250807_openhands_gpt5,20250807_openhands_gpt5,0,step,68,68
20250807_openhands_gpt5/django__django-12039,django__django-12039,20250807_openhands_gpt5,20250807_openhands_gpt5,20250807_openhands_gpt5,0,step,33,33
20250807_openhands_gpt5/django__django-12050,django__django-12050,20250807_openhands_gpt5,20250807_openhands_gpt5,20250807_openhands_gpt5,0,step,33,33
20250807_openhands_gpt5/django__django-12125,django__django-12125,20250807_openhands_gpt5,20250807_openhands_gpt5,20250807_openhands_gpt5,0,step,35,35
20250807_openhands_gpt5/django__django-12143,django__django-12143,20250807_openhands_gpt5,20250807_openhands_gpt5,20250807_openhands_gpt5,0,step,20,20
20250807_openhands_gpt5/django__django-12155,django__django-12155,20250807_openhands_gpt5,20250807_openhands_gpt5,20250807_openhands_gpt5,0,step,11,11
20250807_openhands_gpt5/django__django-12193,django__django-12193,20250807_openhands_gpt5,20250807_openhands_gpt5,20250807_openhands_gpt5,0,step,40,40
20250807_openhands_gpt5/django__django-12209,django__django-12209,20250807_openhands_gpt5,20250807_openhands_gpt5,20250807_openhands_gpt5,0,step,31,31
20250807_openhands_gpt5/django__django-12262,django__django-12262,20250807_openhands_gpt5,20250807_openhands_gpt5,20250807_openhands_gpt5,0,step,44,44
20250807_openhands_gpt5/django__django-12276,django__django-12276,20250807_openhands_gpt5,20250807_openhands_gpt5,20250807_openhands_gpt5,0,step,21,21
20250807_openhands_gpt5/django__django-12304,django__django-12304,20250807_openhands_gpt5,20250807_openhands_gpt5,20250807_openhands_gpt5,0,step,29,29
20250807_openhands_gpt5/django__django-12419,django__django-12419,20250807_openhands_gpt5,20250807_openhands_gpt5,20250807_openhands_gpt5,0,step,38,38
20250807_openhands_gpt5/django__django-12663,django__django-12663,20250807_openhands_gpt5,20250807_openhands_gpt5,20250807_openhands_gpt5,0,step,65,65
20250807_openhands_gpt5/django__django-12708,django__django-12708,20250807_openhands_gpt5,20250807_openhands_gpt5,20250807_openhands_gpt5,0,step,35,35
20250807_openhands_gpt5/django__django-12713,django__django-12713,20250807_openhands_gpt5,20250807_openhands_gpt5,20250807_openhands_gpt5,0,step,33,33
20250807_openhands_gpt5/django__django-12741,django__django-12741,20250807_openhands_gpt5,20250807_openhands_gpt5,20250807_openhands_gpt5,0,step,29,29
20250807_openhands_gpt5/django__django-12754,django__django-12754,20250807_openhands_gpt5,20250807_openhands_gpt5,20250807_openhands_gpt5,0,step,22,22
20250807_openhands_gpt5/django__django-12774,django__django-12774,20250807_openhands_gpt5,20250807_openhands_gpt5,20250807_openhands_gpt5,0,step,36,36
20250807_openhands_gpt5/django__django-12858,django__django-12858,20250807_openhands_gpt5,20250807_openhands_gpt5,20250807_openhands_gpt5,0,step,29,29
20250807_openhands_gpt5/django__django-12965,django__django-12965,20250807_openhands_gpt5,20250807_openhands_gpt5,20250807_openhands_gpt5,0,step,38,38
20250807_openhands_gpt5/django__django-13012,django__django-13012,20250807_openhands_gpt5,20250807_openhands_gpt5,20250807_openhands_gpt5,0,step,29,29
20250807_openhands_gpt5/django__django-13028,django__django-13028,20250807_openhands_gpt5,20250807_openhands_gpt5,20250807_openhands_gpt5,0,step,21,21
20250807_openhands_gpt5/django__django-13033,django__django-13033,20250807_openhands_gpt5,20250807_openhands_gpt5,20250807_openhands_gpt5,0,step,40,40
20250807_openhands_gpt5/django__django-13089,django__django-13089,20250807_openhands_gpt5,20250807_openhands_gpt5,20250807_openhands_gpt5,0,step,18,18
20250807_openhands_gpt5/django__django-13109,django__django-13109,20250807_openhands_gpt5,20250807_openhands_gpt5,20250807_openhands_gpt5,0,step,21,21
20250807_openhands_gpt5/django__django-13112,django__django-13112,20250807_openhands_gpt5,20250807_openhands_gpt5,20250807_openhands_gpt5,0,step,46,46
20250807_openhands_gpt5/django__django-13121,django__django-13121,20250807_openhands_gpt5,20250807_openhands_gpt5,20250807_openhands_gpt5,0,step,40,40
20250807_openhands_gpt5/django__django-13128,django__django-13128,20250807_openhands_gpt5,20250807_openhands_gpt5,20250807_openhands_gpt5,0,step,19,19
20250807_openhands_gpt5/django__django-13158,django__django-13158,20250807_openhands_gpt5,20250807_openhands_gpt5,20250807_openhands_gpt5,0,step,57,57
20250807_openhands_gpt5/django__django-13195,django__django-13195,20250807_openhands_gpt5,20250807_openhands_gpt5,20250807_openhands_gpt5,0,step,48,48
20250807_openhands_gpt5/django__django-13279,django__django-13279,20250807_openhands_gpt5,20250807_openhands_gpt5,20250807_openhands_gpt5,0,step,29,29
20250807_openhands_gpt5/django__django-13297,django__django-13297,20250807_openhands_gpt5,20250807_openhands_gpt5,20250807_openhands_gpt5,0,step,22,22
20250807_openhands_gpt5/django__django-13315,django__django-13315,20250807_openhands_gpt5,20250807_openhands_gpt5,20250807_openhands_gpt5,0,step,36,36
20250807_openhands_gpt5/django__django-13343,django__django-13343,20250807_openhands_gpt5,20250807_openhands_gpt5,20250807_openhands_gpt5,0,step,37,37
20250807_openhands_gpt5/django__django-13346,django__django-13346,20250807_openhands_gpt5,20250807_openhands_gpt5,20250807_openhands_gpt5,0,step,32,32
20250807_openhands_gpt5/django__django-13363,django__django-13363,20250807_openhands_gpt5,20250807_openhands_gpt5,20250807_openhands_gpt5,0,step,23,23
20250807_openhands_gpt5/django__django-13401,django__django-13401,20250807_openhands_gpt5,20250807_openhands_gpt5,20250807_openhands_gpt5,0,step,64,64
20250807_openhands_gpt5/django__django-13406,django__django-13406,20250807_openhands_gpt5,20250807_openhands_gpt5,20250807_openhands_gpt5,0,step,32,32
20250807_openhands_gpt5/django__django-13410,django__django-13410,20250807_openhands_gpt5,20250807_openhands_gpt5,20250807_openhands_gpt5,0,step,18,18
20250807_openhands_gpt5/django__django-13417,django__django-13417,20250807_openhands_gpt5,20250807_openhands_gpt5,20250807_openhands_gpt5,0,step,25,25
20250807_openhands_gpt5/django__django-13449,django__django-13449,20250807_openhands_gpt5,20250807_openhands_gpt5,20250807_openhands_gpt5,0,step,46,46
20250807_openhands_gpt5/django__django-13512,django__django-13512,20250807_openhands_gpt5,20250807_openhands_gpt5,20250807_openhands_gpt5,0,step,27,27
20250807_openhands_gpt5/django__django-13516,django__django-13516,20250807_openhands_gpt5,20250807_openhands_gpt5,20250807_openhands_gpt5,0,step,26,26
20250807_openhands_gpt5/django__django-13551,django__django-13551,20250807_openhands_gpt5,20250807_openhands_gpt5,20250807_openhands_gpt5,0,step,33,33
20250807_openhands_gpt5/django__django-13568,django__django-13568,20250807_openhands_gpt5,20250807_openhands_gpt5,20250807_openhands_gpt5,0,step,33,33
20250807_openhands_gpt5/django__django-13569,django__django-13569,20250807_openhands_gpt5,20250807_openhands_gpt5,20250807_openhands_gpt5,0,step,35,35
20250807_openhands_gpt5/django__django-13590,django__django-13590,20250807_openhands_gpt5,20250807_openhands_gpt5,20250807_openhands_gpt5,0,step,29,29
20250807_openhands_gpt5/django__django-13658,django__django-13658,20250807_openhands_gpt5,20250807_openhands_gpt5,20250807_openhands_gpt5,0,step,19,19
20250807_openhands_gpt5/django__django-13670,django__django-13670,20250807_openhands_gpt5,20250807_openhands_gpt5,20250807_openhands_gpt5,0,step,22,22
20250807_openhands_gpt5/django__django-13741,django__django-13741,20250807_openhands_gpt5,20250807_openhands_gpt5,20250807_openhands_gpt5,0,step,43,43
20250807_openhands_gpt5/django__django-13786,django__django-13786,20250807_openhands_gpt5,20250807_openhands_gpt5,20250807_openhands_gpt5,0,step,23,23
20250807_openhands_gpt5/django__django-13807,django__django-13807,20250807_openhands_gpt5,20250807_openhands_gpt5,20250807_openhands_gpt5,0,step,21,21
20250807_openhands_gpt5/django__django-13809,django__django-13809,20250807_openhands_gpt5,20250807_openhands_gpt5,20250807_openhands_gpt5,0,step,30,30
20250807_openhands_gpt5/django__django-13810,django__django-13810,20250807_openhands_gpt5,20250807_openhands_gpt5,20250807_openhands_gpt5,0,step,30,30
20250807_openhands_gpt5/django__django-13820,django__django-13820,20250807_openhands_gpt5,20250807_openhands_gpt5,20250807_openhands_gpt5,0,step,22,22
20250807_openhands_gpt5/django__django-13821,django__django-13821,20250807_openhands_gpt5,20250807_openhands_gpt5,20250807_openhands_gpt5,0,step,68,68
20250807_openhands_gpt5/django__django-13837,django__django-13837,20250807_openhands_gpt5,20250807_openhands_gpt5,20250807_openhands_gpt5,0,step,20,20
20250807_openhands_gpt5/django__django-13925,django__django-13925,20250807_openhands_gpt5,20250807_openhands_gpt5,20250807_openhands_gpt5,0,step,32,32
20250807_openhands_gpt5/django__django-13933,django__django-13933,20250807_openhands_gpt5,20250807_openhands_gpt5,20250807_openhands_gpt5,0,step,23,23
20250807_openhands_gpt5/django__django-13964,django__django-13964,20250807_openhands_gpt5,20250807_openhands_gpt5,20250807_openhands_gpt5,0,step,44,44
20250807_openhands_gpt5/django__django-14007,django__django-14007,20250807_openhands_gpt5,20250807_openhands_gpt5,20250807_openhands_gpt5,0,step,63,63
20250807_openhands_gpt5/django__django-14017,django__django-14017,20250807_openhands_gpt5,20250807_openhands_gpt5,20250807_openhands_gpt5,0,step,45,45
20250807_openhands_gpt5/django__django-14053,django__django-14053,20250807_openhands_gpt5,20250807_openhands_gpt5,20250807_openhands_gpt5,0,step,36,36
20250807_openhands_gpt5/django__django-14089,django__django-14089,20250807_openhands_gpt5,20250807_openhands_gpt5,20250807_openhands_gpt5,0,step,27,27
20250807_openhands_gpt5/django__django-14122,django__django-14122,20250807_openhands_gpt5,20250807_openhands_gpt5,20250807_openhands_gpt5,0,step,38,38
20250807_openhands_gpt5/django__django-14140,django__django-14140,20250807_openhands_gpt5,20250807_openhands_gpt5,20250807_openhands_gpt5,0,step,33,33
20250807_openhands_gpt5/django__django-14238,django__django-14238,20250807_openhands_gpt5,20250807_openhands_gpt5,20250807_openhands_gpt5,0,step,29,29
20250807_openhands_gpt5/django__django-14349,django__django-14349,20250807_openhands_gpt5,20250807_openhands_gpt5,20250807_openhands_gpt5,0,step,39,39
20250807_openhands_gpt5/django__django-14351,django__django-14351,20250807_openhands_gpt5,20250807_openhands_gpt5,20250807_openhands_gpt5,0,step,38,38
20250807_openhands_gpt5/django__django-14373,django__django-14373,20250807_openhands_gpt5,20250807_openhands_gpt5,20250807_openhands_gpt5,0,step,34,34
20250807_openhands_gpt5/django__django-14376,django__django-14376,20250807_openhands_gpt5,20250807_openhands_gpt5,20250807_openhands_gpt5,0,step,38,38
20250807_openhands_gpt5/django__django-14404,django__django-14404,20250807_openhands_gpt5,20250807_openhands_gpt5,20250807_openhands_gpt5,0,step,40,40
20250807_openhands_gpt5/django__django-14434,django__django-14434,20250807_openhands_gpt5,20250807_openhands_gpt5,20250807_openhands_gpt5,0,step,26,26
20250807_openhands_gpt5/django__django-14493,django__django-14493,20250807_openhands_gpt5,20250807_openhands_gpt5,20250807_openhands_gpt5,0,step,32,32
20250807_openhands_gpt5/django__django-14500,django__django-14500,20250807_openhands_gpt5,20250807_openhands_gpt5,20250807_openhands_gpt5,0,step,27,27
20250807_openhands_gpt5/django__django-14539,django__django-14539,20250807_openhands_gpt5,20250807_openhands_gpt5,20250807_openhands_gpt5,0,step,27,27
20250807_openhands_gpt5/django__django-14559,django__django-14559,20250807_openhands_gpt5,20250807_openhands_gpt5,20250807_openhands_gpt5,0,step,22,22
20250807_openhands_gpt5/django__django-14580,django__django-14580,20250807_openhands_gpt5,20250807_openhands_gpt5,20250807_openhands_gpt5,0,step,21,21
20250807_openhands_gpt5/django__django-14608,django__django-14608,20250807_openhands_gpt5,20250807_openhands_gpt5,20250807_openhands_gpt5,0,step,42,42
20250807_openhands_gpt5/django__django-14631,django__django-14631,20250807_openhands_gpt5,20250807_openhands_gpt5,20250807_openhands_gpt5,0,step,42,42
20250807_openhands_gpt5/django__django-14672,django__django-14672,20250807_openhands_gpt5,20250807_openhands_gpt5,20250807_openhands_gpt5,0,step,20,20
20250807_openhands_gpt5/django__django-14752,django__django-14752,20250807_openhands_gpt5,20250807_openhands_gpt5,20250807_openhands_gpt5,0,step,25,25
20250807_openhands_gpt5/django__django-14765,django__django-14765,20250807_openhands_gpt5,20250807_openhands_gpt5,20250807_openhands_gpt5,0,step,35,35
20250807_openhands_gpt5/django__django-14771,django__django-14771,20250807_openhands_gpt5,20250807_openhands_gpt5,20250807_openhands_gpt5,0,step,33,33
20250807_openhands_gpt5/django__django-14787,django__django-14787,20250807_openhands_gpt5,20250807_openhands_gpt5,20250807_openhands_gpt5,0,step,18,18
20250807_openhands_gpt5/django__django-14855,django__django-14855,20250807_openhands_gpt5,20250807_openhands_gpt5,20250807_openhands_gpt5,0,step,57,57
20250807_openhands_gpt5/django__django-14915,django__django-14915,20250807_openhands_gpt5,20250807_openhands_gpt5,20250807_openhands_gpt5,0,step,30,30
20250807_openhands_gpt5/django__django-14999,django__django-14999,20250807_openhands_gpt5,20250807_openhands_gpt5,20250807_openhands_gpt5,0,step,35,35
20250807_openhands_gpt5/django__django-15022,django__django-15022,20250807_openhands_gpt5,20250807_openhands_gpt5,20250807_openhands_gpt5,0,step,20,20
20250807_openhands_gpt5/django__django-15037,django__django-15037,20250807_openhands_gpt5,20250807_openhands_gpt5,20250807_openhands_gpt5,0,step,65,65
20250807_openhands_gpt5/django__django-15103,django__django-15103,20250807_openhands_gpt5,20250807_openhands_gpt5,20250807_openhands_gpt5,0,step,22,22
20250807_openhands_gpt5/django__django-15104,django__django-15104,20250807_openhands_gpt5,20250807_openhands_gpt5,20250807_openhands_gpt5,0,step,17,17
20250807_openhands_gpt5/django__django-15127,django__django-15127,20250807_openhands_gpt5,20250807_openhands_gpt5,20250807_openhands_gpt5,0,step,19,19
20250807_openhands_gpt5/django__django-15128,django__django-15128,20250807_openhands_gpt5,20250807_openhands_gpt5,20250807_openhands_gpt5,0,step,36,36
20250807_openhands_gpt5/django__django-15161,django__django-15161,20250807_openhands_gpt5,20250807_openhands_gpt5,20250807_openhands_gpt5,0,step,47,47
20250807_openhands_gpt5/django__django-15268,django__django-15268,20250807_openhands_gpt5,20250807_openhands_gpt5,20250807_openhands_gpt5,0,step,43,43
20250807_openhands_gpt5/django__django-15277,django__django-15277,20250807_openhands_gpt5,20250807_openhands_gpt5,20250807_openhands_gpt5,0,step,24,24
20250807_openhands_gpt5/django__django-15278,django__django-15278,20250807_openhands_gpt5,20250807_openhands_gpt5,20250807_openhands_gpt5,0,step,37,37
20250807_openhands_gpt5/django__django-15315,django__django-15315,20250807_openhands_gpt5,20250807_openhands_gpt5,20250807_openhands_gpt5,0,step,23,23
20250807_openhands_gpt5/django__django-15368,django__django-15368,20250807_openhands_gpt5,20250807_openhands_gpt5,20250807_openhands_gpt5,0,step,28,28
20250807_openhands_gpt5/django__django-15375,django__django-15375,20250807_openhands_gpt5,20250807_openhands_gpt5,20250807_openhands_gpt5,0,step,39,39
20250807_openhands_gpt5/django__django-15380,django__django-15380,20250807_openhands_gpt5,20250807_openhands_gpt5,20250807_openhands_gpt5,0,step,36,36
20250807_openhands_gpt5/django__django-15382,django__django-15382,20250807_openhands_gpt5,20250807_openhands_gpt5,20250807_openhands_gpt5,0,step,57,57
20250807_openhands_gpt5/django__django-15467,django__django-15467,20250807_openhands_gpt5,20250807_openhands_gpt5,20250807_openhands_gpt5,0,step,30,30
20250807_openhands_gpt5/django__django-15499,django__django-15499,20250807_openhands_gpt5,20250807_openhands_gpt5,20250807_openhands_gpt5,0,step,31,31
20250807_openhands_gpt5/django__django-15525,django__django-15525,20250807_openhands_gpt5,20250807_openhands_gpt5,20250807_openhands_gpt5,0,step,25,25
20250807_openhands_gpt5/django__django-15561,django__django-15561,20250807_openhands_gpt5,20250807_openhands_gpt5,20250807_openhands_gpt5,0,step,29,29
20250807_openhands_gpt5/django__django-15569,django__django-15569,20250807_openhands_gpt5,20250807_openhands_gpt5,20250807_openhands_gpt5,0,step,15,15
20250807_openhands_gpt5/django__django-15572,django__django-15572,20250807_openhands_gpt5,20250807_openhands_gpt5,20250807_openhands_gpt5,0,step,29,29
20250807_openhands_gpt5/django__django-15695,django__django-15695,20250807_openhands_gpt5,20250807_openhands_gpt5,20250807_openhands_gpt5,0,step,26,26
20250807_openhands_gpt5/django__django-15731,django__django-15731,20250807_openhands_gpt5,20250807_openhands_gpt5,20250807_openhands_gpt5,0,step,30,30
20250807_openhands_gpt5/django__django-15732,django__django-15732,20250807_openhands_gpt5,20250807_openhands_gpt5,20250807_openhands_gpt5,0,step,21,21
20250807_openhands_gpt5/django__django-15741,django__django-15741,20250807_openhands_gpt5,20250807_openhands_gpt5,20250807_openhands_gpt5,0,step,36,36
20250807_openhands_gpt5/django__django-15814,django__django-15814,20250807_openhands_gpt5,20250807_openhands_gpt5,20250807_openhands_gpt5,0,step,28,28
20250807_openhands_gpt5/django__django-15851,django__django-15851,20250807_openhands_gpt5,20250807_openhands_gpt5,20250807_openhands_gpt5,0,step,30,30
20250807_openhands_gpt5/django__django-15863,django__django-15863,20250807_openhands_gpt5,20250807_openhands_gpt5,20250807_openhands_gpt5,0,step,23,23
20250807_openhands_gpt5/django__django-15930,django__django-15930,20250807_openhands_gpt5,20250807_openhands_gpt5,20250807_openhands_gpt5,0,step,36,36
20250807_openhands_gpt5/django__django-15987,django__django-15987,20250807_openhands_gpt5,20250807_openhands_gpt5,20250807_openhands_gpt5,0,step,27,27
20250807_openhands_gpt5/django__django-16032,django__django-16032,20250807_openhands_gpt5,20250807_openhands_gpt5,20250807_openhands_gpt5,0,step,52,52
20250807_openhands_gpt5/django__django-16082,django__django-16082,20250807_openhands_gpt5,20250807_openhands_gpt5,20250807_openhands_gpt5,0,step,25,25
20250807_openhands_gpt5/django__django-16100,django__django-16100,20250807_openhands_gpt5,20250807_openhands_gpt5,20250807_openhands_gpt5,0,step,44,44
20250807_openhands_gpt5/django__django-16116,django__django-16116,20250807_openhands_gpt5,20250807_openhands_gpt5,20250807_openhands_gpt5,0,step,27,27
20250807_openhands_gpt5/django__django-16136,django__django-16136,20250807_openhands_gpt5,20250807_openhands_gpt5,20250807_openhands_gpt5,0,step,28,28
20250807_openhands_gpt5/django__django-16139,django__django-16139,20250807_openhands_gpt5,20250807_openhands_gpt5,20250807_openhands_gpt5,0,step,53,53
20250807_openhands_gpt5/django__django-16145,django__django-16145,20250807_openhands_gpt5,20250807_openhands_gpt5,20250807_openhands_gpt5,0,step,26,26
20250807_openhands_gpt5/django__django-16255,django__django-16255,20250807_openhands_gpt5,20250807_openhands_gpt5,20250807_openhands_gpt5,0,step,17,17
20250807_openhands_gpt5/django__django-16315,django__django-16315,20250807_openhands_gpt5,20250807_openhands_gpt5,20250807_openhands_gpt5,0,step,36,36
20250807_openhands_gpt5/django__django-16333,django__django-16333,20250807_openhands_gpt5,20250807_openhands_gpt5,20250807_openhands_gpt5,0,step,28,28
20250807_openhands_gpt5/django__django-16429,django__django-16429,20250807_openhands_gpt5,20250807_openhands_gpt5,20250807_openhands_gpt5,0,step,16,16
20250807_openhands_gpt5/django__django-16485,django__django-16485,20250807_openhands_gpt5,20250807_openhands_gpt5,20250807_openhands_gpt5,0,step,30,30
20250807_openhands_gpt5/django__django-16493,django__django-16493,20250807_openhands_gpt5,20250807_openhands_gpt5,20250807_openhands_gpt5,0,step,33,33
20250807_openhands_gpt5/django__django-16527,django__django-16527,20250807_openhands_gpt5,20250807_openhands_gpt5,20250807_openhands_gpt5,0,step,27,27
20250807_openhands_gpt5/django__django-16560,django__django-16560,20250807_openhands_gpt5,20250807_openhands_gpt5,20250807_openhands_gpt5,0,step,85,85
20250807_openhands_gpt5/django__django-16569,django__django-16569,20250807_openhands_gpt5,20250807_openhands_gpt5,20250807_openhands_gpt5,0,step,18,18
20250807_openhands_gpt5/django__django-16595,django__django-16595,20250807_openhands_gpt5,20250807_openhands_gpt5,20250807_openhands_gpt5,0,step,22,22
20250807_openhands_gpt5/django__django-16612,django__django-16612,20250807_openhands_gpt5,20250807_openhands_gpt5,20250807_openhands_gpt5,0,step,23,23
20250807_openhands_gpt5/django__django-16661,django__django-16661,20250807_openhands_gpt5,20250807_openhands_gpt5,20250807_openhands_gpt5,0,step,30,30
20250807_openhands_gpt5/django__django-16662,django__django-16662,20250807_openhands_gpt5,20250807_openhands_gpt5,20250807_openhands_gpt5,0,step,16,16
20250807_openhands_gpt5/django__django-16801,django__django-16801,20250807_openhands_gpt5,20250807_openhands_gpt5,20250807_openhands_gpt5,0,step,15,15
20250807_openhands_gpt5/django__django-16819,django__django-16819,20250807_openhands_gpt5,20250807_openhands_gpt5,20250807_openhands_gpt5,0,step,45,45
20250807_openhands_gpt5/django__django-16899,django__django-16899,20250807_openhands_gpt5,20250807_openhands_gpt5,20250807_openhands_gpt5,0,step,22,22
20250807_openhands_gpt5/django__django-16901,django__django-16901,20250807_openhands_gpt5,20250807_openhands_gpt5,20250807_openhands_gpt5,0,step,38,38
20250807_openhands_gpt5/django__django-16938,django__django-16938,20250807_openhands_gpt5,20250807_openhands_gpt5,20250807_openhands_gpt5,0,step,39,39
20250807_openhands_gpt5/django__django-17029,django__django-17029,20250807_openhands_gpt5,20250807_openhands_gpt5,20250807_openhands_gpt5,0,step,19,19
20250807_openhands_gpt5/django__django-17084,django__django-17084,20250807_openhands_gpt5,20250807_openhands_gpt5,20250807_openhands_gpt5,0,step,49,49
20250807_openhands_gpt5/django__django-17087,django__django-17087,20250807_openhands_gpt5,20250807_openhands_gpt5,20250807_openhands_gpt5,0,step,40,40
20250807_openhands_gpt5/django__django-7530,django__django-7530,20250807_openhands_gpt5,20250807_openhands_gpt5,20250807_openhands_gpt5,0,step,25,25
20250807_openhands_gpt5/django__django-9296,django__django-9296,20250807_openhands_gpt5,20250807_openhands_gpt5,20250807_openhands_gpt5,0,step,17,17
20250807_openhands_gpt5/matplotlib__matplotlib-13989,matplotlib__matplotlib-13989,20250807_openhands_gpt5,20250807_openhands_gpt5,20250807_openhands_gpt5,0,step,15,15
20250807_openhands_gpt5/matplotlib__matplotlib-14623,matplotlib__matplotlib-14623,20250807_openhands_gpt5,20250807_openhands_gpt5,20250807_openhands_gpt5,0,step,36,36
20250807_openhands_gpt5/matplotlib__matplotlib-20488,matplotlib__matplotlib-20488,20250807_openhands_gpt5,20250807_openhands_gpt5,20250807_openhands_gpt5,0,step,16,16
20250807_openhands_gpt5/matplotlib__matplotlib-20859,matplotlib__matplotlib-20859,20250807_openhands_gpt5,20250807_openhands_gpt5,20250807_openhands_gpt5,0,step,14,14
20250807_openhands_gpt5/matplotlib__matplotlib-22719,matplotlib__matplotlib-22719,20250807_openhands_gpt5,20250807_openhands_gpt5,20250807_openhands_gpt5,0,step,19,19
20250807_openhands_gpt5/matplotlib__matplotlib-22865,matplotlib__matplotlib-22865,20250807_openhands_gpt5,20250807_openhands_gpt5,20250807_openhands_gpt5,0,step,16,16
20250807_openhands_gpt5/matplotlib__matplotlib-22871,matplotlib__matplotlib-22871,20250807_openhands_gpt5,20250807_openhands_gpt5,20250807_openhands_gpt5,0,step,24,24
20250807_openhands_gpt5/matplotlib__matplotlib-23314,matplotlib__matplotlib-23314,20250807_openhands_gpt5,20250807_openhands_gpt5,20250807_openhands_gpt5,0,step,29,29
20250807_openhands_gpt5/matplotlib__matplotlib-23412,matplotlib__matplotlib-23412,20250807_openhands_gpt5,20250807_openhands_gpt5,20250807_openhands_gpt5,0,step,62,62
20250807_openhands_gpt5/matplotlib__matplotlib-24026,matplotlib__matplotlib-24026,20250807_openhands_gpt5,20250807_openhands_gpt5,20250807_openhands_gpt5,0,step,22,22
20250807_openhands_gpt5/matplotlib__matplotlib-24149,matplotlib__matplotlib-24149,20250807_openhands_gpt5,20250807_openhands_gpt5,20250807_openhands_gpt5,0,step,21,21
20250807_openhands_gpt5/matplotlib__matplotlib-24177,matplotlib__matplotlib-24177,20250807_openhands_gpt5,20250807_openhands_gpt5,20250807_openhands_gpt5,0,step,37,37
20250807_openhands_gpt5/matplotlib__matplotlib-24570,matplotlib__matplotlib-24570,20250807_openhands_gpt5,20250807_openhands_gpt5,20250807_openhands_gpt5,0,step,26,26
20250807_openhands_gpt5/matplotlib__matplotlib-24627,matplotlib__matplotlib-24627,20250807_openhands_gpt5,20250807_openhands_gpt5,20250807_openhands_gpt5,0,step,66,66
20250807_openhands_gpt5/matplotlib__matplotlib-24637,matplotlib__matplotlib-24637,20250807_openhands_gpt5,20250807_openhands_gpt5,20250807_openhands_gpt5,0,step,52,52
20250807_openhands_gpt5/matplotlib__matplotlib-24970,matplotlib__matplotlib-24970,20250807_openhands_gpt5,20250807_openhands_gpt5,20250807_openhands_gpt5,0,step,15,15
20250807_openhands_gpt5/matplotlib__matplotlib-25122,matplotlib__matplotlib-25122,20250807_openhands_gpt5,20250807_openhands_gpt5,20250807_openhands_gpt5,0,step,17,17
20250807_openhands_gpt5/matplotlib__matplotlib-25287,matplotlib__matplotlib-25287,20250807_openhands_gpt5,20250807_openhands_gpt5,20250807_openhands_gpt5,0,step,22,22
20250807_openhands_gpt5/matplotlib__matplotlib-25311,matplotlib__matplotlib-25311,20250807_openhands_gpt5,20250807_openhands_gpt5,20250807_openhands_gpt5,0,step,46,46
20250807_openhands_gpt5/matplotlib__matplotlib-25332,matplotlib__matplotlib-25332,20250807_openhands_gpt5,20250807_openhands_gpt5,20250807_openhands_gpt5,0,step,73,73
20250807_openhands_gpt5/matplotlib__matplotlib-25960,matplotlib__matplotlib-25960,20250807_openhands_gpt5,20250807_openhands_gpt5,20250807_openhands_gpt5,0,step,52,52
20250807_openhands_gpt5/matplotlib__matplotlib-26113,matplotlib__matplotlib-26113,20250807_openhands_gpt5,20250807_openhands_gpt5,20250807_openhands_gpt5,0,step,22,22
20250807_openhands_gpt5/matplotlib__matplotlib-26291,matplotlib__matplotlib-26291,20250807_openhands_gpt5,20250807_openhands_gpt5,20250807_openhands_gpt5,0,step,37,37
20250807_openhands_gpt5/matplotlib__matplotlib-26342,matplotlib__matplotlib-26342,20250807_openhands_gpt5,20250807_openhands_gpt5,20250807_openhands_gpt5,0,step,45,45
20250807_openhands_gpt5/mwaskom__seaborn-3069,mwaskom__seaborn-3069,20250807_openhands_gpt5,20250807_openhands_gpt5,20250807_openhands_gpt5,0,step,85,85
20250807_openhands_gpt5/pallets__flask-5014,pallets__flask-5014,20250807_openhands_gpt5,20250807_openhands_gpt5,20250807_openhands_gpt5,0,step,43,43
20250807_openhands_gpt5/psf__requests-1142,psf__requests-1142,20250807_openhands_gpt5,20250807_openhands_gpt5,20250807_openhands_gpt5,0,step,23,23
20250807_openhands_gpt5/psf__requests-1921,psf__requests-1921,20250807_openhands_gpt5,20250807_openhands_gpt5,20250807_openhands_gpt5,0,step,27,27
20250807_openhands_gpt5/psf__requests-5414,psf__requests-5414,20250807_openhands_gpt5,20250807_openhands_gpt5,20250807_openhands_gpt5,0,step,20,20
20250807_openhands_gpt5/pydata__xarray-2905,pydata__xarray-2905,20250807_openhands_gpt5,20250807_openhands_gpt5,20250807_openhands_gpt5,0,step,21,21
20250807_openhands_gpt5/pydata__xarray-3095,pydata__xarray-3095,20250807_openhands_gpt5,20250807_openhands_gpt5,20250807_openhands_gpt5,0,step,23,23
20250807_openhands_gpt5/pydata__xarray-3151,pydata__xarray-3151,20250807_openhands_gpt5,20250807_openhands_gpt5,20250807_openhands_gpt5,0,step,16,16
20250807_openhands_gpt5/pydata__xarray-3305,pydata__xarray-3305,20250807_openhands_gpt5,20250807_openhands_gpt5,20250807_openhands_gpt5,0,step,43,43
20250807_openhands_gpt5/pydata__xarray-3677,pydata__xarray-3677,20250807_openhands_gpt5,20250807_openhands_gpt5,20250807_openhands_gpt5,0,step,13,13
20250807_openhands_gpt5/pydata__xarray-3993,pydata__xarray-3993,20250807_openhands_gpt5,20250807_openhands_gpt5,20250807_openhands_gpt5,0,step,22,22
20250807_openhands_gpt5/pydata__xarray-4075,pydata__xarray-4075,20250807_openhands_gpt5,20250807_openhands_gpt5,20250807_openhands_gpt5,0,step,19,19
20250807_openhands_gpt5/pydata__xarray-4094,pydata__xarray-4094,20250807_openhands_gpt5,20250807_openhands_gpt5,20250807_openhands_gpt5,0,step,23,23
20250807_openhands_gpt5/pydata__xarray-4356,pydata__xarray-4356,20250807_openhands_gpt5,20250807_openhands_gpt5,20250807_openhands_gpt5,0,step,32,32
20250807_openhands_gpt5/pydata__xarray-4629,pydata__xarray-4629,20250807_openhands_gpt5,20250807_openhands_gpt5,20250807_openhands_gpt5,0,step,14,14
20250807_openhands_gpt5/pydata__xarray-4695,pydata__xarray-4695,20250807_openhands_gpt5,20250807_openhands_gpt5,20250807_openhands_gpt5,0,step,23,23
20250807_openhands_gpt5/pydata__xarray-4966,pydata__xarray-4966,20250807_openhands_gpt5,20250807_openhands_gpt5,20250807_openhands_gpt5,0,step,31,31
20250807_openhands_gpt5/pydata__xarray-6461,pydata__xarray-6461,20250807_openhands_gpt5,20250807_openhands_gpt5,20250807_openhands_gpt5,0,step,45,45
20250807_openhands_gpt5/pydata__xarray-6721,pydata__xarray-6721,20250807_openhands_gpt5,20250807_openhands_gpt5,20250807_openhands_gpt5,0,step,66,66
20250807_openhands_gpt5/pydata__xarray-6744,pydata__xarray-6744,20250807_openhands_gpt5,20250807_openhands_gpt5,20250807_openhands_gpt5,0,step,24,24
20250807_openhands_gpt5/pydata__xarray-7233,pydata__xarray-7233,20250807_openhands_gpt5,20250807_openhands_gpt5,20250807_openhands_gpt5,0,step,19,19
20250807_openhands_gpt5/pydata__xarray-7393,pydata__xarray-7393,20250807_openhands_gpt5,20250807_openhands_gpt5,20250807_openhands_gpt5,0,step,37,37
20250807_openhands_gpt5/pylint-dev__pylint-6386,pylint-dev__pylint-6386,20250807_openhands_gpt5,20250807_openhands_gpt5,20250807_openhands_gpt5,0,step,49,49
20250807_openhands_gpt5/pylint-dev__pylint-6528,pylint-dev__pylint-6528,20250807_openhands_gpt5,20250807_openhands_gpt5,20250807_openhands_gpt5,0,step,36,36
20250807_openhands_gpt5/pylint-dev__pylint-6903,pylint-dev__pylint-6903,20250807_openhands_gpt5,20250807_openhands_gpt5,20250807_openhands_gpt5,0,step,25,25
20250807_openhands_gpt5/pylint-dev__pylint-7277,pylint-dev__pylint-7277,20250807_openhands_gpt5,20250807_openhands_gpt5,20250807_openhands_gpt5,0,step,47,47
20250807_openhands_gpt5/pytest-dev__pytest-10051,pytest-dev__pytest-10051,20250807_openhands_gpt5,20250807_openhands_gpt5,20250807_openhands_gpt5,0,step,40,40
20250807_openhands_gpt5/pytest-dev__pytest-10081,pytest-dev__pytest-10081,20250807_openhands_gpt5,20250807_openhands_gpt5,20250807_openhands_gpt5,0,step,22,22
20250807_openhands_gpt5/pytest-dev__pytest-5262,pytest-dev__pytest-5262,20250807_openhands_gpt5,20250807_openhands_gpt5,20250807_openhands_gpt5,0,step,34,34
20250807_openhands_gpt5/pytest-dev__pytest-5631,pytest-dev__pytest-5631,20250807_openhands_gpt5,20250807_openhands_gpt5,20250807_openhands_gpt5,0,step,21,21
20250807_openhands_gpt5/pytest-dev__pytest-5787,pytest-dev__pytest-5787,20250807_openhands_gpt5,20250807_openhands_gpt5,20250807_openhands_gpt5,0,step,38,38
20250807_openhands_gpt5/pytest-dev__pytest-5809,pytest-dev__pytest-5809,20250807_openhands_gpt5,20250807_openhands_gpt5,20250807_openhands_gpt5,0,step,11,11
20250807_openhands_gpt5/pytest-dev__pytest-6202,pytest-dev__pytest-6202,20250807_openhands_gpt5,20250807_openhands_gpt5,20250807_openhands_gpt5,0,step,16,16
20250807_openhands_gpt5/pytest-dev__pytest-7236,pytest-dev__pytest-7236,20250807_openhands_gpt5,20250807_openhands_gpt5,20250807_openhands_gpt5,0,step,35,35
20250807_openhands_gpt5/pytest-dev__pytest-7324,pytest-dev__pytest-7324,20250807_openhands_gpt5,20250807_openhands_gpt5,20250807_openhands_gpt5,0,step,39,39
20250807_openhands_gpt5/pytest-dev__pytest-7432,pytest-dev__pytest-7432,20250807_openhands_gpt5,20250807_openhands_gpt5,20250807_openhands_gpt5,0,step,61,61
20250807_openhands_gpt5/pytest-dev__pytest-7490,pytest-dev__pytest-7490,20250807_openhands_gpt5,20250807_openhands_gpt5,20250807_openhands_gpt5,0,step,18,18
20250807_openhands_gpt5/pytest-dev__pytest-7521,pytest-dev__pytest-7521,20250807_openhands_gpt5,20250807_openhands_gpt5,20250807_openhands_gpt5,0,step,18,18
20250807_openhands_gpt5/pytest-dev__pytest-7571,pytest-dev__pytest-7571,20250807_openhands_gpt5,20250807_openhands_gpt5,20250807_openhands_gpt5,0,step,20,20
20250807_openhands_gpt5/pytest-dev__pytest-7982,pytest-dev__pytest-7982,20250807_openhands_gpt5,20250807_openhands_gpt5,20250807_openhands_gpt5,0,step,31,31
20250807_openhands_gpt5/pytest-dev__pytest-8399,pytest-dev__pytest-8399,20250807_openhands_gpt5,20250807_openhands_gpt5,20250807_openhands_gpt5,0,step,25,25
20250807_openhands_gpt5/scikit-learn__scikit-learn-10297,scikit-learn__scikit-learn-10297,20250807_openhands_gpt5,20250807_openhands_gpt5,20250807_openhands_gpt5,0,step,11,11
20250807_openhands_gpt5/scikit-learn__scikit-learn-10844,scikit-learn__scikit-learn-10844,20250807_openhands_gpt5,20250807_openhands_gpt5,20250807_openhands_gpt5,0,step,10,10
20250807_openhands_gpt5/scikit-learn__scikit-learn-10908,scikit-learn__scikit-learn-10908,20250807_openhands_gpt5,20250807_openhands_gpt5,20250807_openhands_gpt5,0,step,15,15
20250807_openhands_gpt5/scikit-learn__scikit-learn-11310,scikit-learn__scikit-learn-11310,20250807_openhands_gpt5,20250807_openhands_gpt5,20250807_openhands_gpt5,0,step,44,44
20250807_openhands_gpt5/scikit-learn__scikit-learn-11578,scikit-learn__scikit-learn-11578,20250807_openhands_gpt5,20250807_openhands_gpt5,20250807_openhands_gpt5,0,step,15,15
20250807_openhands_gpt5/scikit-learn__scikit-learn-12585,scikit-learn__scikit-learn-12585,20250807_openhands_gpt5,20250807_openhands_gpt5,20250807_openhands_gpt5,0,step,12,12
20250807_openhands_gpt5/scikit-learn__scikit-learn-12682,scikit-learn__scikit-learn-12682,20250807_openhands_gpt5,20250807_openhands_gpt5,20250807_openhands_gpt5,0,step,34,34
20250807_openhands_gpt5/scikit-learn__scikit-learn-13124,scikit-learn__scikit-learn-13124,20250807_openhands_gpt5,20250807_openhands_gpt5,20250807_openhands_gpt5,0,step,13,13
20250807_openhands_gpt5/scikit-learn__scikit-learn-13135,scikit-learn__scikit-learn-13135,20250807_openhands_gpt5,20250807_openhands_gpt5,20250807_openhands_gpt5,0,step,17,17
20250807_openhands_gpt5/scikit-learn__scikit-learn-13142,scikit-learn__scikit-learn-13142,20250807_openhands_gpt5,20250807_openhands_gpt5,20250807_openhands_gpt5,0,step,15,15
20250807_openhands_gpt5/scikit-learn__scikit-learn-13328,scikit-learn__scikit-learn-13328,20250807_openhands_gpt5,20250807_openhands_gpt5,20250807_openhands_gpt5,0,step,25,25
20250807_openhands_gpt5/scikit-learn__scikit-learn-13439,scikit-learn__scikit-learn-13439,20250807_openhands_gpt5,20250807_openhands_gpt5,20250807_openhands_gpt5,0,step,21,21
20250807_openhands_gpt5/scikit-learn__scikit-learn-13496,scikit-learn__scikit-learn-13496,20250807_openhands_gpt5,20250807_openhands_gpt5,20250807_openhands_gpt5,0,step,21,21
20250807_openhands_gpt5/scikit-learn__scikit-learn-13779,scikit-learn__scikit-learn-13779,20250807_openhands_gpt5,20250807_openhands_gpt5,20250807_openhands_gpt5,0,step,15,15
20250807_openhands_gpt5/scikit-learn__scikit-learn-14053,scikit-learn__scikit-learn-14053,20250807_openhands_gpt5,20250807_openhands_gpt5,20250807_openhands_gpt5,0,step,17,17
20250807_openhands_gpt5/scikit-learn__scikit-learn-14087,scikit-learn__scikit-learn-14087,20250807_openhands_gpt5,20250807_openhands_gpt5,20250807_openhands_gpt5,0,step,20,20
20250807_openhands_gpt5/scikit-learn__scikit-learn-14141,scikit-learn__scikit-learn-14141,20250807_openhands_gpt5,20250807_openhands_gpt5,20250807_openhands_gpt5,0,step,13,13
20250807_openhands_gpt5/scikit-learn__scikit-learn-14496,scikit-learn__scikit-learn-14496,20250807_openhands_gpt5,20250807_openhands_gpt5,20250807_openhands_gpt5,0,step,17,17
20250807_openhands_gpt5/scikit-learn__scikit-learn-14710,scikit-learn__scikit-learn-14710,20250807_openhands_gpt5,20250807_openhands_gpt5,20250807_openhands_gpt5,0,step,19,19
20250807_openhands_gpt5/scikit-learn__scikit-learn-14894,scikit-learn__scikit-learn-14894,20250807_openhands_gpt5,20250807_openhands_gpt5,20250807_openhands_gpt5,0,step,18,18
20250807_openhands_gpt5/scikit-learn__scikit-learn-14983,scikit-learn__scikit-learn-14983,20250807_openhands_gpt5,20250807_openhands_gpt5,20250807_openhands_gpt5,0,step,28,28
20250807_openhands_gpt5/scikit-learn__scikit-learn-15100,scikit-learn__scikit-learn-15100,20250807_openhands_gpt5,20250807_openhands_gpt5,20250807_openhands_gpt5,0,step,10,10
20250807_openhands_gpt5/scikit-learn__scikit-learn-25232,scikit-learn__scikit-learn-25232,20250807_openhands_gpt5,20250807_openhands_gpt5,20250807_openhands_gpt5,0,step,21,21
20250807_openhands_gpt5/scikit-learn__scikit-learn-25931,scikit-learn__scikit-learn-25931,20250807_openhands_gpt5,20250807_openhands_gpt5,20250807_openhands_gpt5,0,step,18,18
20250807_openhands_gpt5/scikit-learn__scikit-learn-25973,scikit-learn__scikit-learn-25973,20250807_openhands_gpt5,20250807_openhands_gpt5,20250807_openhands_gpt5,0,step,18,18
20250807_openhands_gpt5/scikit-learn__scikit-learn-26323,scikit-learn__scikit-learn-26323,20250807_openhands_gpt5,20250807_openhands_gpt5,20250807_openhands_gpt5,0,step,28,28
20250807_openhands_gpt5/scikit-learn__scikit-learn-9288,scikit-learn__scikit-learn-9288,20250807_openhands_gpt5,20250807_openhands_gpt5,20250807_openhands_gpt5,0,step,11,11
20250807_openhands_gpt5/sphinx-doc__sphinx-10323,sphinx-doc__sphinx-10323,20250807_openhands_gpt5,20250807_openhands_gpt5,20250807_openhands_gpt5,0,step,20,20
20250807_openhands_gpt5/sphinx-doc__sphinx-10449,sphinx-doc__sphinx-10449,20250807_openhands_gpt5,20250807_openhands_gpt5,20250807_openhands_gpt5,0,step,23,23
20250807_openhands_gpt5/sphinx-doc__sphinx-10466,sphinx-doc__sphinx-10466,20250807_openhands_gpt5,20250807_openhands_gpt5,20250807_openhands_gpt5,0,step,21,21
20250807_openhands_gpt5/sphinx-doc__sphinx-10673,sphinx-doc__sphinx-10673,20250807_openhands_gpt5,20250807_openhands_gpt5,20250807_openhands_gpt5,0,step,52,52
20250807_openhands_gpt5/sphinx-doc__sphinx-11445,sphinx-doc__sphinx-11445,20250807_openhands_gpt5,20250807_openhands_gpt5,20250807_openhands_gpt5,0,step,80,80
20250807_openhands_gpt5/sphinx-doc__sphinx-7440,sphinx-doc__sphinx-7440,20250807_openhands_gpt5,20250807_openhands_gpt5,20250807_openhands_gpt5,0,step,45,45
20250807_openhands_gpt5/sphinx-doc__sphinx-7454,sphinx-doc__sphinx-7454,20250807_openhands_gpt5,20250807_openhands_gpt5,20250807_openhands_gpt5,0,step,26,26
20250807_openhands_gpt5/sphinx-doc__sphinx-7757,sphinx-doc__sphinx-7757,20250807_openhands_gpt5,20250807_openhands_gpt5,20250807_openhands_gpt5,0,step,22,22
20250807_openhands_gpt5/sphinx-doc__sphinx-7889,sphinx-doc__sphinx-7889,20250807_openhands_gpt5,20250807_openhands_gpt5,20250807_openhands_gpt5,0,step,16,16
20250807_openhands_gpt5/sphinx-doc__sphinx-7910,sphinx-doc__sphinx-7910,20250807_openhands_gpt5,20250807_openhands_gpt5,20250807_openhands_gpt5,0,step,10,10
20250807_openhands_gpt5/sphinx-doc__sphinx-8035,sphinx-doc__sphinx-8035,20250807_openhands_gpt5,20250807_openhands_gpt5,20250807_openhands_gpt5,0,step,52,52
20250807_openhands_gpt5/sphinx-doc__sphinx-8120,sphinx-doc__sphinx-8120,20250807_openhands_gpt5,20250807_openhands_gpt5,20250807_openhands_gpt5,0,step,44,44
20250807_openhands_gpt5/sphinx-doc__sphinx-8269,sphinx-doc__sphinx-8269,20250807_openhands_gpt5,20250807_openhands_gpt5,20250807_openhands_gpt5,0,step,14,14
20250807_openhands_gpt5/sphinx-doc__sphinx-8459,sphinx-doc__sphinx-8459,20250807_openhands_gpt5,20250807_openhands_gpt5,20250807_openhands_gpt5,0,step,40,40
20250807_openhands_gpt5/sphinx-doc__sphinx-8551,sphinx-doc__sphinx-8551,20250807_openhands_gpt5,20250807_openhands_gpt5,20250807_openhands_gpt5,0,step,34,34
20250807_openhands_gpt5/sphinx-doc__sphinx-8593,sphinx-doc__sphinx-8593,20250807_openhands_gpt5,20250807_openhands_gpt5,20250807_openhands_gpt5,0,step,42,42
20250807_openhands_gpt5/sphinx-doc__sphinx-8595,sphinx-doc__sphinx-8595,20250807_openhands_gpt5,20250807_openhands_gpt5,20250807_openhands_gpt5,0,step,25,25
20250807_openhands_gpt5/sphinx-doc__sphinx-8621,sphinx-doc__sphinx-8621,20250807_openhands_gpt5,20250807_openhands_gpt5,20250807_openhands_gpt5,0,step,31,31
20250807_openhands_gpt5/sphinx-doc__sphinx-8638,sphinx-doc__sphinx-8638,20250807_openhands_gpt5,20250807_openhands_gpt5,20250807_openhands_gpt5,0,step,28,28
20250807_openhands_gpt5/sphinx-doc__sphinx-8721,sphinx-doc__sphinx-8721,20250807_openhands_gpt5,20250807_openhands_gpt5,20250807_openhands_gpt5,0,step,16,16
20250807_openhands_gpt5/sphinx-doc__sphinx-9230,sphinx-doc__sphinx-9230,20250807_openhands_gpt5,20250807_openhands_gpt5,20250807_openhands_gpt5,0,step,20,20
20250807_openhands_gpt5/sphinx-doc__sphinx-9258,sphinx-doc__sphinx-9258,20250807_openhands_gpt5,20250807_openhands_gpt5,20250807_openhands_gpt5,0,step,33,33
20250807_openhands_gpt5/sphinx-doc__sphinx-9281,sphinx-doc__sphinx-9281,20250807_openhands_gpt5,20250807_openhands_gpt5,20250807_openhands_gpt5,0,step,31,31
20250807_openhands_gpt5/sphinx-doc__sphinx-9320,sphinx-doc__sphinx-9320,20250807_openhands_gpt5,20250807_openhands_gpt5,20250807_openhands_gpt5,0,step,25,25
20250807_openhands_gpt5/sphinx-doc__sphinx-9367,sphinx-doc__sphinx-9367,20250807_openhands_gpt5,20250807_openhands_gpt5,20250807_openhands_gpt5,0,step,12,12
20250807_openhands_gpt5/sphinx-doc__sphinx-9673,sphinx-doc__sphinx-9673,20250807_openhands_gpt5,20250807_openhands_gpt5,20250807_openhands_gpt5,0,step,25,25
20250807_openhands_gpt5/sphinx-doc__sphinx-9698,sphinx-doc__sphinx-9698,20250807_openhands_gpt5,20250807_openhands_gpt5,20250807_openhands_gpt5,0,step,15,15
20250807_openhands_gpt5/sphinx-doc__sphinx-9711,sphinx-doc__sphinx-9711,20250807_openhands_gpt5,20250807_openhands_gpt5,20250807_openhands_gpt5,0,step,20,20
20250807_openhands_gpt5/sympy__sympy-11618,sympy__sympy-11618,20250807_openhands_gpt5,20250807_openhands_gpt5,20250807_openhands_gpt5,0,step,10,10
20250807_openhands_gpt5/sympy__sympy-12096,sympy__sympy-12096,20250807_openhands_gpt5,20250807_openhands_gpt5,20250807_openhands_gpt5,0,step,18,18
20250807_openhands_gpt5/sympy__sympy-12419,sympy__sympy-12419,20250807_openhands_gpt5,20250807_openhands_gpt5,20250807_openhands_gpt5,0,step,21,21
20250807_openhands_gpt5/sympy__sympy-12481,sympy__sympy-12481,20250807_openhands_gpt5,20250807_openhands_gpt5,20250807_openhands_gpt5,0,step,17,17
20250807_openhands_gpt5/sympy__sympy-12489,sympy__sympy-12489,20250807_openhands_gpt5,20250807_openhands_gpt5,20250807_openhands_gpt5,0,step,91,91
20250807_openhands_gpt5/sympy__sympy-13031,sympy__sympy-13031,20250807_openhands_gpt5,20250807_openhands_gpt5,20250807_openhands_gpt5,0,step,42,42
20250807_openhands_gpt5/sympy__sympy-13372,sympy__sympy-13372,20250807_openhands_gpt5,20250807_openhands_gpt5,20250807_openhands_gpt5,0,step,18,18
20250807_openhands_gpt5/sympy__sympy-13480,sympy__sympy-13480,20250807_openhands_gpt5,20250807_openhands_gpt5,20250807_openhands_gpt5,0,step,16,16
20250807_openhands_gpt5/sympy__sympy-13551,sympy__sympy-13551,20250807_openhands_gpt5,20250807_openhands_gpt5,20250807_openhands_gpt5,0,step,52,52
20250807_openhands_gpt5/sympy__sympy-13615,sympy__sympy-13615,20250807_openhands_gpt5,20250807_openhands_gpt5,20250807_openhands_gpt5,0,step,18,18
20250807_openhands_gpt5/sympy__sympy-13647,sympy__sympy-13647,20250807_openhands_gpt5,20250807_openhands_gpt5,20250807_openhands_gpt5,0,step,14,14
20250807_openhands_gpt5/sympy__sympy-13757,sympy__sympy-13757,20250807_openhands_gpt5,20250807_openhands_gpt5,20250807_openhands_gpt5,0,step,26,26
20250807_openhands_gpt5/sympy__sympy-13878,sympy__sympy-13878,20250807_openhands_gpt5,20250807_openhands_gpt5,20250807_openhands_gpt5,0,step,46,46
20250807_openhands_gpt5/sympy__sympy-14531,sympy__sympy-14531,20250807_openhands_gpt5,20250807_openhands_gpt5,20250807_openhands_gpt5,0,step,21,21
20250807_openhands_gpt5/sympy__sympy-14711,sympy__sympy-14711,20250807_openhands_gpt5,20250807_openhands_gpt5,20250807_openhands_gpt5,0,step,15,15
20250807_openhands_gpt5/sympy__sympy-15345,sympy__sympy-15345,20250807_openhands_gpt5,20250807_openhands_gpt5,20250807_openhands_gpt5,0,step,36,36
20250807_openhands_gpt5/sympy__sympy-15349,sympy__sympy-15349,20250807_openhands_gpt5,20250807_openhands_gpt5,20250807_openhands_gpt5,0,step,17,17
20250807_openhands_gpt5/sympy__sympy-15599,sympy__sympy-15599,20250807_openhands_gpt5,20250807_openhands_gpt5,20250807_openhands_gpt5,0,step,59,59
20250807_openhands_gpt5/sympy__sympy-15809,sympy__sympy-15809,20250807_openhands_gpt5,20250807_openhands_gpt5,20250807_openhands_gpt5,0,step,19,19
20250807_openhands_gpt5/sympy__sympy-15875,sympy__sympy-15875,20250807_openhands_gpt5,20250807_openhands_gpt5,20250807_openhands_gpt5,0,step,19,19
20250807_openhands_gpt5/sympy__sympy-15976,sympy__sympy-15976,20250807_openhands_gpt5,20250807_openhands_gpt5,20250807_openhands_gpt5,0,step,27,27
20250807_openhands_gpt5/sympy__sympy-16450,sympy__sympy-16450,20250807_openhands_gpt5,20250807_openhands_gpt5,20250807_openhands_gpt5,0,step,21,21
20250807_openhands_gpt5/sympy__sympy-16766,sympy__sympy-16766,20250807_openhands_gpt5,20250807_openhands_gpt5,20250807_openhands_gpt5,0,step,40,40
20250807_openhands_gpt5/sympy__sympy-16792,sympy__sympy-16792,20250807_openhands_gpt5,20250807_openhands_gpt5,20250807_openhands_gpt5,0,step,25,25
20250807_openhands_gpt5/sympy__sympy-16886,sympy__sympy-16886,20250807_openhands_gpt5,20250807_openhands_gpt5,20250807_openhands_gpt5,0,step,9,9
20250807_openhands_gpt5/sympy__sympy-17139,sympy__sympy-17139,20250807_openhands_gpt5,20250807_openhands_gpt5,20250807_openhands_gpt5,0,step,17,17
20250807_openhands_gpt5/sympy__sympy-18189,sympy__sympy-18189,20250807_openhands_gpt5,20250807_openhands_gpt5,20250807_openhands_gpt5,0,step,14,14
20250807_openhands_gpt5/sympy__sympy-18211,sympy__sympy-18211,20250807_openhands_gpt5,20250807_openhands_gpt5,20250807_openhands_gpt5,0,step,27,27
20250807_openhands_gpt5/sympy__sympy-19346,sympy__sympy-19346,20250807_openhands_gpt5,20250807_openhands_gpt5,20250807_openhands_gpt5,0,step,26,26
20250807_openhands_gpt5/sympy__sympy-19637,sympy__sympy-19637,20250807_openhands_gpt5,20250807_openhands_gpt5,20250807_openhands_gpt5,0,step,21,21
20250807_openhands_gpt5/sympy__sympy-19954,sympy__sympy-19954,20250807_openhands_gpt5,20250807_openhands_gpt5,20250807_openhands_gpt5,0,step,16,16
20250807_openhands_gpt5/sympy__sympy-20154,sympy__sympy-20154,20250807_openhands_gpt5,20250807_openhands_gpt5,20250807_openhands_gpt5,0,step,35,35
20250807_openhands_gpt5/sympy__sympy-20590,sympy__sympy-20590,20250807_openhands_gpt5,20250807_openhands_gpt5,20250807_openhands_gpt5,0,step,28,28
20250807_openhands_gpt5/sympy__sympy-20801,sympy__sympy-20801,20250807_openhands_gpt5,20250807_openhands_gpt5,20250807_openhands_gpt5,0,step,34,34
20250807_openhands_gpt5/sympy__sympy-21379,sympy__sympy-21379,20250807_openhands_gpt5,20250807_openhands_gpt5,20250807_openhands_gpt5,0,step,25,25
20250807_openhands_gpt5/sympy__sympy-21847,sympy__sympy-21847,20250807_openhands_gpt5,20250807_openhands_gpt5,20250807_openhands_gpt5,0,step,21,21
20250807_openhands_gpt5/sympy__sympy-22456,sympy__sympy-22456,20250807_openhands_gpt5,20250807_openhands_gpt5,20250807_openhands_gpt5,0,step,41,41
20250807_openhands_gpt5/sympy__sympy-22714,sympy__sympy-22714,20250807_openhands_gpt5,20250807_openhands_gpt5,20250807_openhands_gpt5,0,step,15,15
20250807_openhands_gpt5/sympy__sympy-22914,sympy__sympy-22914,20250807_openhands_gpt5,20250807_openhands_gpt5,20250807_openhands_gpt5,0,step,32,32
20250807_openhands_gpt5/sympy__sympy-23262,sympy__sympy-23262,20250807_openhands_gpt5,20250807_openhands_gpt5,20250807_openhands_gpt5,0,step,22,22
20250807_openhands_gpt5/sympy__sympy-23413,sympy__sympy-23413,20250807_openhands_gpt5,20250807_openhands_gpt5,20250807_openhands_gpt5,0,step,15,15
20250807_openhands_gpt5/sympy__sympy-23534,sympy__sympy-23534,20250807_openhands_gpt5,20250807_openhands_gpt5,20250807_openhands_gpt5,0,step,19,19
20250807_openhands_gpt5/sympy__sympy-23824,sympy__sympy-23824,20250807_openhands_gpt5,20250807_openhands_gpt5,20250807_openhands_gpt5,0,step,15,15
20250807_openhands_gpt5/sympy__sympy-24066,sympy__sympy-24066,20250807_openhands_gpt5,20250807_openhands_gpt5,20250807_openhands_gpt5,0,step,20,20
20250807_openhands_gpt5/sympy__sympy-24213,sympy__sympy-24213,20250807_openhands_gpt5,20250807_openhands_gpt5,20250807_openhands_gpt5,0,step,15,15
20250807_openhands_gpt5/sympy__sympy-24443,sympy__sympy-24443,20250807_openhands_gpt5,20250807_openhands_gpt5,20250807_openhands_gpt5,0,step,30,30
20250807_openhands_gpt5/sympy__sympy-24539,sympy__sympy-24539,20250807_openhands_gpt5,20250807_openhands_gpt5,20250807_openhands_gpt5,0,step,22,22
20250807_openhands_gpt5/sympy__sympy-24562,sympy__sympy-24562,20250807_openhands_gpt5,20250807_openhands_gpt5,20250807_openhands_gpt5,0,step,16,16
20250807_openhands_gpt5/sympy__sympy-24661,sympy__sympy-24661,20250807_openhands_gpt5,20250807_openhands_gpt5,20250807_openhands_gpt5,0,step,11,11
