run_id,label,seg,proj,N,lb_p,rho_with_cos_step
20250726_mini-v1.0.0_gemini-2.5-pro/django__django-11292,0,reason_sent,cos_step,200,0.0013652053799621889,
20250726_mini-v1.0.0_gemini-2.5-pro/django__django-11292,0,reason_sent,cos_task,200,0.00042267546971868665,0.26434337297178584
20250726_mini-v1.0.0_gemini-2.5-pro/django__django-11292,0,reason_sent,pca1,200,0.004367246804117886,-0.2021259424062334
20250726_mini-v1.0.0_gemini-2.5-pro/django__django-11292,0,reason_sent,norm,200,0.0034320567859654483,1.0
20250726_mini-v1.0.0_gemini-2.5-pro/django__django-12419,0,reason_sent,cos_step,200,6.905768645005719e-06,
20250726_mini-v1.0.0_gemini-2.5-pro/django__django-12419,0,reason_sent,cos_task,200,0.12300544922591482,0.17466914425956284
20250726_mini-v1.0.0_gemini-2.5-pro/django__django-12419,0,reason_sent,pca1,200,0.6939127134124627,-0.2426132074364037
20250726_mini-v1.0.0_gemini-2.5-pro/django__django-12419,0,reason_sent,norm,200,8.802715573158623e-05,0.9999954316518005
20250726_mini-v1.0.0_gemini-2.5-pro/django__django-13658,0,reason_sent,cos_step,200,0.003424077405899928,
20250726_mini-v1.0.0_gemini-2.5-pro/django__django-13658,0,reason_sent,cos_task,200,0.02042182278097531,0.2555500351522791
20250726_mini-v1.0.0_gemini-2.5-pro/django__django-13658,0,reason_sent,pca1,200,0.805941013035072,-0.26357892515220643
20250726_mini-v1.0.0_gemini-2.5-pro/django__django-13658,0,reason_sent,norm,200,0.0036985399089302213,0.9999908627957408
20250726_mini-v1.0.0_gemini-2.5-pro/django__django-13925,1,reason_sent,cos_step,200,0.002588629341483981,
20250726_mini-v1.0.0_gemini-2.5-pro/django__django-13925,1,reason_sent,cos_task,200,0.02764515312496282,0.36276049369767954
20250726_mini-v1.0.0_gemini-2.5-pro/django__django-13925,1,reason_sent,pca1,200,0.4876926333064904,-0.38279710871578887
20250726_mini-v1.0.0_gemini-2.5-pro/django__django-13925,1,reason_sent,norm,200,0.006106209673191381,1.0
20250726_mini-v1.0.0_gemini-2.5-pro/django__django-13964,1,reason_sent,cos_step,200,2.5778713147585496e-05,
20250726_mini-v1.0.0_gemini-2.5-pro/django__django-13964,1,reason_sent,cos_task,200,0.0001507064353838369,0.3650829303094609
20250726_mini-v1.0.0_gemini-2.5-pro/django__django-13964,1,reason_sent,pca1,200,0.15113000217031783,-0.31850886864269395
20250726_mini-v1.0.0_gemini-2.5-pro/django__django-13964,1,reason_sent,norm,200,0.00015141421914684992,1.0
20250726_mini-v1.0.0_gemini-2.5-pro/django__django-14725,1,reason_sent,cos_step,200,0.0405500988027687,
20250726_mini-v1.0.0_gemini-2.5-pro/django__django-14725,1,reason_sent,cos_task,200,0.039809555931423636,0.37488046292066396
20250726_mini-v1.0.0_gemini-2.5-pro/django__django-14725,1,reason_sent,pca1,200,0.0013103635239339368,-0.3038099588853358
20250726_mini-v1.0.0_gemini-2.5-pro/django__django-14725,1,reason_sent,norm,200,0.09240511636698484,1.0
20250726_mini-v1.0.0_gemini-2.5-pro/matplotlib__matplotlib-23412,0,reason_sent,cos_step,200,0.0010137154880105119,
20250726_mini-v1.0.0_gemini-2.5-pro/matplotlib__matplotlib-23412,0,reason_sent,cos_task,200,9.05933251902427e-05,0.2358141259568759
20250726_mini-v1.0.0_gemini-2.5-pro/matplotlib__matplotlib-23412,0,reason_sent,pca1,200,0.5909119111725164,-0.3332616355979057
20250726_mini-v1.0.0_gemini-2.5-pro/matplotlib__matplotlib-23412,0,reason_sent,norm,200,0.013731184116846889,0.9999954316761485
20250726_mini-v1.0.0_gemini-2.5-pro/matplotlib__matplotlib-24026,0,reason_sent,cos_step,200,0.0006775567972327417,
20250726_mini-v1.0.0_gemini-2.5-pro/matplotlib__matplotlib-24026,0,reason_sent,cos_task,200,0.067237777135092,0.39633790490449744
20250726_mini-v1.0.0_gemini-2.5-pro/matplotlib__matplotlib-24026,0,reason_sent,pca1,200,0.019347178294175753,-0.288800404282473
20250726_mini-v1.0.0_gemini-2.5-pro/matplotlib__matplotlib-24026,0,reason_sent,norm,200,0.00011572731012969054,0.999981726607202
20250726_mini-v1.0.0_gemini-2.5-pro/matplotlib__matplotlib-25479,1,reason_sent,cos_step,200,0.003310619805512455,
20250726_mini-v1.0.0_gemini-2.5-pro/matplotlib__matplotlib-25479,1,reason_sent,cos_task,200,0.5990931131244419,0.36564886253554746
20250726_mini-v1.0.0_gemini-2.5-pro/matplotlib__matplotlib-25479,1,reason_sent,pca1,200,0.704694029577145,-0.27499442281321784
20250726_mini-v1.0.0_gemini-2.5-pro/matplotlib__matplotlib-25479,1,reason_sent,norm,200,0.01570179636200261,0.9999999999999999
20250726_mini-v1.0.0_gemini-2.5-pro/pydata__xarray-3677,0,reason_sent,cos_step,200,8.104729006348867e-08,
20250726_mini-v1.0.0_gemini-2.5-pro/pydata__xarray-3677,0,reason_sent,cos_task,200,0.0007622910136868149,0.41308571034972846
20250726_mini-v1.0.0_gemini-2.5-pro/pydata__xarray-3677,0,reason_sent,pca1,200,0.8609976699631443,-0.391373269799611
20250726_mini-v1.0.0_gemini-2.5-pro/pydata__xarray-3677,0,reason_sent,norm,200,2.6915429254442477e-07,1.0
20250726_mini-v1.0.0_gemini-2.5-pro/pydata__xarray-7229,1,reason_sent,cos_step,200,0.000634833277228288,
20250726_mini-v1.0.0_gemini-2.5-pro/pydata__xarray-7229,1,reason_sent,cos_task,200,0.18825324340579644,0.28363538075886613
20250726_mini-v1.0.0_gemini-2.5-pro/pydata__xarray-7229,1,reason_sent,pca1,200,0.46690896137801996,-0.4026640830368147
20250726_mini-v1.0.0_gemini-2.5-pro/pydata__xarray-7229,1,reason_sent,norm,200,0.0004604237364434922,0.9999969544669973
20250726_mini-v1.0.0_gemini-2.5-pro/scikit-learn__scikit-learn-13124,0,reason_sent,cos_step,200,0.0009828841978293799,
20250726_mini-v1.0.0_gemini-2.5-pro/scikit-learn__scikit-learn-13124,0,reason_sent,cos_task,200,0.0020904034337757885,0.2781500771504485
20250726_mini-v1.0.0_gemini-2.5-pro/scikit-learn__scikit-learn-13124,0,reason_sent,pca1,200,0.0002419648057965916,-0.3329687536314267
20250726_mini-v1.0.0_gemini-2.5-pro/scikit-learn__scikit-learn-13124,0,reason_sent,norm,200,0.00233535312757319,1.0
20250726_mini-v1.0.0_gemini-2.5-pro/sphinx-doc__sphinx-11445,0,reason_sent,cos_step,200,0.00011900014545463418,
20250726_mini-v1.0.0_gemini-2.5-pro/sphinx-doc__sphinx-11445,0,reason_sent,cos_task,200,0.00020111728014748684,0.30968393789963483
20250726_mini-v1.0.0_gemini-2.5-pro/sphinx-doc__sphinx-11445,0,reason_sent,pca1,200,0.13639010434716758,-0.2671144169412455
20250726_mini-v1.0.0_gemini-2.5-pro/sphinx-doc__sphinx-11445,0,reason_sent,norm,200,0.00012888719868249916,1.0
20250726_mini-v1.0.0_gemini-2.5-pro/sphinx-doc__sphinx-11510,1,reason_sent,cos_step,200,0.112658825362406,
20250726_mini-v1.0.0_gemini-2.5-pro/sphinx-doc__sphinx-11510,1,reason_sent,cos_task,200,0.7550289955611768,0.10148660532439871
20250726_mini-v1.0.0_gemini-2.5-pro/sphinx-doc__sphinx-11510,1,reason_sent,pca1,200,0.26211367723871803,-0.1936523285074739
20250726_mini-v1.0.0_gemini-2.5-pro/sphinx-doc__sphinx-11510,1,reason_sent,norm,200,0.2870961475495364,0.9999999999999999
20250822_mini-v1.9.1_glm-4.5/astropy__astropy-14508,0,reason_sent,cos_step,200,0.9464261599937392,
20250822_mini-v1.9.1_glm-4.5/astropy__astropy-14508,0,reason_sent,cos_task,200,0.81496060102484,-0.13119995235153434
20250822_mini-v1.9.1_glm-4.5/astropy__astropy-14508,0,reason_sent,pca1,200,0.07342919804685553,-0.17646601632282446
20250822_mini-v1.9.1_glm-4.5/astropy__astropy-14508,0,reason_sent,norm,200,0.628012309486299,0.9999984766651764
20250822_mini-v1.9.1_glm-4.5/django__django-11095,0,reason_sent,cos_step,200,0.017271266733565105,
20250822_mini-v1.9.1_glm-4.5/django__django-11095,0,reason_sent,cos_task,200,0.4882332559743142,0.2746963353917407
20250822_mini-v1.9.1_glm-4.5/django__django-11095,0,reason_sent,pca1,200,0.376577124353243,-0.028246378456243146
20250822_mini-v1.9.1_glm-4.5/django__django-11095,0,reason_sent,norm,200,0.025210938556755387,0.9998674829917465
20250822_mini-v1.9.1_glm-4.5/django__django-11133,0,reason_sent,cos_step,200,0.04659862927975115,
20250822_mini-v1.9.1_glm-4.5/django__django-11133,0,reason_sent,cos_task,200,0.00039003844742524117,0.03231900516361389
20250822_mini-v1.9.1_glm-4.5/django__django-11133,0,reason_sent,pca1,200,0.07142487719826623,-0.16580895851735086
20250822_mini-v1.9.1_glm-4.5/django__django-11133,0,reason_sent,norm,200,0.08597833497333648,0.999351206132168
20250822_mini-v1.9.1_glm-4.5/django__django-11265,1,reason_sent,cos_step,200,0.060367992730289026,
20250822_mini-v1.9.1_glm-4.5/django__django-11265,1,reason_sent,cos_task,200,0.01859628701971131,-0.07535720808465736
20250822_mini-v1.9.1_glm-4.5/django__django-11265,1,reason_sent,pca1,200,0.8865992932738738,-0.14096570021223193
20250822_mini-v1.9.1_glm-4.5/django__django-11265,1,reason_sent,norm,200,0.05470855195289229,0.9958170504338762
20250822_mini-v1.9.1_glm-4.5/django__django-12193,1,reason_sent,cos_step,200,0.000534773853724103,
20250822_mini-v1.9.1_glm-4.5/django__django-12193,1,reason_sent,cos_task,200,0.03219465029413464,0.013809595031864085
20250822_mini-v1.9.1_glm-4.5/django__django-12193,1,reason_sent,pca1,200,0.12234468925948862,-0.03831880450469643
20250822_mini-v1.9.1_glm-4.5/django__django-12193,1,reason_sent,norm,200,0.00036952066253356986,0.9991315668590679
20250822_mini-v1.9.1_glm-4.5/django__django-12273,1,reason_sent,cos_step,200,0.008401450088432152,
20250822_mini-v1.9.1_glm-4.5/django__django-12273,1,reason_sent,cos_task,200,0.3189469339459276,-0.030730395901133672
20250822_mini-v1.9.1_glm-4.5/django__django-12273,1,reason_sent,pca1,200,0.11479386488418131,-0.11689014156395404
20250822_mini-v1.9.1_glm-4.5/django__django-12273,1,reason_sent,norm,200,0.009315274810541436,1.0
20250822_mini-v1.9.1_glm-4.5/django__django-13401,0,reason_sent,cos_step,200,0.2640279260195047,
20250822_mini-v1.9.1_glm-4.5/django__django-13401,0,reason_sent,cos_task,200,0.09641850587685984,-0.04497107627360804
20250822_mini-v1.9.1_glm-4.5/django__django-13401,0,reason_sent,pca1,200,0.5118837152858882,0.018442012570685867
20250822_mini-v1.9.1_glm-4.5/django__django-13401,0,reason_sent,norm,200,0.5657224754114444,0.9988500477496728
20250822_mini-v1.9.1_glm-4.5/django__django-13925,1,reason_sent,cos_step,200,0.008731424032899896,
20250822_mini-v1.9.1_glm-4.5/django__django-13925,1,reason_sent,cos_task,200,0.002411529565934739,0.24276337660705397
20250822_mini-v1.9.1_glm-4.5/django__django-13925,1,reason_sent,pca1,200,0.0017641742290299923,-0.17847205356218376
20250822_mini-v1.9.1_glm-4.5/django__django-13925,1,reason_sent,norm,200,0.006716657925782745,0.999990852438397
20250822_mini-v1.9.1_glm-4.5/django__django-13933,0,reason_sent,cos_step,200,0.008083426097979506,
20250822_mini-v1.9.1_glm-4.5/django__django-13933,0,reason_sent,cos_task,200,0.7005912758320729,-0.1009993633555469
20250822_mini-v1.9.1_glm-4.5/django__django-13933,0,reason_sent,pca1,200,0.0019794455748833473,0.013639112817159495
20250822_mini-v1.9.1_glm-4.5/django__django-13933,0,reason_sent,norm,200,0.002173176299362772,0.9960101833288758
20250822_mini-v1.9.1_glm-4.5/django__django-14311,0,reason_sent,cos_step,200,1.1087731079180769e-05,
20250822_mini-v1.9.1_glm-4.5/django__django-14311,0,reason_sent,cos_task,200,0.35992234387510025,0.21668051171840988
20250822_mini-v1.9.1_glm-4.5/django__django-14311,0,reason_sent,pca1,200,0.001307360865114333,-0.1742486597936527
20250822_mini-v1.9.1_glm-4.5/django__django-14311,0,reason_sent,norm,200,0.0001210731092399868,0.9999984772219047
20250822_mini-v1.9.1_glm-4.5/django__django-15022,0,reason_sent,cos_step,200,0.029966770975631992,
20250822_mini-v1.9.1_glm-4.5/django__django-15022,0,reason_sent,cos_task,200,0.017310912571088122,0.14237106755875253
20250822_mini-v1.9.1_glm-4.5/django__django-15022,0,reason_sent,pca1,200,0.2178118386190808,-0.049641403991552945
20250822_mini-v1.9.1_glm-4.5/django__django-15022,0,reason_sent,norm,200,0.09702808632148609,1.0
20250822_mini-v1.9.1_glm-4.5/django__django-15554,1,reason_sent,cos_step,200,0.0277657867896961,
20250822_mini-v1.9.1_glm-4.5/django__django-15554,1,reason_sent,cos_task,200,0.2515008688248472,0.07502576905321787
20250822_mini-v1.9.1_glm-4.5/django__django-15554,1,reason_sent,pca1,200,0.26076221383758064,-0.16395205745023422
20250822_mini-v1.9.1_glm-4.5/django__django-15554,1,reason_sent,norm,200,0.07527433978568425,1.0
20250822_mini-v1.9.1_glm-4.5/django__django-15563,1,reason_sent,cos_step,200,0.0012478990201925644,
20250822_mini-v1.9.1_glm-4.5/django__django-15563,1,reason_sent,cos_task,200,0.9187010834100343,-0.07434581000200723
20250822_mini-v1.9.1_glm-4.5/django__django-15563,1,reason_sent,pca1,200,0.33410568535404844,-0.07451968621939252
20250822_mini-v1.9.1_glm-4.5/django__django-15563,1,reason_sent,norm,200,0.0011075669845566286,0.9990493311801092
20250822_mini-v1.9.1_glm-4.5/django__django-16032,1,reason_sent,cos_step,200,1.8618730131572024e-05,
20250822_mini-v1.9.1_glm-4.5/django__django-16032,1,reason_sent,cos_task,200,0.00013146665410275032,0.008978388618541569
20250822_mini-v1.9.1_glm-4.5/django__django-16032,1,reason_sent,pca1,200,0.1537695156976837,-0.14369994046644208
20250822_mini-v1.9.1_glm-4.5/django__django-16032,1,reason_sent,norm,200,3.293152605123234e-05,0.9993923009557172
20250822_mini-v1.9.1_glm-4.5/django__django-16145,0,reason_sent,cos_step,200,0.4604194122422225,
20250822_mini-v1.9.1_glm-4.5/django__django-16145,0,reason_sent,cos_task,200,0.77889008250119,-0.03594265500466138
20250822_mini-v1.9.1_glm-4.5/django__django-16145,0,reason_sent,pca1,200,0.3876706938298252,-0.04318150877246485
20250822_mini-v1.9.1_glm-4.5/django__django-16145,0,reason_sent,norm,200,0.5612164702872828,1.0
20250822_mini-v1.9.1_glm-4.5/django__django-7530,0,reason_sent,cos_step,200,0.9502518452119671,
20250822_mini-v1.9.1_glm-4.5/django__django-7530,0,reason_sent,cos_task,200,0.010645314756318892,0.030653873586647493
20250822_mini-v1.9.1_glm-4.5/django__django-7530,0,reason_sent,pca1,200,0.3513528041932864,-0.28473756508091125
20250822_mini-v1.9.1_glm-4.5/django__django-7530,0,reason_sent,norm,200,0.7518360208984138,0.9998629433971459
20250822_mini-v1.9.1_glm-4.5/matplotlib__matplotlib-25775,0,reason_sent,cos_step,200,4.911666742993057e-06,
20250822_mini-v1.9.1_glm-4.5/matplotlib__matplotlib-25775,0,reason_sent,cos_task,200,0.0033150338678942957,0.4816962909107569
20250822_mini-v1.9.1_glm-4.5/matplotlib__matplotlib-25775,0,reason_sent,pca1,200,0.06645951223367974,-0.1579863635846342
20250822_mini-v1.9.1_glm-4.5/matplotlib__matplotlib-25775,0,reason_sent,norm,200,3.372027757806164e-06,1.0
20250929_mini-v1.13.3_sonnet-4-5-20250929/django__django-10914,0,reason_sent,cos_step,200,0.0018619803463550298,
20250929_mini-v1.13.3_sonnet-4-5-20250929/django__django-10914,0,reason_sent,cos_task,200,0.8358479760875147,0.35568399466653894
20250929_mini-v1.13.3_sonnet-4-5-20250929/django__django-10914,0,reason_sent,pca1,200,0.0003785878876684383,-0.3025903082764153
20250929_mini-v1.13.3_sonnet-4-5-20250929/django__django-10914,0,reason_sent,norm,200,0.0018637182591193923,1.0
20250929_mini-v1.13.3_sonnet-4-5-20250929/django__django-11555,0,reason_sent,cos_step,200,6.62503202628145e-05,
20250929_mini-v1.13.3_sonnet-4-5-20250929/django__django-11555,0,reason_sent,cos_task,200,0.0014956641831833156,0.34901875688279044
20250929_mini-v1.13.3_sonnet-4-5-20250929/django__django-11555,0,reason_sent,pca1,200,0.0010707186737300637,-0.27194310884213374
20250929_mini-v1.13.3_sonnet-4-5-20250929/django__django-11555,0,reason_sent,norm,200,0.000414015389664584,1.0
20250929_mini-v1.13.3_sonnet-4-5-20250929/django__django-12039,0,reason_sent,cos_step,200,0.047174689137741296,
20250929_mini-v1.13.3_sonnet-4-5-20250929/django__django-12039,0,reason_sent,cos_task,200,0.019230703715609417,0.18079675945943002
20250929_mini-v1.13.3_sonnet-4-5-20250929/django__django-12039,0,reason_sent,pca1,200,0.8333335985078145,-0.2017589012188264
20250929_mini-v1.13.3_sonnet-4-5-20250929/django__django-12039,0,reason_sent,norm,200,0.09165505213053805,1.0
20250929_mini-v1.13.3_sonnet-4-5-20250929/django__django-12193,0,reason_sent,cos_step,200,0.2679048071585657,
20250929_mini-v1.13.3_sonnet-4-5-20250929/django__django-12193,0,reason_sent,cos_task,200,0.001388914610142956,0.08044170644448832
20250929_mini-v1.13.3_sonnet-4-5-20250929/django__django-12193,0,reason_sent,pca1,200,0.021095368123575802,-0.2108232238099276
20250929_mini-v1.13.3_sonnet-4-5-20250929/django__django-12193,0,reason_sent,norm,200,0.33163225779592626,1.0
20250929_mini-v1.13.3_sonnet-4-5-20250929/django__django-13128,0,reason_sent,cos_step,200,0.09977388573684152,
20250929_mini-v1.13.3_sonnet-4-5-20250929/django__django-13128,0,reason_sent,cos_task,200,8.935019913044746e-06,0.23964348367708976
20250929_mini-v1.13.3_sonnet-4-5-20250929/django__django-13128,0,reason_sent,pca1,200,0.43935056194592814,-0.18797663427230757
20250929_mini-v1.13.3_sonnet-4-5-20250929/django__django-13128,0,reason_sent,norm,200,0.07130758621318481,0.9999923861153202
20250929_mini-v1.13.3_sonnet-4-5-20250929/django__django-14122,0,reason_sent,cos_step,200,0.17392702160728446,
20250929_mini-v1.13.3_sonnet-4-5-20250929/django__django-14122,0,reason_sent,cos_task,200,0.005896723810436717,-0.07910618458908325
20250929_mini-v1.13.3_sonnet-4-5-20250929/django__django-14122,0,reason_sent,pca1,200,0.16234322502716897,-0.1840420121744749
20250929_mini-v1.13.3_sonnet-4-5-20250929/django__django-14122,0,reason_sent,norm,200,0.288479968124432,0.9999908632270776
20250929_mini-v1.13.3_sonnet-4-5-20250929/django__django-15563,0,reason_sent,cos_step,200,1.7012890014019314e-05,
20250929_mini-v1.13.3_sonnet-4-5-20250929/django__django-15563,0,reason_sent,cos_task,200,0.019927867805648772,0.41495497738642706
20250929_mini-v1.13.3_sonnet-4-5-20250929/django__django-15563,0,reason_sent,pca1,200,0.00010553317368747798,-0.2250000095181149
20250929_mini-v1.13.3_sonnet-4-5-20250929/django__django-15563,0,reason_sent,norm,200,0.0002850335860262213,0.9999984772334986
20250929_mini-v1.13.3_sonnet-4-5-20250929/django__django-15629,1,reason_sent,cos_step,200,0.0060275979513538394,
20250929_mini-v1.13.3_sonnet-4-5-20250929/django__django-15629,1,reason_sent,cos_task,200,0.060505001740408855,0.2522490626464085
20250929_mini-v1.13.3_sonnet-4-5-20250929/django__django-15629,1,reason_sent,pca1,200,0.06698895652321311,-0.19897889455355786
20250929_mini-v1.13.3_sonnet-4-5-20250929/django__django-15629,1,reason_sent,norm,200,0.013483719644844289,0.9999999999999999
20250929_mini-v1.13.3_sonnet-4-5-20250929/django__django-16263,1,reason_sent,cos_step,200,2.0978869619235625e-05,
20250929_mini-v1.13.3_sonnet-4-5-20250929/django__django-16263,1,reason_sent,cos_task,200,0.016068712741330354,0.2882766891034858
20250929_mini-v1.13.3_sonnet-4-5-20250929/django__django-16263,1,reason_sent,pca1,200,0.004694924704099057,-0.18330386120341324
20250929_mini-v1.13.3_sonnet-4-5-20250929/django__django-16263,1,reason_sent,norm,200,5.021988362053957e-05,1.0
20250929_mini-v1.13.3_sonnet-4-5-20250929/django__django-16560,1,reason_sent,cos_step,200,0.004292400409313373,
20250929_mini-v1.13.3_sonnet-4-5-20250929/django__django-16560,1,reason_sent,cos_task,200,0.9643466844594077,0.1669204694122682
20250929_mini-v1.13.3_sonnet-4-5-20250929/django__django-16560,1,reason_sent,pca1,200,0.013181776935102045,-0.22796408592545717
20250929_mini-v1.13.3_sonnet-4-5-20250929/django__django-16560,1,reason_sent,norm,200,0.009493577356639481,0.9999847720683184
20250929_mini-v1.13.3_sonnet-4-5-20250929/matplotlib__matplotlib-24177,1,reason_sent,cos_step,200,0.3633243623991931,
20250929_mini-v1.13.3_sonnet-4-5-20250929/matplotlib__matplotlib-24177,1,reason_sent,cos_task,200,0.11558968983198413,0.2684709804384809
20250929_mini-v1.13.3_sonnet-4-5-20250929/matplotlib__matplotlib-24177,1,reason_sent,pca1,200,0.732009333819805,-0.30015585851621995
20250929_mini-v1.13.3_sonnet-4-5-20250929/matplotlib__matplotlib-24177,1,reason_sent,norm,200,0.537892644119907,1.0
20250929_mini-v1.13.3_sonnet-4-5-20250929/psf__requests-1724,1,reason_sent,cos_step,200,0.004148930909523408,
20250929_mini-v1.13.3_sonnet-4-5-20250929/psf__requests-1724,1,reason_sent,cos_task,200,0.512977883491385,0.4456483793824553
20250929_mini-v1.13.3_sonnet-4-5-20250929/psf__requests-1724,1,reason_sent,pca1,200,0.3357577242304131,-0.3952562037799089
20250929_mini-v1.13.3_sonnet-4-5-20250929/psf__requests-1724,1,reason_sent,norm,200,0.00646629580808433,0.9999771584155249
20250929_mini-v1.13.3_sonnet-4-5-20250929/scikit-learn__scikit-learn-10844,0,reason_sent,cos_step,200,0.0011481843032610636,
20250929_mini-v1.13.3_sonnet-4-5-20250929/scikit-learn__scikit-learn-10844,0,reason_sent,cos_task,200,0.15552799695255856,0.13551372542166956
20250929_mini-v1.13.3_sonnet-4-5-20250929/scikit-learn__scikit-learn-10844,0,reason_sent,pca1,200,0.0036715115040345603,-0.26758917586720055
20250929_mini-v1.13.3_sonnet-4-5-20250929/scikit-learn__scikit-learn-10844,0,reason_sent,norm,200,0.00449462261205553,0.9999999999999999
20250929_mini-v1.13.3_sonnet-4-5-20250929/sphinx-doc__sphinx-8056,1,reason_sent,cos_step,200,0.27916958668726166,
20250929_mini-v1.13.3_sonnet-4-5-20250929/sphinx-doc__sphinx-8056,1,reason_sent,cos_task,200,0.13300424855711765,0.229723782654602
20250929_mini-v1.13.3_sonnet-4-5-20250929/sphinx-doc__sphinx-8056,1,reason_sent,pca1,200,0.0460233045276648,-0.26852882549878143
20250929_mini-v1.13.3_sonnet-4-5-20250929/sphinx-doc__sphinx-8056,1,reason_sent,norm,200,0.3468973715219902,0.9999999999999999
20250929_mini-v1.13.3_sonnet-4-5-20250929/sphinx-doc__sphinx-8621,0,reason_sent,cos_step,200,0.07041773484221357,
20250929_mini-v1.13.3_sonnet-4-5-20250929/sphinx-doc__sphinx-8621,0,reason_sent,cos_task,200,0.002312551024164596,0.34715022160445413
20250929_mini-v1.13.3_sonnet-4-5-20250929/sphinx-doc__sphinx-8621,0,reason_sent,pca1,200,0.8828308938036837,-0.2751560600768852
20250929_mini-v1.13.3_sonnet-4-5-20250929/sphinx-doc__sphinx-8621,0,reason_sent,norm,200,0.15129374983568022,1.0
20250929_mini-v1.13.3_sonnet-4-5-20250929/sympy__sympy-20428,1,reason_sent,cos_step,200,0.02347558874270223,
20250929_mini-v1.13.3_sonnet-4-5-20250929/sympy__sympy-20428,1,reason_sent,cos_task,200,0.44428504307581496,0.26745781001270197
20250929_mini-v1.13.3_sonnet-4-5-20250929/sympy__sympy-20428,1,reason_sent,pca1,200,0.8935860213439708,-0.23801759365059189
20250929_mini-v1.13.3_sonnet-4-5-20250929/sympy__sympy-20428,1,reason_sent,norm,200,0.023832826221202367,0.9999984772265422
20250929_mini-v1.13.3_sonnet-4-5-20250929/sympy__sympy-24443,0,reason_sent,cos_step,200,0.14192244165174825,
20250929_mini-v1.13.3_sonnet-4-5-20250929/sympy__sympy-24443,0,reason_sent,cos_task,200,0.737271366933657,0.2579384376007123
20250929_mini-v1.13.3_sonnet-4-5-20250929/sympy__sympy-24443,0,reason_sent,pca1,200,0.10224139017012562,-0.33570228546415715
20250929_mini-v1.13.3_sonnet-4-5-20250929/sympy__sympy-24443,0,reason_sent,norm,200,0.18859458601690138,0.9999999999999999
20251118_mini-v1.15.0_gemini-3-pro-preview-20251118/astropy__astropy-12907,0,reason_sent,cos_step,200,0.0049117305601726,
20251118_mini-v1.15.0_gemini-3-pro-preview-20251118/astropy__astropy-12907,0,reason_sent,cos_task,200,1.1814317659503798e-06,0.12675847760197181
20251118_mini-v1.15.0_gemini-3-pro-preview-20251118/astropy__astropy-12907,0,reason_sent,pca1,200,0.13650605578802422,-0.16130273814990442
20251118_mini-v1.15.0_gemini-3-pro-preview-20251118/astropy__astropy-12907,0,reason_sent,norm,200,0.007528797656665246,1.0
20251118_mini-v1.15.0_gemini-3-pro-preview-20251118/astropy__astropy-14182,1,reason_sent,cos_step,200,0.18889136778927074,
20251118_mini-v1.15.0_gemini-3-pro-preview-20251118/astropy__astropy-14182,1,reason_sent,cos_task,200,0.030211844591850417,0.09042258959078187
20251118_mini-v1.15.0_gemini-3-pro-preview-20251118/astropy__astropy-14182,1,reason_sent,pca1,200,0.7139015547502197,-0.09005254817427838
20251118_mini-v1.15.0_gemini-3-pro-preview-20251118/astropy__astropy-14182,1,reason_sent,norm,200,0.28941697670259037,1.0
20251118_mini-v1.15.0_gemini-3-pro-preview-20251118/django__django-12304,0,reason_sent,cos_step,200,0.098639174578264,
20251118_mini-v1.15.0_gemini-3-pro-preview-20251118/django__django-12304,0,reason_sent,cos_task,200,0.2604938015734291,0.277998507939547
20251118_mini-v1.15.0_gemini-3-pro-preview-20251118/django__django-12304,0,reason_sent,pca1,200,0.5223151188449843,-0.28084320687398473
20251118_mini-v1.15.0_gemini-3-pro-preview-20251118/django__django-12304,0,reason_sent,norm,200,0.1331602385475607,1.0
20251118_mini-v1.15.0_gemini-3-pro-preview-20251118/django__django-13158,0,reason_sent,cos_step,200,0.025155881711081903,
20251118_mini-v1.15.0_gemini-3-pro-preview-20251118/django__django-13158,0,reason_sent,cos_task,200,6.473854254394407e-05,0.2580464638279492
20251118_mini-v1.15.0_gemini-3-pro-preview-20251118/django__django-13158,0,reason_sent,pca1,200,0.01568336615387721,-0.2830581226118571
20251118_mini-v1.15.0_gemini-3-pro-preview-20251118/django__django-13158,0,reason_sent,norm,200,0.0548048199630972,1.0
20251118_mini-v1.15.0_gemini-3-pro-preview-20251118/django__django-13195,1,reason_sent,cos_step,200,0.001911201239828049,
20251118_mini-v1.15.0_gemini-3-pro-preview-20251118/django__django-13195,1,reason_sent,cos_task,200,0.00030022046791343794,0.3286948611430165
20251118_mini-v1.15.0_gemini-3-pro-preview-20251118/django__django-13195,1,reason_sent,pca1,200,0.05302814010506439,-0.22745583273896286
20251118_mini-v1.15.0_gemini-3-pro-preview-20251118/django__django-13195,1,reason_sent,norm,200,0.002631448556651893,1.0
20251118_mini-v1.15.0_gemini-3-pro-preview-20251118/django__django-13343,0,reason_sent,cos_step,200,2.262548613167233e-05,
20251118_mini-v1.15.0_gemini-3-pro-preview-20251118/django__django-13343,0,reason_sent,cos_task,200,1.977666855825758e-09,0.3396690725950327
20251118_mini-v1.15.0_gemini-3-pro-preview-20251118/django__django-13343,0,reason_sent,pca1,200,3.810719352706566e-05,0.09156981337748141
20251118_mini-v1.15.0_gemini-3-pro-preview-20251118/django__django-13343,0,reason_sent,norm,200,3.614774015378384e-05,0.9999939088783428
20251118_mini-v1.15.0_gemini-3-pro-preview-20251118/django__django-13516,0,reason_sent,cos_step,200,2.561423842195343e-05,
20251118_mini-v1.15.0_gemini-3-pro-preview-20251118/django__django-13516,0,reason_sent,cos_task,200,0.14456436680968845,-0.03313504134096935
20251118_mini-v1.15.0_gemini-3-pro-preview-20251118/django__django-13516,0,reason_sent,pca1,200,0.4324103788417295,-0.10919510912279967
20251118_mini-v1.15.0_gemini-3-pro-preview-20251118/django__django-13516,0,reason_sent,norm,200,2.7178550401574604e-05,0.9999999999999999
20251118_mini-v1.15.0_gemini-3-pro-preview-20251118/django__django-13807,0,reason_sent,cos_step,200,0.0001280364669214691,
20251118_mini-v1.15.0_gemini-3-pro-preview-20251118/django__django-13807,0,reason_sent,cos_task,200,0.931701858656955,0.2417712020924956
20251118_mini-v1.15.0_gemini-3-pro-preview-20251118/django__django-13807,0,reason_sent,pca1,200,0.5327891874988355,-0.26289515570732896
20251118_mini-v1.15.0_gemini-3-pro-preview-20251118/django__django-13807,0,reason_sent,norm,200,0.000536661978978262,1.0
20251118_mini-v1.15.0_gemini-3-pro-preview-20251118/django__django-14155,1,reason_sent,cos_step,200,0.07298763640011115,
20251118_mini-v1.15.0_gemini-3-pro-preview-20251118/django__django-14155,1,reason_sent,cos_task,200,0.04563386600470373,0.1713564353658818
20251118_mini-v1.15.0_gemini-3-pro-preview-20251118/django__django-14155,1,reason_sent,pca1,200,0.8216074198392832,-0.16063913945011715
20251118_mini-v1.15.0_gemini-3-pro-preview-20251118/django__django-14155,1,reason_sent,norm,200,0.07452354263376579,0.9999984772300204
20251118_mini-v1.15.0_gemini-3-pro-preview-20251118/django__django-14311,0,reason_sent,cos_step,200,0.00018061952793839816,
20251118_mini-v1.15.0_gemini-3-pro-preview-20251118/django__django-14311,0,reason_sent,cos_task,200,0.42563640824642446,0.2902345258890026
20251118_mini-v1.15.0_gemini-3-pro-preview-20251118/django__django-14311,0,reason_sent,pca1,200,0.7051241369864156,-0.2671177335422263
20251118_mini-v1.15.0_gemini-3-pro-preview-20251118/django__django-14311,0,reason_sent,norm,200,0.00020445279979251383,0.9999984771929183
20251118_mini-v1.15.0_gemini-3-pro-preview-20251118/django__django-14349,0,reason_sent,cos_step,200,0.0025393038665248273,
20251118_mini-v1.15.0_gemini-3-pro-preview-20251118/django__django-14349,0,reason_sent,cos_task,200,0.07825409663967174,0.23706056398209066
20251118_mini-v1.15.0_gemini-3-pro-preview-20251118/django__django-14349,0,reason_sent,pca1,200,0.47365975822149275,-0.2682524128500275
20251118_mini-v1.15.0_gemini-3-pro-preview-20251118/django__django-14349,0,reason_sent,norm,200,0.004207096959555936,0.99999847723118
20251118_mini-v1.15.0_gemini-3-pro-preview-20251118/django__django-14376,0,reason_sent,cos_step,200,0.0008760104181358787,
20251118_mini-v1.15.0_gemini-3-pro-preview-20251118/django__django-14376,0,reason_sent,cos_task,200,0.02791753182034006,0.357639310567261
20251118_mini-v1.15.0_gemini-3-pro-preview-20251118/django__django-14376,0,reason_sent,pca1,200,0.10688333963957238,-0.3098407743385977
20251118_mini-v1.15.0_gemini-3-pro-preview-20251118/django__django-14376,0,reason_sent,norm,200,0.005148672067022806,1.0
20251118_mini-v1.15.0_gemini-3-pro-preview-20251118/django__django-15103,0,reason_sent,cos_step,200,6.726475903555656e-07,
20251118_mini-v1.15.0_gemini-3-pro-preview-20251118/django__django-15103,0,reason_sent,cos_task,200,0.34346252122691645,0.19801604780480442
20251118_mini-v1.15.0_gemini-3-pro-preview-20251118/django__django-15103,0,reason_sent,pca1,200,0.0019187267896740878,-0.2542857654097994
20251118_mini-v1.15.0_gemini-3-pro-preview-20251118/django__django-15103,0,reason_sent,norm,200,3.31658672606721e-07,0.9999999999999999
20251118_mini-v1.15.0_gemini-3-pro-preview-20251118/django__django-15916,1,reason_sent,cos_step,200,6.017180817967207e-08,
20251118_mini-v1.15.0_gemini-3-pro-preview-20251118/django__django-15916,1,reason_sent,cos_task,200,0.0022888789556564245,0.3700655446670311
20251118_mini-v1.15.0_gemini-3-pro-preview-20251118/django__django-15916,1,reason_sent,pca1,200,0.9387918250600757,-0.2871192218373128
20251118_mini-v1.15.0_gemini-3-pro-preview-20251118/django__django-15916,1,reason_sent,norm,200,3.8239286238784165e-07,0.9999939089015312
20251118_mini-v1.15.0_gemini-3-pro-preview-20251118/django__django-16454,0,reason_sent,cos_step,200,0.006803803502189911,
20251118_mini-v1.15.0_gemini-3-pro-preview-20251118/django__django-16454,0,reason_sent,cos_task,200,0.008050171160085991,0.28172144366600904
20251118_mini-v1.15.0_gemini-3-pro-preview-20251118/django__django-16454,0,reason_sent,pca1,200,0.05248667694750943,-0.18290814734355568
20251118_mini-v1.15.0_gemini-3-pro-preview-20251118/django__django-16454,0,reason_sent,norm,200,0.03345610589823047,0.9999984772300204
20251118_mini-v1.15.0_gemini-3-pro-preview-20251118/psf__requests-1766,0,reason_sent,cos_step,200,0.0030494065299755376,
20251118_mini-v1.15.0_gemini-3-pro-preview-20251118/psf__requests-1766,0,reason_sent,cos_task,200,2.303510441556694e-06,0.27673745133422434
20251118_mini-v1.15.0_gemini-3-pro-preview-20251118/psf__requests-1766,0,reason_sent,pca1,200,0.693651586468044,-0.3081217286641444
20251118_mini-v1.15.0_gemini-3-pro-preview-20251118/psf__requests-1766,0,reason_sent,norm,200,0.0021027480661415833,1.0
20251118_mini-v1.15.0_gemini-3-pro-preview-20251118/psf__requests-5414,0,reason_sent,cos_step,200,9.837274270405995e-06,
20251118_mini-v1.15.0_gemini-3-pro-preview-20251118/psf__requests-5414,0,reason_sent,cos_task,200,0.7086860816918853,0.26617430118915036
20251118_mini-v1.15.0_gemini-3-pro-preview-20251118/psf__requests-5414,0,reason_sent,pca1,200,0.34360050657991414,-0.3049153429612444
20251118_mini-v1.15.0_gemini-3-pro-preview-20251118/psf__requests-5414,0,reason_sent,norm,200,3.7118751678939245e-06,1.0
20251118_mini-v1.15.0_gemini-3-pro-preview-20251118/pydata__xarray-6461,0,reason_sent,cos_step,200,5.857458387730911e-06,
20251118_mini-v1.15.0_gemini-3-pro-preview-20251118/pydata__xarray-6461,0,reason_sent,cos_task,200,3.963608983605417e-05,0.2116552097224233
20251118_mini-v1.15.0_gemini-3-pro-preview-20251118/pydata__xarray-6461,0,reason_sent,pca1,200,0.01874919905820292,-0.17310931855698247
20251118_mini-v1.15.0_gemini-3-pro-preview-20251118/pydata__xarray-6461,0,reason_sent,norm,200,5.930195800297676e-06,0.9999999999999999
20251118_mini-v1.15.0_gemini-3-pro-preview-20251118/pytest-dev__pytest-6202,0,reason_sent,cos_step,200,8.609152290446967e-08,
20251118_mini-v1.15.0_gemini-3-pro-preview-20251118/pytest-dev__pytest-6202,0,reason_sent,cos_task,200,0.06908302827843377,0.19578060871305528
20251118_mini-v1.15.0_gemini-3-pro-preview-20251118/pytest-dev__pytest-6202,0,reason_sent,pca1,200,0.3335868666264457,-0.3386400901269007
20251118_mini-v1.15.0_gemini-3-pro-preview-20251118/pytest-dev__pytest-6202,0,reason_sent,norm,200,1.1672932316648905e-09,0.9999939089293572
20251118_mini-v1.15.0_gemini-3-pro-preview-20251118/pytest-dev__pytest-7324,0,reason_sent,cos_step,200,0.03932105151560478,
20251118_mini-v1.15.0_gemini-3-pro-preview-20251118/pytest-dev__pytest-7324,0,reason_sent,cos_task,200,0.062321301248785176,0.2614894690299699
20251118_mini-v1.15.0_gemini-3-pro-preview-20251118/pytest-dev__pytest-7324,0,reason_sent,pca1,200,0.7166213885779606,-0.18808082154278732
20251118_mini-v1.15.0_gemini-3-pro-preview-20251118/pytest-dev__pytest-7324,0,reason_sent,norm,200,0.05716781334512481,1.0
20251118_mini-v1.15.0_gemini-3-pro-preview-20251118/scikit-learn__scikit-learn-13779,0,reason_sent,cos_step,200,0.0015983031673472568,
20251118_mini-v1.15.0_gemini-3-pro-preview-20251118/scikit-learn__scikit-learn-13779,0,reason_sent,cos_task,200,0.12747602049312892,0.2919323277960095
20251118_mini-v1.15.0_gemini-3-pro-preview-20251118/scikit-learn__scikit-learn-13779,0,reason_sent,pca1,200,0.32339576565180084,-0.25565673562575
20251118_mini-v1.15.0_gemini-3-pro-preview-20251118/scikit-learn__scikit-learn-13779,0,reason_sent,norm,200,0.004023618790171898,0.9999984772300204
20251118_mini-v1.15.0_gemini-3-pro-preview-20251118/sympy__sympy-13551,0,reason_sent,cos_step,200,7.151790680202832e-07,
20251118_mini-v1.15.0_gemini-3-pro-preview-20251118/sympy__sympy-13551,0,reason_sent,cos_task,200,2.7652744450228167e-05,0.5357147072026871
20251118_mini-v1.15.0_gemini-3-pro-preview-20251118/sympy__sympy-13551,0,reason_sent,pca1,200,0.5127957817368239,-0.15055648085712237
20251118_mini-v1.15.0_gemini-3-pro-preview-20251118/sympy__sympy-13551,0,reason_sent,norm,200,8.285674627469846e-07,1.0
20251118_mini-v1.15.0_gemini-3-pro-preview-20251118/sympy__sympy-13878,1,reason_sent,cos_step,200,0.1521741678524795,
20251118_mini-v1.15.0_gemini-3-pro-preview-20251118/sympy__sympy-13878,1,reason_sent,cos_task,200,0.37408826372349757,0.1957833504491774
20251118_mini-v1.15.0_gemini-3-pro-preview-20251118/sympy__sympy-13878,1,reason_sent,pca1,200,0.09339960986013535,-0.18997384585459784
20251118_mini-v1.15.0_gemini-3-pro-preview-20251118/sympy__sympy-13878,1,reason_sent,norm,200,0.20122260973237377,0.9999984772277016
20251118_mini-v1.15.0_gemini-3-pro-preview-20251118/sympy__sympy-13974,0,reason_sent,cos_step,200,3.343056034719514e-07,
20251118_mini-v1.15.0_gemini-3-pro-preview-20251118/sympy__sympy-13974,0,reason_sent,cos_task,200,0.1405336016688218,0.4454965947062688
20251118_mini-v1.15.0_gemini-3-pro-preview-20251118/sympy__sympy-13974,0,reason_sent,pca1,200,0.8199745033855703,-0.33623624271692837
20251118_mini-v1.15.0_gemini-3-pro-preview-20251118/sympy__sympy-13974,0,reason_sent,norm,200,4.439889293252796e-07,1.0
20251118_mini-v1.15.0_gemini-3-pro-preview-20251118/sympy__sympy-19495,0,reason_sent,cos_step,200,0.006185565837216035,
20251118_mini-v1.15.0_gemini-3-pro-preview-20251118/sympy__sympy-19495,0,reason_sent,cos_task,200,0.00602702136695839,0.31481530125652796
20251118_mini-v1.15.0_gemini-3-pro-preview-20251118/sympy__sympy-19495,0,reason_sent,pca1,200,0.39909528158492413,-0.28980379482140106
20251118_mini-v1.15.0_gemini-3-pro-preview-20251118/sympy__sympy-19495,0,reason_sent,norm,200,0.009856557673006732,0.9999999999999999
20251118_mini-v1.15.0_gemini-3-pro-preview-20251118/sympy__sympy-20438,1,reason_sent,cos_step,200,0.0007924747619135275,
20251118_mini-v1.15.0_gemini-3-pro-preview-20251118/sympy__sympy-20438,1,reason_sent,cos_task,200,0.011278520280780965,0.4451797723088854
20251118_mini-v1.15.0_gemini-3-pro-preview-20251118/sympy__sympy-20438,1,reason_sent,pca1,200,0.2092754010070141,-0.20357888605733174
20251118_mini-v1.15.0_gemini-3-pro-preview-20251118/sympy__sympy-20438,1,reason_sent,norm,200,0.0056326517051192996,1.0
20251118_mini-v1.15.0_gemini-3-pro-preview-20251118/sympy__sympy-22080,1,reason_sent,cos_step,200,3.706998926191049e-10,
20251118_mini-v1.15.0_gemini-3-pro-preview-20251118/sympy__sympy-22080,1,reason_sent,cos_task,200,0.02326436896497215,0.29772928088508716
20251118_mini-v1.15.0_gemini-3-pro-preview-20251118/sympy__sympy-22080,1,reason_sent,pca1,200,0.0003429302244747879,-0.42748465903041544
20251118_mini-v1.15.0_gemini-3-pro-preview-20251118/sympy__sympy-22080,1,reason_sent,norm,200,1.4896438914167755e-07,1.0
20251118_mini-v1.15.0_gemini-3-pro-preview-20251118/sympy__sympy-22714,0,reason_sent,cos_step,200,0.006758188659997926,
20251118_mini-v1.15.0_gemini-3-pro-preview-20251118/sympy__sympy-22714,0,reason_sent,cos_task,200,0.01186527400174331,0.07093306654584323
20251118_mini-v1.15.0_gemini-3-pro-preview-20251118/sympy__sympy-22714,0,reason_sent,pca1,200,0.6288868247446148,-0.3574489922823773
20251118_mini-v1.15.0_gemini-3-pro-preview-20251118/sympy__sympy-22714,0,reason_sent,norm,200,0.00527220120426038,1.0
20251124_mini-v1.17.0_minimax-m2/astropy__astropy-14369,0,reason_sent,cos_step,200,0.25402237164654085,
20251124_mini-v1.17.0_minimax-m2/astropy__astropy-14369,0,reason_sent,cos_task,200,0.23038338331604008,0.13460236052575983
20251124_mini-v1.17.0_minimax-m2/astropy__astropy-14369,0,reason_sent,pca1,200,0.18735124604923797,-0.1799900943715485
20251124_mini-v1.17.0_minimax-m2/astropy__astropy-14369,0,reason_sent,norm,200,0.3146416937293109,0.9999984772346582
20251124_mini-v1.17.0_minimax-m2/django__django-11119,0,reason_sent,cos_step,200,0.1308476643358053,
20251124_mini-v1.17.0_minimax-m2/django__django-11119,0,reason_sent,cos_task,200,0.14122228343897836,0.09478998877581574
20251124_mini-v1.17.0_minimax-m2/django__django-11119,0,reason_sent,pca1,200,0.3519873678414629,-0.0025090414997735663
20251124_mini-v1.17.0_minimax-m2/django__django-11119,0,reason_sent,norm,200,0.25250239939137575,0.9999741113334492
20251124_mini-v1.17.0_minimax-m2/django__django-11728,1,reason_sent,cos_step,200,0.004938231921992493,
20251124_mini-v1.17.0_minimax-m2/django__django-11728,1,reason_sent,cos_task,200,0.554722072324273,0.18709094342922136
20251124_mini-v1.17.0_minimax-m2/django__django-11728,1,reason_sent,pca1,200,0.8709087889559763,-0.09769466448947318
20251124_mini-v1.17.0_minimax-m2/django__django-11728,1,reason_sent,norm,200,0.018748898476584504,0.9999999999999999
20251124_mini-v1.17.0_minimax-m2/django__django-11964,1,reason_sent,cos_step,200,0.011049822624133482,
20251124_mini-v1.17.0_minimax-m2/django__django-11964,1,reason_sent,cos_task,200,0.7269145282634145,0.24527253882666258
20251124_mini-v1.17.0_minimax-m2/django__django-11964,1,reason_sent,pca1,200,0.09468940064858344,-0.17538937242720912
20251124_mini-v1.17.0_minimax-m2/django__django-11964,1,reason_sent,norm,200,0.023077789064612074,1.0
20251124_mini-v1.17.0_minimax-m2/django__django-12125,1,reason_sent,cos_step,200,0.07508420397026304,
20251124_mini-v1.17.0_minimax-m2/django__django-12125,1,reason_sent,cos_task,200,0.7172915007163271,0.19532282939409215
20251124_mini-v1.17.0_minimax-m2/django__django-12125,1,reason_sent,pca1,200,0.3092504502826218,-0.24499925574465192
20251124_mini-v1.17.0_minimax-m2/django__django-12125,1,reason_sent,norm,200,0.0665237686104543,1.0
20251124_mini-v1.17.0_minimax-m2/django__django-13109,0,reason_sent,cos_step,200,1.4775892422143149e-05,
20251124_mini-v1.17.0_minimax-m2/django__django-13109,0,reason_sent,cos_task,200,0.15257628260453152,0.04394755987311716
20251124_mini-v1.17.0_minimax-m2/django__django-13109,0,reason_sent,pca1,200,0.09090823378429445,-0.060950971291801354
20251124_mini-v1.17.0_minimax-m2/django__django-13109,0,reason_sent,norm,200,0.0002944363400541956,0.9999999999999999
20251124_mini-v1.17.0_minimax-m2/django__django-13212,1,reason_sent,cos_step,200,0.003513602070574143,
20251124_mini-v1.17.0_minimax-m2/django__django-13212,1,reason_sent,cos_task,200,0.6077292375584034,0.33584197284409906
20251124_mini-v1.17.0_minimax-m2/django__django-13212,1,reason_sent,pca1,200,0.00455736626051379,-0.22103869020443134
20251124_mini-v1.17.0_minimax-m2/django__django-13212,1,reason_sent,norm,200,0.02455005419467685,0.9999999999999999
20251124_mini-v1.17.0_minimax-m2/django__django-13512,0,reason_sent,cos_step,200,0.26989350281641766,
20251124_mini-v1.17.0_minimax-m2/django__django-13512,0,reason_sent,cos_task,200,0.3147574853811676,0.1758885779971587
20251124_mini-v1.17.0_minimax-m2/django__django-13512,0,reason_sent,pca1,200,0.7558883768452132,-0.20676385597097197
20251124_mini-v1.17.0_minimax-m2/django__django-13512,0,reason_sent,norm,200,0.5657493412684058,0.9999984772149481
20251124_mini-v1.17.0_minimax-m2/django__django-14017,0,reason_sent,cos_step,200,0.0008013052436397508,
20251124_mini-v1.17.0_minimax-m2/django__django-14017,0,reason_sent,cos_task,200,0.000799314453201841,0.40378000070995973
20251124_mini-v1.17.0_minimax-m2/django__django-14017,0,reason_sent,pca1,200,0.2589426346391281,-0.17246491130963648
20251124_mini-v1.17.0_minimax-m2/django__django-14017,0,reason_sent,norm,200,0.001440738140069841,1.0
20251124_mini-v1.17.0_minimax-m2/django__django-14140,0,reason_sent,cos_step,200,0.18623035561021783,
20251124_mini-v1.17.0_minimax-m2/django__django-14140,0,reason_sent,cos_task,200,0.6217502858334535,0.23635673525443854
20251124_mini-v1.17.0_minimax-m2/django__django-14140,0,reason_sent,pca1,200,0.6813728685419349,-0.1899517227171357
20251124_mini-v1.17.0_minimax-m2/django__django-14140,0,reason_sent,norm,200,0.23934211640034903,1.0
20251124_mini-v1.17.0_minimax-m2/django__django-15315,1,reason_sent,cos_step,200,0.013665197645551323,
20251124_mini-v1.17.0_minimax-m2/django__django-15315,1,reason_sent,cos_task,200,0.07833028387494032,0.4362668286973159
20251124_mini-v1.17.0_minimax-m2/django__django-15315,1,reason_sent,pca1,200,0.011439715819762173,-0.053401828257883976
20251124_mini-v1.17.0_minimax-m2/django__django-15315,1,reason_sent,norm,200,0.034221820664497936,1.0
20251124_mini-v1.17.0_minimax-m2/django__django-15375,0,reason_sent,cos_step,200,0.13361024375317723,
20251124_mini-v1.17.0_minimax-m2/django__django-15375,0,reason_sent,cos_task,200,0.7431690580821642,0.2925515310191366
20251124_mini-v1.17.0_minimax-m2/django__django-15375,0,reason_sent,pca1,200,0.5163083782953686,-0.24113930123499247
20251124_mini-v1.17.0_minimax-m2/django__django-15375,0,reason_sent,norm,200,0.2224940288819548,0.9999984772300204
20251124_mini-v1.17.0_minimax-m2/django__django-15380,1,reason_sent,cos_step,200,0.00013518442745655244,
20251124_mini-v1.17.0_minimax-m2/django__django-15380,1,reason_sent,cos_task,200,0.6277590435149286,0.34319628898954535
20251124_mini-v1.17.0_minimax-m2/django__django-15380,1,reason_sent,pca1,200,0.7022895297180203,-0.23148473503801126
20251124_mini-v1.17.0_minimax-m2/django__django-15380,1,reason_sent,norm,200,0.0002904940590755733,0.9999999999999999
20251124_mini-v1.17.0_minimax-m2/matplotlib__matplotlib-24627,0,reason_sent,cos_step,200,0.025350949217378026,
20251124_mini-v1.17.0_minimax-m2/matplotlib__matplotlib-24627,0,reason_sent,cos_task,200,0.7946477898998627,0.17128410351842918
20251124_mini-v1.17.0_minimax-m2/matplotlib__matplotlib-24627,0,reason_sent,pca1,200,0.6728760377568108,-0.15085758925078332
20251124_mini-v1.17.0_minimax-m2/matplotlib__matplotlib-24627,0,reason_sent,norm,200,0.0180393082623372,0.9999999999999999
20251124_mini-v1.17.0_minimax-m2/pylint-dev__pylint-4551,1,reason_sent,cos_step,200,0.04821245678922909,
20251124_mini-v1.17.0_minimax-m2/pylint-dev__pylint-4551,1,reason_sent,cos_task,200,0.1364152592088666,0.0604739697384068
20251124_mini-v1.17.0_minimax-m2/pylint-dev__pylint-4551,1,reason_sent,pca1,200,0.7891503753376702,-0.24420976493455285
20251124_mini-v1.17.0_minimax-m2/pylint-dev__pylint-4551,1,reason_sent,norm,200,0.09600876304843892,1.0
20251124_mini-v1.17.0_minimax-m2/pytest-dev__pytest-7236,0,reason_sent,cos_step,200,1.1668266452296169e-07,
20251124_mini-v1.17.0_minimax-m2/pytest-dev__pytest-7236,0,reason_sent,cos_task,200,0.7960905090243042,0.1572326732767612
20251124_mini-v1.17.0_minimax-m2/pytest-dev__pytest-7236,0,reason_sent,pca1,200,0.05664066452079363,0.020478948680808323
20251124_mini-v1.17.0_minimax-m2/pytest-dev__pytest-7236,0,reason_sent,norm,200,4.060880885581637e-07,1.0
20251124_mini-v1.17.0_minimax-m2/pytest-dev__pytest-7521,0,reason_sent,cos_step,200,0.0019866390494956156,
20251124_mini-v1.17.0_minimax-m2/pytest-dev__pytest-7521,0,reason_sent,cos_task,200,0.020598306801841302,0.11585272536983536
20251124_mini-v1.17.0_minimax-m2/pytest-dev__pytest-7521,0,reason_sent,pca1,200,0.29510938504177225,-0.225975971981214
20251124_mini-v1.17.0_minimax-m2/pytest-dev__pytest-7521,0,reason_sent,norm,200,0.0026491122624069385,0.999993908906169
20251124_mini-v1.17.0_minimax-m2/scikit-learn__scikit-learn-10844,0,reason_sent,cos_step,200,0.0010382117008278934,
20251124_mini-v1.17.0_minimax-m2/scikit-learn__scikit-learn-10844,0,reason_sent,cos_task,200,0.31973845763299946,0.02630485891407846
20251124_mini-v1.17.0_minimax-m2/scikit-learn__scikit-learn-10844,0,reason_sent,pca1,200,0.7162594227006582,-0.21018797900769984
20251124_mini-v1.17.0_minimax-m2/scikit-learn__scikit-learn-10844,0,reason_sent,norm,200,0.0005412053371482068,1.0
20251124_mini-v1.17.0_minimax-m2/scikit-learn__scikit-learn-13439,0,reason_sent,cos_step,200,0.008162853796146183,
20251124_mini-v1.17.0_minimax-m2/scikit-learn__scikit-learn-13439,0,reason_sent,cos_task,200,0.0003899395022866821,0.08977890667435383
20251124_mini-v1.17.0_minimax-m2/scikit-learn__scikit-learn-13439,0,reason_sent,pca1,200,0.8410841148073579,-0.19636632755179664
20251124_mini-v1.17.0_minimax-m2/scikit-learn__scikit-learn-13439,0,reason_sent,norm,200,0.017309100876588927,1.0
20251124_mini-v1.17.0_minimax-m2/scikit-learn__scikit-learn-14087,1,reason_sent,cos_step,200,1.2253877104401765e-07,
20251124_mini-v1.17.0_minimax-m2/scikit-learn__scikit-learn-14087,1,reason_sent,cos_task,200,0.00019386776885893804,0.24943321369176097
20251124_mini-v1.17.0_minimax-m2/scikit-learn__scikit-learn-14087,1,reason_sent,pca1,200,0.20867700891658827,-0.14671077356828816
20251124_mini-v1.17.0_minimax-m2/scikit-learn__scikit-learn-14087,1,reason_sent,norm,200,1.0971077308292789e-06,1.0
20251124_mini-v1.17.0_minimax-m2/scikit-learn__scikit-learn-26194,1,reason_sent,cos_step,200,6.603524122654204e-05,
20251124_mini-v1.17.0_minimax-m2/scikit-learn__scikit-learn-26194,1,reason_sent,cos_task,200,7.009688149459549e-05,0.3850895948337225
20251124_mini-v1.17.0_minimax-m2/scikit-learn__scikit-learn-26194,1,reason_sent,pca1,200,0.9409864695098747,-0.20884062079775012
20251124_mini-v1.17.0_minimax-m2/scikit-learn__scikit-learn-26194,1,reason_sent,norm,200,0.00033202820705066253,0.9999878177195838
20251124_mini-v1.17.0_minimax-m2/sphinx-doc__sphinx-7462,1,reason_sent,cos_step,200,0.04252087605917055,
20251124_mini-v1.17.0_minimax-m2/sphinx-doc__sphinx-7462,1,reason_sent,cos_task,200,0.1333931022795012,-0.00314648456060679
20251124_mini-v1.17.0_minimax-m2/sphinx-doc__sphinx-7462,1,reason_sent,pca1,200,0.04304331253442995,0.055144759236352585
20251124_mini-v1.17.0_minimax-m2/sphinx-doc__sphinx-7462,1,reason_sent,norm,200,0.16133097159441667,1.0
20251124_mini-v1.17.0_minimax-m2/sympy__sympy-13551,0,reason_sent,cos_step,200,0.015560367018643733,
20251124_mini-v1.17.0_minimax-m2/sympy__sympy-13551,0,reason_sent,cos_task,200,0.7412719155554943,0.4945860360524643
20251124_mini-v1.17.0_minimax-m2/sympy__sympy-13551,0,reason_sent,pca1,200,0.38920622611577615,-0.28754350475802815
20251124_mini-v1.17.0_minimax-m2/sympy__sympy-13551,0,reason_sent,norm,200,0.05137159474971369,0.9999999999999999
20251124_mini-v1.17.0_minimax-m2/sympy__sympy-14248,1,reason_sent,cos_step,200,0.008859564786026486,
20251124_mini-v1.17.0_minimax-m2/sympy__sympy-14248,1,reason_sent,cos_task,200,0.03926267365835748,0.26411600559052656
20251124_mini-v1.17.0_minimax-m2/sympy__sympy-14248,1,reason_sent,pca1,200,0.1821164407268036,-0.3560981738053878
20251124_mini-v1.17.0_minimax-m2/sympy__sympy-14248,1,reason_sent,norm,200,0.02701402443000137,0.9999984772230641
20251124_mini-v1.17.0_minimax-m2/sympy__sympy-24443,0,reason_sent,cos_step,200,0.5754344926322927,
20251124_mini-v1.17.0_minimax-m2/sympy__sympy-24443,0,reason_sent,cos_task,200,0.07842386912118647,0.31146551778698955
20251124_mini-v1.17.0_minimax-m2/sympy__sympy-24443,0,reason_sent,pca1,200,0.8190617784274544,-0.2828620661101894
20251124_mini-v1.17.0_minimax-m2/sympy__sympy-24443,0,reason_sent,norm,200,0.45881728631209673,1.0
20251124_mini-v1.17.0_minimax-m2/sympy__sympy-24539,0,reason_sent,cos_step,200,0.0025413494530639237,
20251124_mini-v1.17.0_minimax-m2/sympy__sympy-24539,0,reason_sent,cos_task,200,0.0020284046090569075,0.33699909288955726
20251124_mini-v1.17.0_minimax-m2/sympy__sympy-24539,0,reason_sent,pca1,200,0.7254027040702227,-0.22275227789598917
20251124_mini-v1.17.0_minimax-m2/sympy__sympy-24539,0,reason_sent,norm,200,0.0109748963385527,0.9999999999999999
20251201_mini-v1.17.1_glm-4.6/astropy__astropy-8707,1,reason_sent,cos_step,200,0.0001580434461410301,
20251201_mini-v1.17.1_glm-4.6/astropy__astropy-8707,1,reason_sent,cos_task,200,0.03998599692643171,0.3640452962817445
20251201_mini-v1.17.1_glm-4.6/astropy__astropy-8707,1,reason_sent,pca1,200,0.8601493728966305,-0.20006136758368157
20251201_mini-v1.17.1_glm-4.6/astropy__astropy-8707,1,reason_sent,norm,200,8.048690098850771e-05,0.9999984772334986
20251201_mini-v1.17.1_glm-4.6/django__django-11555,0,reason_sent,cos_step,200,2.3736219526957726e-05,
20251201_mini-v1.17.1_glm-4.6/django__django-11555,0,reason_sent,cos_task,200,0.3095373315584177,0.2798255806037355
20251201_mini-v1.17.1_glm-4.6/django__django-11555,0,reason_sent,pca1,200,0.001762442725531094,-0.29566860009715634
20251201_mini-v1.17.1_glm-4.6/django__django-11555,0,reason_sent,norm,200,2.270167894840779e-05,0.9999984772277016
20251201_mini-v1.17.1_glm-4.6/django__django-13028,0,reason_sent,cos_step,200,0.005891132240805518,
20251201_mini-v1.17.1_glm-4.6/django__django-13028,0,reason_sent,cos_task,200,0.6437825202728367,0.22614122102911563
20251201_mini-v1.17.1_glm-4.6/django__django-13028,0,reason_sent,pca1,200,0.016264370601380196,-0.1525688798611963
20251201_mini-v1.17.1_glm-4.6/django__django-13028,0,reason_sent,norm,200,0.009648399592425565,1.0
20251201_mini-v1.17.1_glm-4.6/django__django-15037,0,reason_sent,cos_step,200,0.25179199385711515,
20251201_mini-v1.17.1_glm-4.6/django__django-15037,0,reason_sent,cos_task,200,0.0013064036804224725,0.13420976090929806
20251201_mini-v1.17.1_glm-4.6/django__django-15037,0,reason_sent,pca1,200,0.6146810292220638,-0.0773130332720441
20251201_mini-v1.17.1_glm-4.6/django__django-15037,0,reason_sent,norm,200,0.47616310267926343,0.9999984772045128
20251201_mini-v1.17.1_glm-4.6/django__django-15973,1,reason_sent,cos_step,200,1.2426236384335167e-06,
20251201_mini-v1.17.1_glm-4.6/django__django-15973,1,reason_sent,cos_task,200,0.7398182596942933,0.27461271068120463
20251201_mini-v1.17.1_glm-4.6/django__django-15973,1,reason_sent,pca1,200,8.55804372624148e-05,-0.12895774032366344
20251201_mini-v1.17.1_glm-4.6/django__django-15973,1,reason_sent,norm,200,2.1226571868419996e-05,0.9999999999999999
20251201_mini-v1.17.1_glm-4.6/django__django-16454,0,reason_sent,cos_step,200,0.03582008247960362,
20251201_mini-v1.17.1_glm-4.6/django__django-16454,0,reason_sent,cos_task,200,0.028877651150300433,0.3063023142063805
20251201_mini-v1.17.1_glm-4.6/django__django-16454,0,reason_sent,pca1,200,0.41751071724681266,-0.16383229676632813
20251201_mini-v1.17.1_glm-4.6/django__django-16454,0,reason_sent,norm,200,0.06750218896132205,0.9999984772219047
20251201_mini-v1.17.1_glm-4.6/django__django-16560,1,reason_sent,cos_step,200,0.05104394931003757,
20251201_mini-v1.17.1_glm-4.6/django__django-16560,1,reason_sent,cos_task,200,0.013356776773760248,0.3255889567711267
20251201_mini-v1.17.1_glm-4.6/django__django-16560,1,reason_sent,pca1,200,0.49031828132795463,-0.04336642817382331
20251201_mini-v1.17.1_glm-4.6/django__django-16560,1,reason_sent,norm,200,0.04962944310859951,0.9999939086278957
20251201_mini-v1.17.1_glm-4.6/matplotlib__matplotlib-13989,0,reason_sent,cos_step,200,0.010472822482493068,
20251201_mini-v1.17.1_glm-4.6/matplotlib__matplotlib-13989,0,reason_sent,cos_task,200,0.03348998740200509,0.07679287949685014
20251201_mini-v1.17.1_glm-4.6/matplotlib__matplotlib-13989,0,reason_sent,pca1,200,0.33052678749790293,-0.2877675328797034
20251201_mini-v1.17.1_glm-4.6/matplotlib__matplotlib-13989,0,reason_sent,norm,200,0.04166213363963202,0.9999954317004961
20251201_mini-v1.17.1_glm-4.6/matplotlib__matplotlib-20488,1,reason_sent,cos_step,200,0.00014063990506498335,
20251201_mini-v1.17.1_glm-4.6/matplotlib__matplotlib-20488,1,reason_sent,cos_task,200,0.4395185176655755,0.12055100328886792
20251201_mini-v1.17.1_glm-4.6/matplotlib__matplotlib-20488,1,reason_sent,pca1,200,0.27745165283074325,-0.16187396546594576
20251201_mini-v1.17.1_glm-4.6/matplotlib__matplotlib-20488,1,reason_sent,norm,200,0.00012510035825583608,1.0
20251201_mini-v1.17.1_glm-4.6/psf__requests-1766,1,reason_sent,cos_step,200,5.655449067076819e-06,
20251201_mini-v1.17.1_glm-4.6/psf__requests-1766,1,reason_sent,cos_task,200,0.36512832305580567,0.4115709307183801
20251201_mini-v1.17.1_glm-4.6/psf__requests-1766,1,reason_sent,pca1,200,0.017593068500249963,-0.251552961761881
20251201_mini-v1.17.1_glm-4.6/psf__requests-1766,1,reason_sent,norm,200,5.0013508312746526e-05,1.0
20251201_mini-v1.17.1_glm-4.6/pytest-dev__pytest-7490,1,reason_sent,cos_step,200,0.0053307251133065964,
20251201_mini-v1.17.1_glm-4.6/pytest-dev__pytest-7490,1,reason_sent,cos_task,200,0.6217189183614236,0.41423775739528373
20251201_mini-v1.17.1_glm-4.6/pytest-dev__pytest-7490,1,reason_sent,pca1,200,0.10351615094521323,-0.23939131145215148
20251201_mini-v1.17.1_glm-4.6/pytest-dev__pytest-7490,1,reason_sent,norm,200,0.005952235959237814,1.0
20251201_mini-v1.17.1_glm-4.6/scikit-learn__scikit-learn-12682,1,reason_sent,cos_step,200,5.285411940958667e-06,
20251201_mini-v1.17.1_glm-4.6/scikit-learn__scikit-learn-12682,1,reason_sent,cos_task,200,0.9277210297722583,0.24665760361716232
20251201_mini-v1.17.1_glm-4.6/scikit-learn__scikit-learn-12682,1,reason_sent,pca1,200,0.5818643954355973,-0.24575612070060307
20251201_mini-v1.17.1_glm-4.6/scikit-learn__scikit-learn-12682,1,reason_sent,norm,200,1.0865426645318082e-05,1.0
20251201_mini-v1.17.1_glm-4.6/sphinx-doc__sphinx-8035,0,reason_sent,cos_step,200,0.004910082463830619,
20251201_mini-v1.17.1_glm-4.6/sphinx-doc__sphinx-8035,0,reason_sent,cos_task,200,0.5412851853081411,0.3038205316747046
20251201_mini-v1.17.1_glm-4.6/sphinx-doc__sphinx-8035,0,reason_sent,pca1,200,3.332574349955065e-05,-0.10251406569652761
20251201_mini-v1.17.1_glm-4.6/sphinx-doc__sphinx-8035,0,reason_sent,norm,200,0.021448921890149037,1.0
20251201_mini-v1.17.1_glm-4.6/sphinx-doc__sphinx-8551,1,reason_sent,cos_step,200,0.0014482335051499357,
20251201_mini-v1.17.1_glm-4.6/sphinx-doc__sphinx-8551,1,reason_sent,cos_task,200,0.37738936277608637,0.16962376132090082
20251201_mini-v1.17.1_glm-4.6/sphinx-doc__sphinx-8551,1,reason_sent,pca1,200,0.5266152387876872,0.053871835967108525
20251201_mini-v1.17.1_glm-4.6/sphinx-doc__sphinx-8551,1,reason_sent,norm,200,0.011471442334221538,0.9999999999999999
20251201_mini-v1.17.1_glm-4.6/sympy__sympy-12096,0,reason_sent,cos_step,200,0.0002759661825618009,
20251201_mini-v1.17.1_glm-4.6/sympy__sympy-12096,0,reason_sent,cos_task,200,0.0004840866353677085,0.35356272553654267
20251201_mini-v1.17.1_glm-4.6/sympy__sympy-12096,0,reason_sent,pca1,200,0.01813798893497816,-0.19410797953740758
20251201_mini-v1.17.1_glm-4.6/sympy__sympy-12096,0,reason_sent,norm,200,0.0001372065311261927,1.0
20251201_mini-v1.17.1_glm-4.6/sympy__sympy-15349,0,reason_sent,cos_step,200,3.588657665793576e-05,
20251201_mini-v1.17.1_glm-4.6/sympy__sympy-15349,0,reason_sent,cos_task,200,0.0012803124839699347,0.29971945789265353
20251201_mini-v1.17.1_glm-4.6/sympy__sympy-15349,0,reason_sent,pca1,200,0.3514785250335527,-0.14538391126642594
20251201_mini-v1.17.1_glm-4.6/sympy__sympy-15349,0,reason_sent,norm,200,3.830888030900316e-08,0.9999558361735243
20251201_mini-v1.17.1_glm-4.6/sympy__sympy-16450,0,reason_sent,cos_step,200,0.0027637142601385045,
20251201_mini-v1.17.1_glm-4.6/sympy__sympy-16450,0,reason_sent,cos_task,200,0.03796509607007779,0.31316401102188446
20251201_mini-v1.17.1_glm-4.6/sympy__sympy-16450,0,reason_sent,pca1,200,0.39397100088148884,-0.27773004235918625
20251201_mini-v1.17.1_glm-4.6/sympy__sympy-16450,0,reason_sent,norm,200,0.004780040845677927,0.9999999999999999
20251201_mini-v1.17.1_glm-4.6/sympy__sympy-21612,1,reason_sent,cos_step,200,4.673939039706466e-06,
20251201_mini-v1.17.1_glm-4.6/sympy__sympy-21612,1,reason_sent,cos_task,200,0.0007235831875249567,0.29112498121234687
20251201_mini-v1.17.1_glm-4.6/sympy__sympy-21612,1,reason_sent,pca1,200,0.9122618914520801,-0.29115543704092717
20251201_mini-v1.17.1_glm-4.6/sympy__sympy-21612,1,reason_sent,norm,200,3.1228340099419074e-06,0.9999832494281963
20251209_mini-v1.17.2_devstral-2512/django__django-11066,0,reason_sent,cos_step,200,0.5581564855590373,
20251209_mini-v1.17.2_devstral-2512/django__django-11066,0,reason_sent,cos_task,200,0.39364463528361315,0.03457714511343222
20251209_mini-v1.17.2_devstral-2512/django__django-11066,0,reason_sent,pca1,200,2.621540791625892e-09,-0.15331487717582684
20251209_mini-v1.17.2_devstral-2512/django__django-11066,0,reason_sent,norm,200,0.7427603167751067,1.0
20251209_mini-v1.17.2_devstral-2512/django__django-11433,1,reason_sent,cos_step,200,0.17462468162758293,
20251209_mini-v1.17.2_devstral-2512/django__django-11433,1,reason_sent,cos_task,200,0.000126153302534201,-0.001799975787629153
20251209_mini-v1.17.2_devstral-2512/django__django-11433,1,reason_sent,pca1,200,0.7584651151739101,0.036345196381848556
20251209_mini-v1.17.2_devstral-2512/django__django-11433,1,reason_sent,norm,200,0.3163905555489076,0.9999999999999999
20251209_mini-v1.17.2_devstral-2512/django__django-12155,0,reason_sent,cos_step,200,0.0001079771065741943,
20251209_mini-v1.17.2_devstral-2512/django__django-12155,0,reason_sent,cos_task,200,0.002269504142069049,0.1964893393061431
20251209_mini-v1.17.2_devstral-2512/django__django-12155,0,reason_sent,pca1,200,0.00533591088635122,-0.38321698767209555
20251209_mini-v1.17.2_devstral-2512/django__django-12155,0,reason_sent,norm,200,0.00022315318050373004,1.0
20251209_mini-v1.17.2_devstral-2512/django__django-13344,1,reason_sent,cos_step,200,0.052188158519201736,
20251209_mini-v1.17.2_devstral-2512/django__django-13344,1,reason_sent,cos_task,200,0.27162586974873004,0.20394762935221752
20251209_mini-v1.17.2_devstral-2512/django__django-13344,1,reason_sent,pca1,200,0.5563149850075144,-0.18810746557185876
20251209_mini-v1.17.2_devstral-2512/django__django-13344,1,reason_sent,norm,200,0.06682498708208677,0.9999908629140146
20251209_mini-v1.17.2_devstral-2512/django__django-13346,0,reason_sent,cos_step,200,0.0014272042530334224,
20251209_mini-v1.17.2_devstral-2512/django__django-13346,0,reason_sent,cos_task,200,0.9293398199691891,0.3109320156259445
20251209_mini-v1.17.2_devstral-2512/django__django-13346,0,reason_sent,pca1,200,0.001066415884633254,-0.23701185482016443
20251209_mini-v1.17.2_devstral-2512/django__django-13346,0,reason_sent,norm,200,0.011336200547490908,1.0
20251209_mini-v1.17.2_devstral-2512/django__django-13821,0,reason_sent,cos_step,200,0.6601959570035038,
20251209_mini-v1.17.2_devstral-2512/django__django-13821,0,reason_sent,cos_task,200,0.40806490372350324,0.36822115960112795
20251209_mini-v1.17.2_devstral-2512/django__django-13821,0,reason_sent,pca1,200,0.0591330828419451,-0.33260871399930586
20251209_mini-v1.17.2_devstral-2512/django__django-13821,0,reason_sent,norm,200,0.6074164457237043,1.0
20251209_mini-v1.17.2_devstral-2512/django__django-14539,0,reason_sent,cos_step,200,0.19574490992521248,
20251209_mini-v1.17.2_devstral-2512/django__django-14539,0,reason_sent,cos_task,200,9.501639203498877e-09,0.22608938649637
20251209_mini-v1.17.2_devstral-2512/django__django-14539,0,reason_sent,pca1,200,0.4928591995394207,-0.3551543126221853
20251209_mini-v1.17.2_devstral-2512/django__django-14539,0,reason_sent,norm,200,0.9757937282781355,0.9999893398147257
20251209_mini-v1.17.2_devstral-2512/django__django-15128,1,reason_sent,cos_step,200,9.810151428453578e-05,
20251209_mini-v1.17.2_devstral-2512/django__django-15128,1,reason_sent,cos_task,200,3.984016453313995e-06,0.15631418556038998
20251209_mini-v1.17.2_devstral-2512/django__django-15128,1,reason_sent,pca1,200,0.20808042341368002,-0.10260044586618708
20251209_mini-v1.17.2_devstral-2512/django__django-15128,1,reason_sent,norm,200,9.731335420115032e-05,1.0
20251209_mini-v1.17.2_devstral-2512/django__django-15280,0,reason_sent,cos_step,200,0.006515143490019103,
20251209_mini-v1.17.2_devstral-2512/django__django-15280,0,reason_sent,cos_task,200,0.31638445072966526,0.28084196564440045
20251209_mini-v1.17.2_devstral-2512/django__django-15280,0,reason_sent,pca1,200,0.2187909312692794,-0.21677930856061706
20251209_mini-v1.17.2_devstral-2512/django__django-15280,0,reason_sent,norm,200,0.015076410810439953,0.9999999999999999
20251209_mini-v1.17.2_devstral-2512/django__django-15731,0,reason_sent,cos_step,200,0.36142286704132787,
20251209_mini-v1.17.2_devstral-2512/django__django-15731,0,reason_sent,cos_task,200,0.5803716261692922,0.38916551834959645
20251209_mini-v1.17.2_devstral-2512/django__django-15731,0,reason_sent,pca1,200,0.5636315116242159,-0.48482613739584074
20251209_mini-v1.17.2_devstral-2512/django__django-15731,0,reason_sent,norm,200,0.29242236216069295,0.999995431669192
20251209_mini-v1.17.2_devstral-2512/pytest-dev__pytest-7236,0,reason_sent,cos_step,200,1.5588597722048179e-06,
20251209_mini-v1.17.2_devstral-2512/pytest-dev__pytest-7236,0,reason_sent,cos_task,200,0.07315321534544167,0.3790799410450813
20251209_mini-v1.17.2_devstral-2512/pytest-dev__pytest-7236,0,reason_sent,pca1,200,0.001085495121458156,-0.3289826658537789
20251209_mini-v1.17.2_devstral-2512/pytest-dev__pytest-7236,0,reason_sent,norm,200,3.2637816901772406e-06,0.9999467006158362
20251209_mini-v1.17.2_devstral-2512/scikit-learn__scikit-learn-12682,1,reason_sent,cos_step,200,3.8377739572544813e-07,
20251209_mini-v1.17.2_devstral-2512/scikit-learn__scikit-learn-12682,1,reason_sent,cos_task,200,0.7178859976931207,0.2202733462238901
20251209_mini-v1.17.2_devstral-2512/scikit-learn__scikit-learn-12682,1,reason_sent,pca1,200,0.891807562044109,-0.37617604617485917
20251209_mini-v1.17.2_devstral-2512/scikit-learn__scikit-learn-12682,1,reason_sent,norm,200,9.67728236140021e-09,0.9999984772277016
20251209_mini-v1.17.2_devstral-2512/scikit-learn__scikit-learn-14087,0,reason_sent,cos_step,200,0.010283155846921386,
20251209_mini-v1.17.2_devstral-2512/scikit-learn__scikit-learn-14087,0,reason_sent,cos_task,200,0.7828067563931753,0.4471706862610222
20251209_mini-v1.17.2_devstral-2512/scikit-learn__scikit-learn-14087,0,reason_sent,pca1,200,0.7431328440123292,-0.046004450053608315
20251209_mini-v1.17.2_devstral-2512/scikit-learn__scikit-learn-14087,0,reason_sent,norm,200,0.025005833985605363,0.9999954316726701
20251209_mini-v1.17.2_devstral-2512/scikit-learn__scikit-learn-14983,0,reason_sent,cos_step,200,0.7432318590371721,
20251209_mini-v1.17.2_devstral-2512/scikit-learn__scikit-learn-14983,0,reason_sent,cos_task,200,0.0006427937929753896,0.20072195735530182
20251209_mini-v1.17.2_devstral-2512/scikit-learn__scikit-learn-14983,0,reason_sent,pca1,200,0.3782387512836478,-0.07197264450721148
20251209_mini-v1.17.2_devstral-2512/scikit-learn__scikit-learn-14983,0,reason_sent,norm,200,0.940875644243167,1.0
20251209_mini-v1.17.2_devstral-2512/scikit-learn__scikit-learn-26194,1,reason_sent,cos_step,200,0.00048236954924128496,
20251209_mini-v1.17.2_devstral-2512/scikit-learn__scikit-learn-26194,1,reason_sent,cos_task,200,0.0030558862432747903,0.464152157356211
20251209_mini-v1.17.2_devstral-2512/scikit-learn__scikit-learn-26194,1,reason_sent,pca1,200,0.06781466657110105,-0.20593698309994218
20251209_mini-v1.17.2_devstral-2512/scikit-learn__scikit-learn-26194,1,reason_sent,norm,200,0.0018207622591692653,0.9999999999999999
20251209_mini-v1.17.2_devstral-2512/sphinx-doc__sphinx-9281,0,reason_sent,cos_step,200,0.161174904916552,
20251209_mini-v1.17.2_devstral-2512/sphinx-doc__sphinx-9281,0,reason_sent,cos_task,200,4.842681410020413e-05,0.17555905148715745
20251209_mini-v1.17.2_devstral-2512/sphinx-doc__sphinx-9281,0,reason_sent,pca1,200,0.7879571720430885,-0.3085435424640749
20251209_mini-v1.17.2_devstral-2512/sphinx-doc__sphinx-9281,0,reason_sent,norm,200,0.2621087091316368,0.9999832486177166
20251209_mini-v1.17.2_devstral-2512/sphinx-doc__sphinx-9711,0,reason_sent,cos_step,200,0.8304700022146254,
20251209_mini-v1.17.2_devstral-2512/sphinx-doc__sphinx-9711,0,reason_sent,cos_task,200,0.0031908512890418067,0.15811628229603347
20251209_mini-v1.17.2_devstral-2512/sphinx-doc__sphinx-9711,0,reason_sent,pca1,200,0.00011665222928328193,-0.2470637815635494
20251209_mini-v1.17.2_devstral-2512/sphinx-doc__sphinx-9711,0,reason_sent,norm,200,0.8337345492495671,1.0
20251209_mini-v1.17.2_devstral-2512/sympy__sympy-17318,1,reason_sent,cos_step,200,0.061114020972852415,
20251209_mini-v1.17.2_devstral-2512/sympy__sympy-17318,1,reason_sent,cos_task,200,0.002114767805302428,0.4330811048637762
20251209_mini-v1.17.2_devstral-2512/sympy__sympy-17318,1,reason_sent,pca1,200,0.18688146431963656,-0.3802427125212994
20251209_mini-v1.17.2_devstral-2512/sympy__sympy-17318,1,reason_sent,norm,200,0.1701089056691615,1.0
20251209_mini-v1.17.2_devstral-2512/sympy__sympy-17630,1,reason_sent,cos_step,200,2.3973896054147934e-08,
20251209_mini-v1.17.2_devstral-2512/sympy__sympy-17630,1,reason_sent,cos_task,200,0.5194130622090953,0.4186761405482856
20251209_mini-v1.17.2_devstral-2512/sympy__sympy-17630,1,reason_sent,pca1,200,0.8525494623998762,-0.08599460920891502
20251209_mini-v1.17.2_devstral-2512/sympy__sympy-17630,1,reason_sent,norm,200,8.566797623513369e-07,0.9999908633244706
20251209_mini-v1.17.2_devstral-2512/sympy__sympy-24213,0,reason_sent,cos_step,200,0.04093489648450055,
20251209_mini-v1.17.2_devstral-2512/sympy__sympy-24213,0,reason_sent,cos_task,200,5.362988035644465e-09,0.4982836901854588
20251209_mini-v1.17.2_devstral-2512/sympy__sympy-24213,0,reason_sent,pca1,200,0.0045608997577384494,-0.1942819596045601
20251209_mini-v1.17.2_devstral-2512/sympy__sympy-24213,0,reason_sent,norm,200,0.07399204046849849,1.0
20251209_mini-v1.17.2_devstral-small-2512/astropy__astropy-14309,0,reason_sent,cos_step,200,2.50750097768002e-13,
20251209_mini-v1.17.2_devstral-small-2512/astropy__astropy-14309,0,reason_sent,cos_task,200,0.000246581836908003,0.2185897633884057
20251209_mini-v1.17.2_devstral-small-2512/astropy__astropy-14309,0,reason_sent,pca1,200,0.599565497885503,-0.42492250578421387
20251209_mini-v1.17.2_devstral-small-2512/astropy__astropy-14309,0,reason_sent,norm,200,1.1347026652545352e-10,0.9999999999999999
20251209_mini-v1.17.2_devstral-small-2512/django__django-10880,1,reason_sent,cos_step,200,3.5362584583370002e-15,
20251209_mini-v1.17.2_devstral-small-2512/django__django-10880,1,reason_sent,cos_task,200,8.857406819837185e-07,-0.13541762227131177
20251209_mini-v1.17.2_devstral-small-2512/django__django-10880,1,reason_sent,pca1,200,0.009481165751477042,-0.36327771996829805
20251209_mini-v1.17.2_devstral-small-2512/django__django-10880,1,reason_sent,norm,200,2.934199313226978e-11,0.9999984766280466
20251209_mini-v1.17.2_devstral-small-2512/django__django-11490,0,reason_sent,cos_step,200,0.0013093339659823997,
20251209_mini-v1.17.2_devstral-small-2512/django__django-11490,0,reason_sent,cos_task,200,0.0006868272025490713,0.421363277129762
20251209_mini-v1.17.2_devstral-small-2512/django__django-11490,0,reason_sent,pca1,200,0.218763171771108,-0.27663290680609554
20251209_mini-v1.17.2_devstral-small-2512/django__django-11490,0,reason_sent,norm,200,0.00262087691203592,0.9999984772323394
20251209_mini-v1.17.2_devstral-small-2512/django__django-11555,0,reason_sent,cos_step,200,4.892951713319195e-05,
20251209_mini-v1.17.2_devstral-small-2512/django__django-11555,0,reason_sent,cos_task,200,0.13874201003980402,0.38299173174310125
20251209_mini-v1.17.2_devstral-small-2512/django__django-11555,0,reason_sent,pca1,200,0.011294477715003201,-0.26094024157992163
20251209_mini-v1.17.2_devstral-small-2512/django__django-11555,0,reason_sent,norm,200,3.7193875887019585e-05,1.0
20251209_mini-v1.17.2_devstral-small-2512/django__django-12125,1,reason_sent,cos_step,200,0.05262133676645983,
20251209_mini-v1.17.2_devstral-small-2512/django__django-12125,1,reason_sent,cos_task,200,0.00994126909258063,0.3240948994610014
20251209_mini-v1.17.2_devstral-small-2512/django__django-12125,1,reason_sent,pca1,200,0.3278184447803226,-0.2731473515121934
20251209_mini-v1.17.2_devstral-small-2512/django__django-12125,1,reason_sent,norm,200,0.15504221788132996,0.9999969544577222
20251209_mini-v1.17.2_devstral-small-2512/django__django-12262,0,reason_sent,cos_step,200,2.3583819153327464e-11,
20251209_mini-v1.17.2_devstral-small-2512/django__django-12262,0,reason_sent,cos_task,200,3.977200382752609e-13,0.08572573822041402
20251209_mini-v1.17.2_devstral-small-2512/django__django-12262,0,reason_sent,pca1,200,0.7495810965397494,-0.1834417881592486
20251209_mini-v1.17.2_devstral-small-2512/django__django-12262,0,reason_sent,norm,200,6.183657548526884e-09,1.0
20251209_mini-v1.17.2_devstral-small-2512/django__django-14238,0,reason_sent,cos_step,200,3.019091301023186e-05,
20251209_mini-v1.17.2_devstral-small-2512/django__django-14238,0,reason_sent,cos_task,200,0.0001178154475380093,0.2093373519884347
20251209_mini-v1.17.2_devstral-small-2512/django__django-14238,0,reason_sent,pca1,200,0.5179548805856928,-0.16316075636933042
20251209_mini-v1.17.2_devstral-small-2512/django__django-14238,0,reason_sent,norm,200,1.5405961522964743e-05,0.9999984772068317
20251209_mini-v1.17.2_devstral-small-2512/django__django-14725,1,reason_sent,cos_step,200,2.3909402108118925e-07,
20251209_mini-v1.17.2_devstral-small-2512/django__django-14725,1,reason_sent,cos_task,200,0.0009365470884167809,0.2307617298171173
20251209_mini-v1.17.2_devstral-small-2512/django__django-14725,1,reason_sent,pca1,200,0.026506812962669827,-0.3713870989401767
20251209_mini-v1.17.2_devstral-small-2512/django__django-14725,1,reason_sent,norm,200,4.109660922560425e-07,1.0
20251209_mini-v1.17.2_devstral-small-2512/django__django-16032,1,reason_sent,cos_step,200,0.003189867119462483,
20251209_mini-v1.17.2_devstral-small-2512/django__django-16032,1,reason_sent,cos_task,200,0.0003834092738400522,0.26291963989590533
20251209_mini-v1.17.2_devstral-small-2512/django__django-16032,1,reason_sent,pca1,200,0.00014690752213321752,-0.19164900242930996
20251209_mini-v1.17.2_devstral-small-2512/django__django-16032,1,reason_sent,norm,200,0.002226182964555978,0.9999999999999999
20251209_mini-v1.17.2_devstral-small-2512/django__django-16429,0,reason_sent,cos_step,200,0.00979652554814051,
20251209_mini-v1.17.2_devstral-small-2512/django__django-16429,0,reason_sent,cos_task,200,0.6338349976432517,0.15939770737944678
20251209_mini-v1.17.2_devstral-small-2512/django__django-16429,0,reason_sent,pca1,200,0.011699376834798113,-0.09858673965562707
20251209_mini-v1.17.2_devstral-small-2512/django__django-16429,0,reason_sent,norm,200,0.019117255002712295,1.0
20251209_mini-v1.17.2_devstral-small-2512/django__django-16631,1,reason_sent,cos_step,200,0.355268061065659,
20251209_mini-v1.17.2_devstral-small-2512/django__django-16631,1,reason_sent,cos_task,200,0.0005164373535373297,0.30964366714859626
20251209_mini-v1.17.2_devstral-small-2512/django__django-16631,1,reason_sent,pca1,200,0.5567255048967334,-0.3789907524539626
20251209_mini-v1.17.2_devstral-small-2512/django__django-16631,1,reason_sent,norm,200,0.35437832165515903,0.9999862950180105
20251209_mini-v1.17.2_devstral-small-2512/matplotlib__matplotlib-24149,0,reason_sent,cos_step,200,3.339171034704659e-09,
20251209_mini-v1.17.2_devstral-small-2512/matplotlib__matplotlib-24149,0,reason_sent,cos_task,200,1.0450146968361231e-05,0.34665893584180973
20251209_mini-v1.17.2_devstral-small-2512/matplotlib__matplotlib-24149,0,reason_sent,pca1,200,0.366777084482248,-0.2676799481295526
20251209_mini-v1.17.2_devstral-small-2512/matplotlib__matplotlib-24149,0,reason_sent,norm,200,7.201657801951201e-09,0.9999984771975563
20251209_mini-v1.17.2_devstral-small-2512/matplotlib__matplotlib-24870,1,reason_sent,cos_step,200,8.638374950245187e-05,
20251209_mini-v1.17.2_devstral-small-2512/matplotlib__matplotlib-24870,1,reason_sent,cos_task,200,0.1712361995462207,0.2796186812491479
20251209_mini-v1.17.2_devstral-small-2512/matplotlib__matplotlib-24870,1,reason_sent,pca1,200,0.4088422286374569,-0.2847327932365593
20251209_mini-v1.17.2_devstral-small-2512/matplotlib__matplotlib-24870,1,reason_sent,norm,200,0.00034211116442283096,1.0
20251209_mini-v1.17.2_devstral-small-2512/matplotlib__matplotlib-25960,1,reason_sent,cos_step,200,0.0075206113829112235,
20251209_mini-v1.17.2_devstral-small-2512/matplotlib__matplotlib-25960,1,reason_sent,cos_task,200,0.25262115864930246,0.0818179810892405
20251209_mini-v1.17.2_devstral-small-2512/matplotlib__matplotlib-25960,1,reason_sent,pca1,200,0.3908406892167494,-0.08482622463592893
20251209_mini-v1.17.2_devstral-small-2512/matplotlib__matplotlib-25960,1,reason_sent,norm,200,0.015380654247022191,0.9999984772300204
20251209_mini-v1.17.2_devstral-small-2512/pydata__xarray-3305,0,reason_sent,cos_step,200,0.0002766801284070908,
20251209_mini-v1.17.2_devstral-small-2512/pydata__xarray-3305,0,reason_sent,cos_task,200,0.3610241162788844,0.18240515072450786
20251209_mini-v1.17.2_devstral-small-2512/pydata__xarray-3305,0,reason_sent,pca1,200,6.562865890252674e-05,-0.2803438170531749
20251209_mini-v1.17.2_devstral-small-2512/pydata__xarray-3305,0,reason_sent,norm,200,0.0048329673871414635,0.9999984772242234
20251209_mini-v1.17.2_devstral-small-2512/pydata__xarray-6599,1,reason_sent,cos_step,200,2.6549757673156973e-08,
20251209_mini-v1.17.2_devstral-small-2512/pydata__xarray-6599,1,reason_sent,cos_task,200,2.3424413145962987e-14,0.3023445657334108
20251209_mini-v1.17.2_devstral-small-2512/pydata__xarray-6599,1,reason_sent,pca1,200,0.924116449219336,-0.050247219229044626
20251209_mini-v1.17.2_devstral-small-2512/pydata__xarray-6599,1,reason_sent,norm,200,1.4585633370310882e-13,0.9999954311508703
20251209_mini-v1.17.2_devstral-small-2512/pydata__xarray-7229,1,reason_sent,cos_step,200,3.142255108429648e-05,
20251209_mini-v1.17.2_devstral-small-2512/pydata__xarray-7229,1,reason_sent,cos_task,200,0.15098494632698195,0.14829616900541537
20251209_mini-v1.17.2_devstral-small-2512/pydata__xarray-7229,1,reason_sent,pca1,200,0.04471950139356588,-0.14839971874374508
20251209_mini-v1.17.2_devstral-small-2512/pydata__xarray-7229,1,reason_sent,norm,200,2.0600171493424177e-05,1.0
20251209_mini-v1.17.2_devstral-small-2512/pytest-dev__pytest-7324,1,reason_sent,cos_step,200,0.0029345429059004827,
20251209_mini-v1.17.2_devstral-small-2512/pytest-dev__pytest-7324,1,reason_sent,cos_task,200,0.44146769371299555,0.2091689933602384
20251209_mini-v1.17.2_devstral-small-2512/pytest-dev__pytest-7324,1,reason_sent,pca1,200,0.003196084181320634,-0.21233334069844637
20251209_mini-v1.17.2_devstral-small-2512/pytest-dev__pytest-7324,1,reason_sent,norm,200,0.0033041361189568496,0.9999984772253827
20251209_mini-v1.17.2_devstral-small-2512/sympy__sympy-17318,1,reason_sent,cos_step,200,4.662803626553846e-09,
20251209_mini-v1.17.2_devstral-small-2512/sympy__sympy-17318,1,reason_sent,cos_task,200,0.0010757173577503056,0.17729008585162054
20251209_mini-v1.17.2_devstral-small-2512/sympy__sympy-17318,1,reason_sent,pca1,200,0.022168048074295416,-0.4367412603572952
20251209_mini-v1.17.2_devstral-small-2512/sympy__sympy-17318,1,reason_sent,norm,200,7.13596376951004e-08,1.0
20251209_mini-v1.17.2_devstral-small-2512/sympy__sympy-21596,1,reason_sent,cos_step,200,0.0008698672350091448,
20251209_mini-v1.17.2_devstral-small-2512/sympy__sympy-21596,1,reason_sent,cos_task,200,8.642174785425777e-11,0.2527050496617654
20251209_mini-v1.17.2_devstral-small-2512/sympy__sympy-21596,1,reason_sent,pca1,200,0.14067110848333222,-0.29986134979630047
20251209_mini-v1.17.2_devstral-small-2512/sympy__sympy-21596,1,reason_sent,norm,200,0.001953774291355957,1.0
20260217_mini-v2.0.0_gemini-3-flash-high/astropy__astropy-14369,1,reason_sent,cos_step,200,1.335898701921695e-05,
20260217_mini-v2.0.0_gemini-3-flash-high/astropy__astropy-14369,1,reason_sent,cos_task,200,0.004689297317759676,0.2805233626076005
20260217_mini-v2.0.0_gemini-3-flash-high/astropy__astropy-14369,1,reason_sent,pca1,200,0.627068230301089,-0.25324589050577606
20260217_mini-v2.0.0_gemini-3-flash-high/astropy__astropy-14369,1,reason_sent,norm,200,0.00015279618129415188,1.0
20260217_mini-v2.0.0_gemini-3-flash-high/django__django-11141,0,reason_sent,cos_step,200,6.498216539128129e-06,
20260217_mini-v2.0.0_gemini-3-flash-high/django__django-11141,0,reason_sent,cos_task,200,0.5757074081839757,0.3286345799220803
20260217_mini-v2.0.0_gemini-3-flash-high/django__django-11141,0,reason_sent,pca1,200,0.44972370465736045,-0.3711350253316703
20260217_mini-v2.0.0_gemini-3-flash-high/django__django-11141,0,reason_sent,norm,200,6.213708501235472e-06,1.0
20260217_mini-v2.0.0_gemini-3-flash-high/django__django-11149,0,reason_sent,cos_step,200,1.681190119796296e-06,
20260217_mini-v2.0.0_gemini-3-flash-high/django__django-11149,0,reason_sent,cos_task,200,9.485020416424441e-07,0.4622165067392844
20260217_mini-v2.0.0_gemini-3-flash-high/django__django-11149,0,reason_sent,pca1,200,0.0005608881821871275,-0.4100873235788108
20260217_mini-v2.0.0_gemini-3-flash-high/django__django-11149,0,reason_sent,norm,200,5.766960825050335e-06,1.0
20260217_mini-v2.0.0_gemini-3-flash-high/django__django-11163,0,reason_sent,cos_step,200,0.0008718204663638908,
20260217_mini-v2.0.0_gemini-3-flash-high/django__django-11163,0,reason_sent,cos_task,200,0.001443840964910749,0.2877058497933113
20260217_mini-v2.0.0_gemini-3-flash-high/django__django-11163,0,reason_sent,pca1,200,0.3230897333508386,-0.18055622176738537
20260217_mini-v2.0.0_gemini-3-flash-high/django__django-11163,0,reason_sent,norm,200,0.004920963867397714,0.9999984772346582
20260217_mini-v2.0.0_gemini-3-flash-high/django__django-11400,0,reason_sent,cos_step,200,8.613388814467338e-05,
20260217_mini-v2.0.0_gemini-3-flash-high/django__django-11400,0,reason_sent,cos_task,200,6.181918947393503e-15,0.452892205838801
20260217_mini-v2.0.0_gemini-3-flash-high/django__django-11400,0,reason_sent,pca1,200,2.1103447376199045e-05,-0.3238705580724498
20260217_mini-v2.0.0_gemini-3-flash-high/django__django-11400,0,reason_sent,norm,200,0.00013697643364768048,1.0
20260217_mini-v2.0.0_gemini-3-flash-high/django__django-11880,0,reason_sent,cos_step,200,0.00020923276536853174,
20260217_mini-v2.0.0_gemini-3-flash-high/django__django-11880,0,reason_sent,cos_task,200,2.10226463414983e-05,0.3843437450564413
20260217_mini-v2.0.0_gemini-3-flash-high/django__django-11880,0,reason_sent,pca1,200,0.009759089326464094,-0.2932665952019432
20260217_mini-v2.0.0_gemini-3-flash-high/django__django-11880,0,reason_sent,norm,200,0.0005215797388672332,0.9999999999999999
20260217_mini-v2.0.0_gemini-3-flash-high/django__django-11999,0,reason_sent,cos_step,200,0.0006835027418399722,
20260217_mini-v2.0.0_gemini-3-flash-high/django__django-11999,0,reason_sent,cos_task,200,0.0002856023338634878,0.41844247567042797
20260217_mini-v2.0.0_gemini-3-flash-high/django__django-11999,0,reason_sent,pca1,200,0.01565566043609825,-0.3434336435768657
20260217_mini-v2.0.0_gemini-3-flash-high/django__django-11999,0,reason_sent,norm,200,0.005589381351063754,1.0
20260217_mini-v2.0.0_gemini-3-flash-high/django__django-13012,0,reason_sent,cos_step,200,1.2701598473637783e-07,
20260217_mini-v2.0.0_gemini-3-flash-high/django__django-13012,0,reason_sent,cos_task,200,0.014696083584140943,0.34885577465198764
20260217_mini-v2.0.0_gemini-3-flash-high/django__django-13012,0,reason_sent,pca1,200,0.04481855883154043,-0.3230509833451518
20260217_mini-v2.0.0_gemini-3-flash-high/django__django-13012,0,reason_sent,norm,200,2.535580255191758e-07,1.0
20260217_mini-v2.0.0_gemini-3-flash-high/django__django-13028,0,reason_sent,cos_step,200,2.8645841609372448e-05,
20260217_mini-v2.0.0_gemini-3-flash-high/django__django-13028,0,reason_sent,cos_task,200,5.81469161600374e-05,0.4083126996802291
20260217_mini-v2.0.0_gemini-3-flash-high/django__django-13028,0,reason_sent,pca1,200,0.00023219293954536907,-0.41559919841490306
20260217_mini-v2.0.0_gemini-3-flash-high/django__django-13028,0,reason_sent,norm,200,8.997660219793141e-05,0.9999908633731666
20260217_mini-v2.0.0_gemini-3-flash-high/django__django-13449,0,reason_sent,cos_step,200,0.0011038523476774953,
20260217_mini-v2.0.0_gemini-3-flash-high/django__django-13449,0,reason_sent,cos_task,200,0.10197530706944552,0.3705260609288006
20260217_mini-v2.0.0_gemini-3-flash-high/django__django-13449,0,reason_sent,pca1,200,4.252071029211732e-05,-0.3951114068751945
20260217_mini-v2.0.0_gemini-3-flash-high/django__django-13449,0,reason_sent,norm,200,0.0014800312077134956,0.9999999999999999
20260217_mini-v2.0.0_gemini-3-flash-high/django__django-14170,1,reason_sent,cos_step,200,0.07664421736917548,
20260217_mini-v2.0.0_gemini-3-flash-high/django__django-14170,1,reason_sent,cos_task,200,0.5789043575838575,0.35416646838963206
20260217_mini-v2.0.0_gemini-3-flash-high/django__django-14170,1,reason_sent,pca1,200,0.7261056637953379,-0.27717829307466363
20260217_mini-v2.0.0_gemini-3-flash-high/django__django-14170,1,reason_sent,norm,200,0.18656941113756814,1.0
20260217_mini-v2.0.0_gemini-3-flash-high/django__django-15503,0,reason_sent,cos_step,200,0.0023023382034824853,
20260217_mini-v2.0.0_gemini-3-flash-high/django__django-15503,0,reason_sent,cos_task,200,0.0023259666484028215,0.4063437219506022
20260217_mini-v2.0.0_gemini-3-flash-high/django__django-15503,0,reason_sent,pca1,200,0.043630145958996155,-0.4525203042838714
20260217_mini-v2.0.0_gemini-3-flash-high/django__django-15503,0,reason_sent,norm,200,0.0030359461350978074,0.9999984772323394
20260217_mini-v2.0.0_gemini-3-flash-high/pydata__xarray-3151,0,reason_sent,cos_step,200,1.0428170184299498e-06,
20260217_mini-v2.0.0_gemini-3-flash-high/pydata__xarray-3151,0,reason_sent,cos_task,200,0.22788427412757156,0.26470137000580135
20260217_mini-v2.0.0_gemini-3-flash-high/pydata__xarray-3151,0,reason_sent,pca1,200,0.727575111429728,-0.2936082555870663
20260217_mini-v2.0.0_gemini-3-flash-high/pydata__xarray-3151,0,reason_sent,norm,200,2.3319879055224457e-05,1.0
20260217_mini-v2.0.0_gemini-3-flash-high/pylint-dev__pylint-6903,0,reason_sent,cos_step,200,0.0019918439567020176,
20260217_mini-v2.0.0_gemini-3-flash-high/pylint-dev__pylint-6903,0,reason_sent,cos_task,200,0.06575853121477125,0.3482814608679385
20260217_mini-v2.0.0_gemini-3-flash-high/pylint-dev__pylint-6903,0,reason_sent,pca1,200,0.04916812044928435,-0.2856850268104246
20260217_mini-v2.0.0_gemini-3-flash-high/pylint-dev__pylint-6903,0,reason_sent,norm,200,0.012605645781178473,0.9999984772334986
20260217_mini-v2.0.0_gemini-3-flash-high/pylint-dev__pylint-8898,1,reason_sent,cos_step,200,0.0012080472149175688,
20260217_mini-v2.0.0_gemini-3-flash-high/pylint-dev__pylint-8898,1,reason_sent,cos_task,200,0.37026722477236684,0.2155855032739455
20260217_mini-v2.0.0_gemini-3-flash-high/pylint-dev__pylint-8898,1,reason_sent,pca1,200,0.22712700828263857,-0.3227638190954774
20260217_mini-v2.0.0_gemini-3-flash-high/pylint-dev__pylint-8898,1,reason_sent,norm,200,0.006806978154387037,1.0
20260217_mini-v2.0.0_gemini-3-flash-high/pytest-dev__pytest-7490,1,reason_sent,cos_step,200,0.10696492899570526,
20260217_mini-v2.0.0_gemini-3-flash-high/pytest-dev__pytest-7490,1,reason_sent,cos_task,200,0.013836366711731423,0.3348875738939664
20260217_mini-v2.0.0_gemini-3-flash-high/pytest-dev__pytest-7490,1,reason_sent,pca1,200,0.5320502978563052,-0.2763355454118051
20260217_mini-v2.0.0_gemini-3-flash-high/pytest-dev__pytest-7490,1,reason_sent,norm,200,0.27819844630436247,1.0
20260217_mini-v2.0.0_gemini-3-flash-high/scikit-learn__scikit-learn-11310,0,reason_sent,cos_step,200,0.6023050172294602,
20260217_mini-v2.0.0_gemini-3-flash-high/scikit-learn__scikit-learn-11310,0,reason_sent,cos_task,200,0.07310998878505919,0.3518518518527698
20260217_mini-v2.0.0_gemini-3-flash-high/scikit-learn__scikit-learn-11310,0,reason_sent,pca1,200,0.9227013912676479,-0.2767864484835771
20260217_mini-v2.0.0_gemini-3-flash-high/scikit-learn__scikit-learn-11310,0,reason_sent,norm,200,0.9669161485191866,0.9999999999999999
20260217_mini-v2.0.0_gemini-3-flash-high/sphinx-doc__sphinx-10466,0,reason_sent,cos_step,200,0.015851179194599246,
20260217_mini-v2.0.0_gemini-3-flash-high/sphinx-doc__sphinx-10466,0,reason_sent,cos_task,200,0.7414405138782424,0.25178869595466
20260217_mini-v2.0.0_gemini-3-flash-high/sphinx-doc__sphinx-10466,0,reason_sent,pca1,200,0.05080958883214859,-0.2484096462151809
20260217_mini-v2.0.0_gemini-3-flash-high/sphinx-doc__sphinx-10466,0,reason_sent,norm,200,0.010935248811616456,0.9999999999999999
20260217_mini-v2.0.0_gemini-3-flash-high/sphinx-doc__sphinx-7889,0,reason_sent,cos_step,200,6.141622380878052e-06,
20260217_mini-v2.0.0_gemini-3-flash-high/sphinx-doc__sphinx-7889,0,reason_sent,cos_task,200,0.273338958105922,0.20779242534556297
20260217_mini-v2.0.0_gemini-3-flash-high/sphinx-doc__sphinx-7889,0,reason_sent,pca1,200,0.5094713857297974,-0.40021684543967
20260217_mini-v2.0.0_gemini-3-flash-high/sphinx-doc__sphinx-7889,0,reason_sent,norm,200,2.196071888987631e-05,1.0
20260217_mini-v2.0.0_gemini-3-flash-high/sphinx-doc__sphinx-9698,0,reason_sent,cos_step,200,0.9231942905654766,
20260217_mini-v2.0.0_gemini-3-flash-high/sphinx-doc__sphinx-9698,0,reason_sent,cos_task,200,0.7715139586669868,0.20119859690979244
20260217_mini-v2.0.0_gemini-3-flash-high/sphinx-doc__sphinx-9698,0,reason_sent,pca1,200,0.0039208525441763505,-0.31613811506057676
20260217_mini-v2.0.0_gemini-3-flash-high/sphinx-doc__sphinx-9698,0,reason_sent,norm,200,0.868178734663388,0.9999954316587572
20260217_mini-v2.0.0_gemini-3-flash-high/sphinx-doc__sphinx-9711,0,reason_sent,cos_step,200,0.0017071640939801506,
20260217_mini-v2.0.0_gemini-3-flash-high/sphinx-doc__sphinx-9711,0,reason_sent,cos_task,200,0.44716931144022787,0.40928340076703573
20260217_mini-v2.0.0_gemini-3-flash-high/sphinx-doc__sphinx-9711,0,reason_sent,pca1,200,0.48653962727188804,-0.3729714831304509
20260217_mini-v2.0.0_gemini-3-flash-high/sphinx-doc__sphinx-9711,0,reason_sent,norm,200,0.003241337541740374,1.0
20260217_mini-v2.0.0_gemini-3-flash-high/sympy__sympy-14976,1,reason_sent,cos_step,200,0.00039953125488278286,
20260217_mini-v2.0.0_gemini-3-flash-high/sympy__sympy-14976,1,reason_sent,cos_task,200,0.006328674219055233,0.20034566904859255
20260217_mini-v2.0.0_gemini-3-flash-high/sympy__sympy-14976,1,reason_sent,pca1,200,0.2049247546404153,-0.3643222336008121
20260217_mini-v2.0.0_gemini-3-flash-high/sympy__sympy-14976,1,reason_sent,norm,200,0.001145191811275235,0.9999999999999999
20260217_mini-v2.0.0_gemini-3-flash-high/sympy__sympy-16886,0,reason_sent,cos_step,200,1.1999759790874525e-10,
20260217_mini-v2.0.0_gemini-3-flash-high/sympy__sympy-16886,0,reason_sent,cos_task,200,4.344618046846085e-05,0.295315013162963
20260217_mini-v2.0.0_gemini-3-flash-high/sympy__sympy-16886,0,reason_sent,pca1,200,0.7430719921049905,-0.2807284161882964
20260217_mini-v2.0.0_gemini-3-flash-high/sympy__sympy-16886,0,reason_sent,norm,200,3.0807607664409347e-12,1.0
20260217_mini-v2.0.0_gemini-3-flash-high/sympy__sympy-19637,0,reason_sent,cos_step,200,0.0050672611209321835,
20260217_mini-v2.0.0_gemini-3-flash-high/sympy__sympy-19637,0,reason_sent,cos_task,200,3.790688912534312e-07,0.40998112150951704
20260217_mini-v2.0.0_gemini-3-flash-high/sympy__sympy-19637,0,reason_sent,pca1,200,0.03378293403735333,-0.2497541684765555
20260217_mini-v2.0.0_gemini-3-flash-high/sympy__sympy-19637,0,reason_sent,norm,200,0.015975871113720525,1.0
20260217_mini-v2.0.0_gemini-3-flash-high/sympy__sympy-20916,1,reason_sent,cos_step,200,0.02083381960920143,
20260217_mini-v2.0.0_gemini-3-flash-high/sympy__sympy-20916,1,reason_sent,cos_task,200,0.03785818955541188,0.45308512258261
20260217_mini-v2.0.0_gemini-3-flash-high/sympy__sympy-20916,1,reason_sent,pca1,200,0.1607159778621481,-0.43519872087711287
20260217_mini-v2.0.0_gemini-3-flash-high/sympy__sympy-20916,1,reason_sent,norm,200,0.030046338334825746,1.0
20260217_mini-v2.0.0_gemini-3-flash-high/sympy__sympy-21379,0,reason_sent,cos_step,200,1.803841893748676e-11,
20260217_mini-v2.0.0_gemini-3-flash-high/sympy__sympy-21379,0,reason_sent,cos_task,200,0.0020929630144421647,0.32665316471580674
20260217_mini-v2.0.0_gemini-3-flash-high/sympy__sympy-21379,0,reason_sent,pca1,200,0.12052722361539767,-0.30710679996476964
20260217_mini-v2.0.0_gemini-3-flash-high/sympy__sympy-21379,0,reason_sent,norm,200,2.716626786015559e-11,1.0
20260217_mini-v2.0.0_gemini-3-flash-high/sympy__sympy-21930,1,reason_sent,cos_step,200,0.03480922791888523,
20260217_mini-v2.0.0_gemini-3-flash-high/sympy__sympy-21930,1,reason_sent,cos_task,200,9.960981985205844e-05,0.2793536585632195
20260217_mini-v2.0.0_gemini-3-flash-high/sympy__sympy-21930,1,reason_sent,pca1,200,0.020766676327608192,-0.19890246061493358
20260217_mini-v2.0.0_gemini-3-flash-high/sympy__sympy-21930,1,reason_sent,norm,200,0.11624189213040827,0.9999999999999999
20260217_mini-v2.0.0_gemini-3-flash-high/sympy__sympy-23534,0,reason_sent,cos_step,200,2.9597190718825615e-05,
20260217_mini-v2.0.0_gemini-3-flash-high/sympy__sympy-23534,0,reason_sent,cos_task,200,0.0011863274505960002,0.3561450568024228
20260217_mini-v2.0.0_gemini-3-flash-high/sympy__sympy-23534,0,reason_sent,pca1,200,0.002259436612133639,-0.33600174815548667
20260217_mini-v2.0.0_gemini-3-flash-high/sympy__sympy-23534,0,reason_sent,norm,200,4.337058557616231e-05,0.9999969544623599
20260226_mini-v2.0.0_gemini-3-pro-high/astropy__astropy-13579,0,reason_sent,cos_step,200,0.00313046838726442,
20260226_mini-v2.0.0_gemini-3-pro-high/astropy__astropy-13579,0,reason_sent,cos_task,200,0.3891829158598449,0.23530406042050572
20260226_mini-v2.0.0_gemini-3-pro-high/astropy__astropy-13579,0,reason_sent,pca1,200,0.052596091392636386,-0.15661202597698579
20260226_mini-v2.0.0_gemini-3-pro-high/astropy__astropy-13579,0,reason_sent,norm,200,0.0033640978756783835,1.0
20260226_mini-v2.0.0_gemini-3-pro-high/django__django-11815,1,reason_sent,cos_step,200,5.862879849048861e-05,
20260226_mini-v2.0.0_gemini-3-pro-high/django__django-11815,1,reason_sent,cos_task,200,0.011401617078340025,0.4003851116089576
20260226_mini-v2.0.0_gemini-3-pro-high/django__django-11815,1,reason_sent,pca1,200,0.11268971533885368,-0.33727340525885213
20260226_mini-v2.0.0_gemini-3-pro-high/django__django-11815,1,reason_sent,norm,200,0.00010541677985458015,1.0
20260226_mini-v2.0.0_gemini-3-pro-high/django__django-13212,1,reason_sent,cos_step,200,0.003572825921405962,
20260226_mini-v2.0.0_gemini-3-pro-high/django__django-13212,1,reason_sent,cos_task,200,0.43355159476105964,0.4198541341969652
20260226_mini-v2.0.0_gemini-3-pro-high/django__django-13212,1,reason_sent,pca1,200,0.7257514925965143,-0.3255781373368824
20260226_mini-v2.0.0_gemini-3-pro-high/django__django-13212,1,reason_sent,norm,200,0.010722205579248302,1.0
20260226_mini-v2.0.0_gemini-3-pro-high/django__django-15973,1,reason_sent,cos_step,200,0.0001544319928360202,
20260226_mini-v2.0.0_gemini-3-pro-high/django__django-15973,1,reason_sent,cos_task,200,9.23967498293434e-06,0.4615241707334009
20260226_mini-v2.0.0_gemini-3-pro-high/django__django-15973,1,reason_sent,pca1,200,9.514407395331119e-05,-0.3662156282059546
20260226_mini-v2.0.0_gemini-3-pro-high/django__django-15973,1,reason_sent,norm,200,0.0004645435868029429,0.9999999999999999
20260226_mini-v2.0.0_gemini-3-pro-high/matplotlib__matplotlib-23412,0,reason_sent,cos_step,200,2.044451856903047e-06,
20260226_mini-v2.0.0_gemini-3-pro-high/matplotlib__matplotlib-23412,0,reason_sent,cos_task,200,0.044334339150783,0.1959837810201836
20260226_mini-v2.0.0_gemini-3-pro-high/matplotlib__matplotlib-23412,0,reason_sent,pca1,200,0.12181610359536636,-0.2773543008049161
20260226_mini-v2.0.0_gemini-3-pro-high/matplotlib__matplotlib-23412,0,reason_sent,norm,200,5.766340882582155e-06,1.0
20260226_mini-v2.0.0_gemini-3-pro-high/matplotlib__matplotlib-23476,1,reason_sent,cos_step,200,0.0002842387521240522,
20260226_mini-v2.0.0_gemini-3-pro-high/matplotlib__matplotlib-23476,1,reason_sent,cos_task,200,0.01714963034836483,0.2316023018158644
20260226_mini-v2.0.0_gemini-3-pro-high/matplotlib__matplotlib-23476,1,reason_sent,pca1,200,0.2216999510480956,-0.15666385969846047
20260226_mini-v2.0.0_gemini-3-pro-high/matplotlib__matplotlib-23476,1,reason_sent,norm,200,0.005692037675279578,1.0
20260226_mini-v2.0.0_gemini-3-pro-high/pydata__xarray-4966,0,reason_sent,cos_step,200,0.002501963404074802,
20260226_mini-v2.0.0_gemini-3-pro-high/pydata__xarray-4966,0,reason_sent,cos_task,200,0.030672602441942993,0.5242863331867869
20260226_mini-v2.0.0_gemini-3-pro-high/pydata__xarray-4966,0,reason_sent,pca1,200,0.06087912204036126,-0.3900157835486984
20260226_mini-v2.0.0_gemini-3-pro-high/pydata__xarray-4966,0,reason_sent,norm,200,0.015381192535740192,1.0
20260226_mini-v2.0.0_gemini-3-pro-high/pytest-dev__pytest-6197,1,reason_sent,cos_step,200,0.002765987280350543,
20260226_mini-v2.0.0_gemini-3-pro-high/pytest-dev__pytest-6197,1,reason_sent,cos_task,200,0.10908212774383635,0.383038500135209
20260226_mini-v2.0.0_gemini-3-pro-high/pytest-dev__pytest-6197,1,reason_sent,pca1,200,0.35007719561422046,-0.30925736143992216
20260226_mini-v2.0.0_gemini-3-pro-high/pytest-dev__pytest-6197,1,reason_sent,norm,200,0.011377325874944074,1.0
20260226_mini-v2.0.0_gemini-3-pro-high/pytest-dev__pytest-7324,0,reason_sent,cos_step,200,0.0006843495860257359,
20260226_mini-v2.0.0_gemini-3-pro-high/pytest-dev__pytest-7324,0,reason_sent,cos_task,200,0.7683637510947421,0.2549105450138473
20260226_mini-v2.0.0_gemini-3-pro-high/pytest-dev__pytest-7324,0,reason_sent,pca1,200,0.020891186805315976,-0.3058181906780096
20260226_mini-v2.0.0_gemini-3-pro-high/pytest-dev__pytest-7324,0,reason_sent,norm,200,0.003979776040140343,0.9999999999999999
20260226_mini-v2.0.0_gemini-3-pro-high/scikit-learn__scikit-learn-11578,0,reason_sent,cos_step,200,2.822471524212735e-06,
20260226_mini-v2.0.0_gemini-3-pro-high/scikit-learn__scikit-learn-11578,0,reason_sent,cos_task,200,0.38390593715771015,0.27825186538754376
20260226_mini-v2.0.0_gemini-3-pro-high/scikit-learn__scikit-learn-11578,0,reason_sent,pca1,200,0.3642207396605688,-0.37208009745698184
20260226_mini-v2.0.0_gemini-3-pro-high/scikit-learn__scikit-learn-11578,0,reason_sent,norm,200,4.4445345125860425e-05,1.0
20260226_mini-v2.0.0_gemini-3-pro-high/sphinx-doc__sphinx-9258,0,reason_sent,cos_step,200,0.0019592620391061773,
20260226_mini-v2.0.0_gemini-3-pro-high/sphinx-doc__sphinx-9258,0,reason_sent,cos_task,200,0.00438018769525113,0.4037277295568753
20260226_mini-v2.0.0_gemini-3-pro-high/sphinx-doc__sphinx-9258,0,reason_sent,pca1,200,0.6337529206080524,-0.3705862646566164
20260226_mini-v2.0.0_gemini-3-pro-high/sphinx-doc__sphinx-9258,0,reason_sent,norm,200,0.00494599294340452,1.0
20260226_mini-v2.0.0_gemini-3-pro-high/sympy__sympy-15976,0,reason_sent,cos_step,200,0.00018269159576801548,
20260226_mini-v2.0.0_gemini-3-pro-high/sympy__sympy-15976,0,reason_sent,cos_task,200,0.6296560570322212,0.27635557677295713
20260226_mini-v2.0.0_gemini-3-pro-high/sympy__sympy-15976,0,reason_sent,pca1,200,0.6148122125458317,-0.26355824222444735
20260226_mini-v2.0.0_gemini-3-pro-high/sympy__sympy-15976,0,reason_sent,norm,200,0.0005061754989391792,1.0
20260226_mini-v2.0.0_gemini-3-pro-high/sympy__sympy-20438,1,reason_sent,cos_step,200,9.334214577198884e-06,
20260226_mini-v2.0.0_gemini-3-pro-high/sympy__sympy-20438,1,reason_sent,cos_task,200,0.0584187794257541,0.4719106684261064
20260226_mini-v2.0.0_gemini-3-pro-high/sympy__sympy-20438,1,reason_sent,pca1,200,0.6984531844763313,-0.4315664927414779
20260226_mini-v2.0.0_gemini-3-pro-high/sympy__sympy-20438,1,reason_sent,norm,200,4.557058514491121e-05,1.0
20260226_mini-v2.0.0_gemini-3-pro-high/sympy__sympy-24539,0,reason_sent,cos_step,200,7.447389251553608e-06,
20260226_mini-v2.0.0_gemini-3-pro-high/sympy__sympy-24539,0,reason_sent,cos_task,200,1.9214929229392845e-12,0.2715695855286787
20260226_mini-v2.0.0_gemini-3-pro-high/sympy__sympy-24539,0,reason_sent,pca1,200,0.007568404358614143,-0.2664743913581441
20260226_mini-v2.0.0_gemini-3-pro-high/sympy__sympy-24539,0,reason_sent,norm,200,1.0345871354765106e-05,1.0
20260217_mini-v2.0.0_deepseek-3-2-high/astropy__astropy-14369,1,reason_sent,cos_step,200,0.0005642746054413782,
20260217_mini-v2.0.0_deepseek-3-2-high/astropy__astropy-14369,1,reason_sent,cos_task,200,0.018418898141354022,0.3392023292237386
20260217_mini-v2.0.0_deepseek-3-2-high/astropy__astropy-14369,1,reason_sent,pca1,200,0.6151472735467183,-0.24643082566690994
20260217_mini-v2.0.0_deepseek-3-2-high/astropy__astropy-14369,1,reason_sent,norm,200,0.002726402535362518,1.0
20260217_mini-v2.0.0_deepseek-3-2-high/django__django-11179,0,reason_sent,cos_step,200,0.0024756481000402326,
20260217_mini-v2.0.0_deepseek-3-2-high/django__django-11179,0,reason_sent,cos_task,200,0.39049477918661046,0.1371776066611972
20260217_mini-v2.0.0_deepseek-3-2-high/django__django-11179,0,reason_sent,pca1,200,0.11858857229060467,-0.12994446853376476
20260217_mini-v2.0.0_deepseek-3-2-high/django__django-11179,0,reason_sent,norm,200,0.0023665425003988024,1.0
20260217_mini-v2.0.0_deepseek-3-2-high/django__django-14089,0,reason_sent,cos_step,200,0.008921785974788694,
20260217_mini-v2.0.0_deepseek-3-2-high/django__django-14089,0,reason_sent,cos_task,200,0.022441276183460094,0.20602360240224332
20260217_mini-v2.0.0_deepseek-3-2-high/django__django-14089,0,reason_sent,pca1,200,0.751184887183512,-0.10605737014582348
20260217_mini-v2.0.0_deepseek-3-2-high/django__django-14089,0,reason_sent,norm,200,0.0008384398835789947,1.0
20260217_mini-v2.0.0_deepseek-3-2-high/django__django-15368,0,reason_sent,cos_step,200,0.0001373232943018992,
20260217_mini-v2.0.0_deepseek-3-2-high/django__django-15368,0,reason_sent,cos_task,200,0.28172838607643536,0.27016497290473207
20260217_mini-v2.0.0_deepseek-3-2-high/django__django-15368,0,reason_sent,pca1,200,0.6810186639559097,-0.13321176566905066
20260217_mini-v2.0.0_deepseek-3-2-high/django__django-15368,0,reason_sent,norm,200,0.0004642453138776555,1.0
20260217_mini-v2.0.0_deepseek-3-2-high/django__django-15973,0,reason_sent,cos_step,200,3.702283417847634e-05,
20260217_mini-v2.0.0_deepseek-3-2-high/django__django-15973,0,reason_sent,cos_task,200,0.2514823240590425,0.3636622506471752
20260217_mini-v2.0.0_deepseek-3-2-high/django__django-15973,0,reason_sent,pca1,200,0.0006734787759139149,-0.2823435358611238
20260217_mini-v2.0.0_deepseek-3-2-high/django__django-15973,0,reason_sent,norm,200,5.420345336822818e-05,1.0
20260217_mini-v2.0.0_deepseek-3-2-high/matplotlib__matplotlib-24570,0,reason_sent,cos_step,200,0.05172677187806288,
20260217_mini-v2.0.0_deepseek-3-2-high/matplotlib__matplotlib-24570,0,reason_sent,cos_task,200,0.003717229075343208,0.01222932846048424
20260217_mini-v2.0.0_deepseek-3-2-high/matplotlib__matplotlib-24570,0,reason_sent,pca1,200,0.09485888766796756,-0.13457743261763364
20260217_mini-v2.0.0_deepseek-3-2-high/matplotlib__matplotlib-24570,0,reason_sent,norm,200,0.056328556583923224,1.0
20260217_mini-v2.0.0_deepseek-3-2-high/pylint-dev__pylint-6386,0,reason_sent,cos_step,200,0.0034459897030690435,
20260217_mini-v2.0.0_deepseek-3-2-high/pylint-dev__pylint-6386,0,reason_sent,cos_task,200,0.12903550859476,0.36654179990863406
20260217_mini-v2.0.0_deepseek-3-2-high/pylint-dev__pylint-6386,0,reason_sent,pca1,200,0.5264940970279582,-0.28895538297548345
20260217_mini-v2.0.0_deepseek-3-2-high/pylint-dev__pylint-6386,0,reason_sent,norm,200,0.011610187423423604,1.0
20260217_mini-v2.0.0_deepseek-3-2-high/pytest-dev__pytest-7205,1,reason_sent,cos_step,200,0.004337521848927204,
20260217_mini-v2.0.0_deepseek-3-2-high/pytest-dev__pytest-7205,1,reason_sent,cos_task,200,0.10572841768708245,0.2236698644738846
20260217_mini-v2.0.0_deepseek-3-2-high/pytest-dev__pytest-7205,1,reason_sent,pca1,200,0.36435407925904795,-0.26421501446627077
20260217_mini-v2.0.0_deepseek-3-2-high/pytest-dev__pytest-7205,1,reason_sent,norm,200,0.01040345020204825,1.0
20260217_mini-v2.0.0_deepseek-3-2-high/scikit-learn__scikit-learn-14983,0,reason_sent,cos_step,200,0.015157254412069802,
20260217_mini-v2.0.0_deepseek-3-2-high/scikit-learn__scikit-learn-14983,0,reason_sent,cos_task,200,2.59451561596127e-07,0.2928168003911316
20260217_mini-v2.0.0_deepseek-3-2-high/scikit-learn__scikit-learn-14983,0,reason_sent,pca1,200,0.5411932398864872,-0.31135345112457796
20260217_mini-v2.0.0_deepseek-3-2-high/scikit-learn__scikit-learn-14983,0,reason_sent,norm,200,0.03634703490277089,0.9999999999999999
20260217_mini-v2.0.0_deepseek-3-2-high/sphinx-doc__sphinx-10449,0,reason_sent,cos_step,200,0.0005695731006390913,
20260217_mini-v2.0.0_deepseek-3-2-high/sphinx-doc__sphinx-10449,0,reason_sent,cos_task,200,0.03445163757597474,0.175722552154713
20260217_mini-v2.0.0_deepseek-3-2-high/sphinx-doc__sphinx-10449,0,reason_sent,pca1,200,0.43325149052775547,-0.3105268768082839
20260217_mini-v2.0.0_deepseek-3-2-high/sphinx-doc__sphinx-10449,0,reason_sent,norm,200,0.0013073531472555045,1.0
20260217_mini-v2.0.0_deepseek-3-2-high/sympy__sympy-19637,0,reason_sent,cos_step,200,9.258555847095102e-10,
20260217_mini-v2.0.0_deepseek-3-2-high/sympy__sympy-19637,0,reason_sent,cos_task,200,0.0002235469100760625,0.4241634019200101
20260217_mini-v2.0.0_deepseek-3-2-high/sympy__sympy-19637,0,reason_sent,pca1,200,0.8992062819537499,-0.15025740454447736
20260217_mini-v2.0.0_deepseek-3-2-high/sympy__sympy-19637,0,reason_sent,norm,200,1.1954805370089385e-09,1.0
20260217_mini-v2.0.0_glm-5-high/django__django-11299,0,reason_sent,cos_step,200,0.012813541639824736,
20260217_mini-v2.0.0_glm-5-high/django__django-11299,0,reason_sent,cos_task,200,0.038623424156916025,0.254432328063288
20260217_mini-v2.0.0_glm-5-high/django__django-11299,0,reason_sent,pca1,200,0.013238415133625711,-0.15858607183200868
20260217_mini-v2.0.0_glm-5-high/django__django-11299,0,reason_sent,norm,200,0.03336067884401565,0.9999771570067455
20260217_mini-v2.0.0_glm-5-high/django__django-11451,0,reason_sent,cos_step,200,2.1989702371921047e-07,
20260217_mini-v2.0.0_glm-5-high/django__django-11451,0,reason_sent,cos_task,200,2.315004962647393e-06,0.38239884878528296
20260217_mini-v2.0.0_glm-5-high/django__django-11451,0,reason_sent,pca1,200,0.6492656895918338,-0.28463887071000904
20260217_mini-v2.0.0_glm-5-high/django__django-11451,0,reason_sent,norm,200,1.5231870475170508e-05,0.9999999999999999
20260217_mini-v2.0.0_glm-5-high/django__django-11551,0,reason_sent,cos_step,200,0.0001075493047316089,
20260217_mini-v2.0.0_glm-5-high/django__django-11551,0,reason_sent,cos_task,200,0.004853968561442482,0.35713429161378224
20260217_mini-v2.0.0_glm-5-high/django__django-11551,0,reason_sent,pca1,200,0.020086186543481235,-0.07268168432205184
20260217_mini-v2.0.0_glm-5-high/django__django-11551,0,reason_sent,norm,200,0.0013999572425442293,1.0
20260217_mini-v2.0.0_glm-5-high/django__django-11820,1,reason_sent,cos_step,200,7.187277767038365e-07,
20260217_mini-v2.0.0_glm-5-high/django__django-11820,1,reason_sent,cos_task,200,5.031628134481995e-08,0.373565093536522
20260217_mini-v2.0.0_glm-5-high/django__django-11820,1,reason_sent,pca1,200,0.008867004999865867,-0.10002744850625117
20260217_mini-v2.0.0_glm-5-high/django__django-11820,1,reason_sent,norm,200,6.167986647118557e-07,1.0
20260217_mini-v2.0.0_glm-5-high/django__django-12663,0,reason_sent,cos_step,200,0.0004521552494899597,
20260217_mini-v2.0.0_glm-5-high/django__django-12663,0,reason_sent,cos_task,200,0.931507098647863,0.18938197355944753
20260217_mini-v2.0.0_glm-5-high/django__django-12663,0,reason_sent,pca1,200,0.10465053137156943,-0.1906291197987649
20260217_mini-v2.0.0_glm-5-high/django__django-12663,0,reason_sent,norm,200,0.0037786633415075803,0.9999999999999999
20260217_mini-v2.0.0_glm-5-high/django__django-14580,0,reason_sent,cos_step,200,8.396614441465988e-05,
20260217_mini-v2.0.0_glm-5-high/django__django-14580,0,reason_sent,cos_task,200,0.5411280503133922,0.21704550443330026
20260217_mini-v2.0.0_glm-5-high/django__django-14580,0,reason_sent,pca1,200,0.22647984973752916,-0.12710365774572824
20260217_mini-v2.0.0_glm-5-high/django__django-14580,0,reason_sent,norm,200,0.000726189675578383,0.9999908632966444
20260217_mini-v2.0.0_glm-5-high/django__django-15280,0,reason_sent,cos_step,200,2.1000428533495373e-05,
20260217_mini-v2.0.0_glm-5-high/django__django-15280,0,reason_sent,cos_task,200,0.005811723855238752,0.3771236963170033
20260217_mini-v2.0.0_glm-5-high/django__django-15280,0,reason_sent,pca1,200,0.48528304857273463,-0.2891790277711337
20260217_mini-v2.0.0_glm-5-high/django__django-15280,0,reason_sent,norm,200,2.32738455374582e-05,0.9999984772300204
20260217_mini-v2.0.0_glm-5-high/django__django-15629,1,reason_sent,cos_step,200,1.7428047819418589e-07,
20260217_mini-v2.0.0_glm-5-high/django__django-15629,1,reason_sent,cos_task,200,0.9659645197987751,0.3782973237157605
20260217_mini-v2.0.0_glm-5-high/django__django-15629,1,reason_sent,pca1,200,2.359979830039451e-06,-0.06623156854860278
20260217_mini-v2.0.0_glm-5-high/django__django-15629,1,reason_sent,norm,200,1.867375520712416e-07,0.9999999999999999
20260217_mini-v2.0.0_glm-5-high/django__django-15863,0,reason_sent,cos_step,200,9.425443834224542e-05,
20260217_mini-v2.0.0_glm-5-high/django__django-15863,0,reason_sent,cos_task,200,0.18341115472592562,0.3326776367986689
20260217_mini-v2.0.0_glm-5-high/django__django-15863,0,reason_sent,pca1,200,0.08375291212978449,-0.29850273521333986
20260217_mini-v2.0.0_glm-5-high/django__django-15863,0,reason_sent,norm,200,9.167346521442258e-05,0.9999984772195856
20260217_mini-v2.0.0_glm-5-high/django__django-16454,1,reason_sent,cos_step,200,8.063000002124272e-05,
20260217_mini-v2.0.0_glm-5-high/django__django-16454,1,reason_sent,cos_task,200,0.5719999209119198,0.42848620317524627
20260217_mini-v2.0.0_glm-5-high/django__django-16454,1,reason_sent,pca1,200,0.00708346080384657,-0.34085415585095913
20260217_mini-v2.0.0_glm-5-high/django__django-16454,1,reason_sent,norm,200,0.00013003518596815488,1.0
20260217_mini-v2.0.0_glm-5-high/matplotlib__matplotlib-26342,0,reason_sent,cos_step,200,0.025817957676279698,
20260217_mini-v2.0.0_glm-5-high/matplotlib__matplotlib-26342,0,reason_sent,cos_task,200,0.0019493221242378787,0.29231681884734295
20260217_mini-v2.0.0_glm-5-high/matplotlib__matplotlib-26342,0,reason_sent,pca1,200,0.005430447727421125,-0.24354506022337424
20260217_mini-v2.0.0_glm-5-high/matplotlib__matplotlib-26342,0,reason_sent,norm,200,0.06850904539070796,1.0
20260217_mini-v2.0.0_glm-5-high/pydata__xarray-2905,0,reason_sent,cos_step,200,3.462079157134058e-06,
20260217_mini-v2.0.0_glm-5-high/pydata__xarray-2905,0,reason_sent,cos_task,200,0.10333435867578161,0.23540437632174901
20260217_mini-v2.0.0_glm-5-high/pydata__xarray-2905,0,reason_sent,pca1,200,0.03232619310423076,0.00267747947208691
20260217_mini-v2.0.0_glm-5-high/pydata__xarray-2905,0,reason_sent,norm,200,0.0007328447298396666,0.9999999999999999
20260217_mini-v2.0.0_glm-5-high/pytest-dev__pytest-8399,0,reason_sent,cos_step,200,1.4809050074313602e-08,
20260217_mini-v2.0.0_glm-5-high/pytest-dev__pytest-8399,0,reason_sent,cos_task,200,0.986462092904348,0.33381809162558224
20260217_mini-v2.0.0_glm-5-high/pytest-dev__pytest-8399,0,reason_sent,pca1,200,0.0008857968574144271,-0.0668505702453668
20260217_mini-v2.0.0_glm-5-high/pytest-dev__pytest-8399,0,reason_sent,norm,200,4.087148531236125e-07,0.9999999999999999
20260217_mini-v2.0.0_glm-5-high/sphinx-doc__sphinx-8721,0,reason_sent,cos_step,200,0.0007179681787759422,
20260217_mini-v2.0.0_glm-5-high/sphinx-doc__sphinx-8721,0,reason_sent,cos_task,200,0.22883637010252933,0.26410932500155665
20260217_mini-v2.0.0_glm-5-high/sphinx-doc__sphinx-8721,0,reason_sent,pca1,200,0.06748602442379564,-0.26416719145037254
20260217_mini-v2.0.0_glm-5-high/sphinx-doc__sphinx-8721,0,reason_sent,norm,200,0.0026589954625285063,0.9999908633731666
20260217_mini-v2.0.0_glm-5-high/sympy__sympy-14248,1,reason_sent,cos_step,200,0.021523963592504507,
20260217_mini-v2.0.0_glm-5-high/sympy__sympy-14248,1,reason_sent,cos_task,200,1.124815810693361e-09,0.4089869997130612
20260217_mini-v2.0.0_glm-5-high/sympy__sympy-14248,1,reason_sent,pca1,200,6.212800722264848e-05,-0.14707132180284155
20260217_mini-v2.0.0_glm-5-high/sympy__sympy-14248,1,reason_sent,norm,200,0.08115528975857134,0.9999832483695714
20260217_mini-v2.0.0_glm-5-high/sympy__sympy-15599,0,reason_sent,cos_step,200,0.000251156466993274,
20260217_mini-v2.0.0_glm-5-high/sympy__sympy-15599,0,reason_sent,cos_task,200,0.011467866768968712,0.3901720350698717
20260217_mini-v2.0.0_glm-5-high/sympy__sympy-15599,0,reason_sent,pca1,200,0.3323400938158659,-0.31996771725222595
20260217_mini-v2.0.0_glm-5-high/sympy__sympy-15599,0,reason_sent,norm,200,0.00012630190643852685,1.0
20260217_mini-v2.0.0_glm-5-high/sympy__sympy-22714,0,reason_sent,cos_step,200,0.002253965582267959,
20260217_mini-v2.0.0_glm-5-high/sympy__sympy-22714,0,reason_sent,cos_task,200,0.7408446671412477,0.23079078889490284
20260217_mini-v2.0.0_glm-5-high/sympy__sympy-22714,0,reason_sent,pca1,200,0.16769202437068617,-0.18108165212258112
20260217_mini-v2.0.0_glm-5-high/sympy__sympy-22714,0,reason_sent,norm,200,0.004981967065235476,0.999998477109432
20260217_mini-v2.0.0_kimi-k2-5-high/astropy__astropy-8872,1,reason_sent,cos_step,200,6.041711397212876e-07,
20260217_mini-v2.0.0_kimi-k2-5-high/astropy__astropy-8872,1,reason_sent,cos_task,200,0.10711594297727307,0.4421449596846373
20260217_mini-v2.0.0_kimi-k2-5-high/astropy__astropy-8872,1,reason_sent,pca1,200,0.370938525568808,-0.31845702635376766
20260217_mini-v2.0.0_kimi-k2-5-high/astropy__astropy-8872,1,reason_sent,norm,200,9.74271663196e-08,0.9999954316935398
20260217_mini-v2.0.0_kimi-k2-5-high/django__django-12125,1,reason_sent,cos_step,200,0.062484694141873826,
20260217_mini-v2.0.0_kimi-k2-5-high/django__django-12125,1,reason_sent,cos_task,200,2.290117519542397e-05,0.25191368318713675
20260217_mini-v2.0.0_kimi-k2-5-high/django__django-12125,1,reason_sent,pca1,200,0.3108868595520722,-0.24880412651554468
20260217_mini-v2.0.0_kimi-k2-5-high/django__django-12125,1,reason_sent,norm,200,0.1830548475044427,0.999990863352297
20260217_mini-v2.0.0_kimi-k2-5-high/django__django-12406,1,reason_sent,cos_step,200,0.008169104358822479,
20260217_mini-v2.0.0_kimi-k2-5-high/django__django-12406,1,reason_sent,cos_task,200,0.42646321685955,0.3177317697515663
20260217_mini-v2.0.0_kimi-k2-5-high/django__django-12406,1,reason_sent,pca1,200,0.662603211113217,-0.26425276802003467
20260217_mini-v2.0.0_kimi-k2-5-high/django__django-12406,1,reason_sent,norm,200,0.02652687169959461,1.0
20260217_mini-v2.0.0_kimi-k2-5-high/django__django-13933,0,reason_sent,cos_step,200,0.00018296626422447193,
20260217_mini-v2.0.0_kimi-k2-5-high/django__django-13933,0,reason_sent,cos_task,200,0.011602666119896035,0.1543321547038005
20260217_mini-v2.0.0_kimi-k2-5-high/django__django-13933,0,reason_sent,pca1,200,0.1547211915084163,-0.24345737893397576
20260217_mini-v2.0.0_kimi-k2-5-high/django__django-13933,0,reason_sent,norm,200,0.002041739922313495,0.9999999999999999
20260217_mini-v2.0.0_kimi-k2-5-high/django__django-16032,0,reason_sent,cos_step,200,0.0013866029021368596,
20260217_mini-v2.0.0_kimi-k2-5-high/django__django-16032,0,reason_sent,cos_task,200,0.00036816044494728,0.22610229734130471
20260217_mini-v2.0.0_kimi-k2-5-high/django__django-16032,0,reason_sent,pca1,200,0.14804173275244947,-0.1120243834872896
20260217_mini-v2.0.0_kimi-k2-5-high/django__django-16032,0,reason_sent,norm,200,0.002037007087428174,1.0
20260217_mini-v2.0.0_kimi-k2-5-high/matplotlib__matplotlib-22719,0,reason_sent,cos_step,200,0.2743993660789713,
20260217_mini-v2.0.0_kimi-k2-5-high/matplotlib__matplotlib-22719,0,reason_sent,cos_task,200,0.03263157651762366,0.3016574348435779
20260217_mini-v2.0.0_kimi-k2-5-high/matplotlib__matplotlib-22719,0,reason_sent,pca1,200,0.41091943314050416,-0.18379998866020741
20260217_mini-v2.0.0_kimi-k2-5-high/matplotlib__matplotlib-22719,0,reason_sent,norm,200,0.258888486185881,1.0
20260217_mini-v2.0.0_kimi-k2-5-high/matplotlib__matplotlib-24870,1,reason_sent,cos_step,200,0.003576157093702987,
20260217_mini-v2.0.0_kimi-k2-5-high/matplotlib__matplotlib-24870,1,reason_sent,cos_task,200,0.20767963128295827,0.3136021306665606
20260217_mini-v2.0.0_kimi-k2-5-high/matplotlib__matplotlib-24870,1,reason_sent,pca1,200,0.09701199448973603,-0.279001685331329
20260217_mini-v2.0.0_kimi-k2-5-high/matplotlib__matplotlib-24870,1,reason_sent,norm,200,0.013889492050983507,0.9999999999999999
20260217_mini-v2.0.0_kimi-k2-5-high/psf__requests-2931,1,reason_sent,cos_step,200,0.1622473543746238,
20260217_mini-v2.0.0_kimi-k2-5-high/psf__requests-2931,1,reason_sent,cos_task,200,0.9896155431651251,0.15707530003259582
20260217_mini-v2.0.0_kimi-k2-5-high/psf__requests-2931,1,reason_sent,pca1,200,0.21877978455925612,-0.2309728442458363
20260217_mini-v2.0.0_kimi-k2-5-high/psf__requests-2931,1,reason_sent,norm,200,0.37263204895156965,1.0
20260217_mini-v2.0.0_kimi-k2-5-high/pylint-dev__pylint-6528,1,reason_sent,cos_step,200,0.00016820913656300757,
20260217_mini-v2.0.0_kimi-k2-5-high/pylint-dev__pylint-6528,1,reason_sent,cos_task,200,0.117195772032766,0.25672646593668264
20260217_mini-v2.0.0_kimi-k2-5-high/pylint-dev__pylint-6528,1,reason_sent,pca1,200,0.5495060566276554,-0.23581727950808692
20260217_mini-v2.0.0_kimi-k2-5-high/pylint-dev__pylint-6528,1,reason_sent,norm,200,0.00029050804417548096,0.9999999999999999
20260217_mini-v2.0.0_kimi-k2-5-high/pylint-dev__pylint-8898,1,reason_sent,cos_step,200,0.4273517091816357,
20260217_mini-v2.0.0_kimi-k2-5-high/pylint-dev__pylint-8898,1,reason_sent,cos_task,200,0.04921900834394649,0.18733863016340807
20260217_mini-v2.0.0_kimi-k2-5-high/pylint-dev__pylint-8898,1,reason_sent,pca1,200,0.29567390425252693,-0.21450548781582146
20260217_mini-v2.0.0_kimi-k2-5-high/pylint-dev__pylint-8898,1,reason_sent,norm,200,0.6854346604049912,1.0
20260217_mini-v2.0.0_kimi-k2-5-high/pytest-dev__pytest-10081,0,reason_sent,cos_step,200,0.0008898609908771565,
20260217_mini-v2.0.0_kimi-k2-5-high/pytest-dev__pytest-10081,0,reason_sent,cos_task,200,0.9574788316850527,0.14720595360001995
20260217_mini-v2.0.0_kimi-k2-5-high/pytest-dev__pytest-10081,0,reason_sent,pca1,200,0.923209071809617,-0.1859857587504387
20260217_mini-v2.0.0_kimi-k2-5-high/pytest-dev__pytest-10081,0,reason_sent,norm,200,0.004461168702931098,0.9999984772253827
20260217_mini-v2.0.0_kimi-k2-5-high/sphinx-doc__sphinx-10449,0,reason_sent,cos_step,200,0.1291991001074386,
20260217_mini-v2.0.0_kimi-k2-5-high/sphinx-doc__sphinx-10449,0,reason_sent,cos_task,200,0.03845093250832872,0.08380266408849618
20260217_mini-v2.0.0_kimi-k2-5-high/sphinx-doc__sphinx-10449,0,reason_sent,pca1,200,0.6780767765272873,-0.2829491508660559
20260217_mini-v2.0.0_kimi-k2-5-high/sphinx-doc__sphinx-10449,0,reason_sent,norm,200,0.13090119288006577,0.9999999999999999
20260217_mini-v2.0.0_kimi-k2-5-high/sphinx-doc__sphinx-9230,0,reason_sent,cos_step,200,0.04702712028662246,
20260217_mini-v2.0.0_kimi-k2-5-high/sphinx-doc__sphinx-9230,0,reason_sent,cos_task,200,0.09943131466453828,0.2413650539395241
20260217_mini-v2.0.0_kimi-k2-5-high/sphinx-doc__sphinx-9230,0,reason_sent,pca1,200,0.912088804070594,-0.3524460477703629
20260217_mini-v2.0.0_kimi-k2-5-high/sphinx-doc__sphinx-9230,0,reason_sent,norm,200,0.07957514706465532,0.9999984772230641
20260217_mini-v2.0.0_minimax-2-5-high/django__django-11087,1,reason_sent,cos_step,200,0.0010882547326469603,
20260217_mini-v2.0.0_minimax-2-5-high/django__django-11087,1,reason_sent,cos_task,200,0.7042544095600691,0.21787582529155886
20260217_mini-v2.0.0_minimax-2-5-high/django__django-11087,1,reason_sent,pca1,200,0.0315797575914612,-0.17860673770624777
20260217_mini-v2.0.0_minimax-2-5-high/django__django-11087,1,reason_sent,norm,200,0.002505471377277651,1.0
20260217_mini-v2.0.0_minimax-2-5-high/django__django-11815,0,reason_sent,cos_step,200,0.0423378760449208,
20260217_mini-v2.0.0_minimax-2-5-high/django__django-11815,0,reason_sent,cos_task,200,0.06550240626595472,0.05791604139923601
20260217_mini-v2.0.0_minimax-2-5-high/django__django-11815,0,reason_sent,pca1,200,0.1058965589385847,-0.02008659178011117
20260217_mini-v2.0.0_minimax-2-5-high/django__django-11815,0,reason_sent,norm,200,0.11212363185175282,1.0
20260217_mini-v2.0.0_minimax-2-5-high/django__django-13212,1,reason_sent,cos_step,200,2.680838733610919e-07,
20260217_mini-v2.0.0_minimax-2-5-high/django__django-13212,1,reason_sent,cos_task,200,0.07029662845214192,0.3099078301578888
20260217_mini-v2.0.0_minimax-2-5-high/django__django-13212,1,reason_sent,pca1,200,0.02766555875910824,-0.15749162187676335
20260217_mini-v2.0.0_minimax-2-5-high/django__django-13212,1,reason_sent,norm,200,5.976941709279464e-10,1.0
20260217_mini-v2.0.0_minimax-2-5-high/django__django-13417,0,reason_sent,cos_step,200,0.003442612649906917,
20260217_mini-v2.0.0_minimax-2-5-high/django__django-13417,0,reason_sent,cos_task,200,0.0017609496749150938,0.431150923583741
20260217_mini-v2.0.0_minimax-2-5-high/django__django-13417,0,reason_sent,pca1,200,0.009901392789522352,-0.22984437101885985
20260217_mini-v2.0.0_minimax-2-5-high/django__django-13417,0,reason_sent,norm,200,0.0032205339887938587,1.0
20260217_mini-v2.0.0_minimax-2-5-high/django__django-13809,0,reason_sent,cos_step,200,0.003608730031727149,
20260217_mini-v2.0.0_minimax-2-5-high/django__django-13809,0,reason_sent,cos_task,200,0.018675669647915557,0.32694363441938934
20260217_mini-v2.0.0_minimax-2-5-high/django__django-13809,0,reason_sent,pca1,200,0.45635568393891224,-0.09483359855254289
20260217_mini-v2.0.0_minimax-2-5-high/django__django-13809,0,reason_sent,norm,200,0.01471168982303058,0.9999999999999999
20260217_mini-v2.0.0_minimax-2-5-high/django__django-14011,1,reason_sent,cos_step,200,0.015437422131150595,
20260217_mini-v2.0.0_minimax-2-5-high/django__django-14011,1,reason_sent,cos_task,200,0.011614892883813845,0.22547309842678176
20260217_mini-v2.0.0_minimax-2-5-high/django__django-14011,1,reason_sent,pca1,200,0.7290382539218434,-0.14321265702515446
20260217_mini-v2.0.0_minimax-2-5-high/django__django-14011,1,reason_sent,norm,200,0.02438268165641017,1.0
20260217_mini-v2.0.0_minimax-2-5-high/django__django-14170,1,reason_sent,cos_step,200,6.0818938952953144e-12,
20260217_mini-v2.0.0_minimax-2-5-high/django__django-14170,1,reason_sent,cos_task,200,0.4654181082467944,0.30248883804167026
20260217_mini-v2.0.0_minimax-2-5-high/django__django-14170,1,reason_sent,pca1,200,0.9956117187010418,0.07216749985120446
20260217_mini-v2.0.0_minimax-2-5-high/django__django-14170,1,reason_sent,norm,200,1.9589423942220903e-15,1.0
20260217_mini-v2.0.0_minimax-2-5-high/django__django-14999,0,reason_sent,cos_step,200,0.001750312852469717,
20260217_mini-v2.0.0_minimax-2-5-high/django__django-14999,0,reason_sent,cos_task,200,0.030477908271982632,0.25473450185788105
20260217_mini-v2.0.0_minimax-2-5-high/django__django-14999,0,reason_sent,pca1,200,0.046771335464599564,-0.24689309652058863
20260217_mini-v2.0.0_minimax-2-5-high/django__django-14999,0,reason_sent,norm,200,0.0019166705400903777,0.9999710660926587
20260217_mini-v2.0.0_minimax-2-5-high/django__django-15916,0,reason_sent,cos_step,200,0.6330203974758524,
20260217_mini-v2.0.0_minimax-2-5-high/django__django-15916,0,reason_sent,cos_task,200,0.03545351752900049,0.3659194758864447
20260217_mini-v2.0.0_minimax-2-5-high/django__django-15916,0,reason_sent,pca1,200,0.3630079385650812,-0.29397960443874144
20260217_mini-v2.0.0_minimax-2-5-high/django__django-15916,0,reason_sent,norm,200,0.6244805630158522,0.9999908630740274
20260217_mini-v2.0.0_minimax-2-5-high/matplotlib__matplotlib-22865,0,reason_sent,cos_step,200,0.12236310245270418,
20260217_mini-v2.0.0_minimax-2-5-high/matplotlib__matplotlib-22865,0,reason_sent,cos_task,200,0.001363898462359443,0.2113150511870952
20260217_mini-v2.0.0_minimax-2-5-high/matplotlib__matplotlib-22865,0,reason_sent,pca1,200,0.024979851673859632,-0.13071625194036243
20260217_mini-v2.0.0_minimax-2-5-high/matplotlib__matplotlib-22865,0,reason_sent,norm,200,0.13304975953011813,1.0
20260217_mini-v2.0.0_minimax-2-5-high/matplotlib__matplotlib-24870,1,reason_sent,cos_step,200,0.014592309550869915,
20260217_mini-v2.0.0_minimax-2-5-high/matplotlib__matplotlib-24870,1,reason_sent,cos_task,200,3.3670644819443936e-08,0.3166280556828552
20260217_mini-v2.0.0_minimax-2-5-high/matplotlib__matplotlib-24870,1,reason_sent,pca1,200,0.9077521136278814,-0.2611147809609394
20260217_mini-v2.0.0_minimax-2-5-high/matplotlib__matplotlib-24870,1,reason_sent,norm,200,0.022706526093095897,0.9999527925491414
20260217_mini-v2.0.0_minimax-2-5-high/pydata__xarray-7233,0,reason_sent,cos_step,200,0.00790313314020073,
20260217_mini-v2.0.0_minimax-2-5-high/pydata__xarray-7233,0,reason_sent,cos_task,200,7.862947922344402e-07,0.21784032448709068
20260217_mini-v2.0.0_minimax-2-5-high/pydata__xarray-7233,0,reason_sent,pca1,200,0.3966034190416876,-0.1770529989815633
20260217_mini-v2.0.0_minimax-2-5-high/pydata__xarray-7233,0,reason_sent,norm,200,0.017291456910844463,0.9999954311334749
20260217_mini-v2.0.0_minimax-2-5-high/scikit-learn__scikit-learn-25931,0,reason_sent,cos_step,200,0.4667179825375637,
20260217_mini-v2.0.0_minimax-2-5-high/scikit-learn__scikit-learn-25931,0,reason_sent,cos_task,200,0.8222597525143993,0.18869853848466933
20260217_mini-v2.0.0_minimax-2-5-high/scikit-learn__scikit-learn-25931,0,reason_sent,pca1,200,0.9011606671091621,-0.23907479576892043
20260217_mini-v2.0.0_minimax-2-5-high/scikit-learn__scikit-learn-25931,0,reason_sent,norm,200,0.7849870111764773,1.0
20260217_mini-v2.0.0_minimax-2-5-high/sphinx-doc__sphinx-10449,0,reason_sent,cos_step,200,0.10303401412545597,
20260217_mini-v2.0.0_minimax-2-5-high/sphinx-doc__sphinx-10449,0,reason_sent,cos_task,200,5.0026844158406756e-05,0.08305904084163779
20260217_mini-v2.0.0_minimax-2-5-high/sphinx-doc__sphinx-10449,0,reason_sent,pca1,200,0.002010451330699193,-0.2630786696032962
20260217_mini-v2.0.0_minimax-2-5-high/sphinx-doc__sphinx-10449,0,reason_sent,norm,200,0.15017264590054952,1.0
20260217_mini-v2.0.0_minimax-2-5-high/sphinx-doc__sphinx-8593,0,reason_sent,cos_step,200,0.0518399919386313,
20260217_mini-v2.0.0_minimax-2-5-high/sphinx-doc__sphinx-8593,0,reason_sent,cos_task,200,0.005838438392226403,0.24678981298179112
20260217_mini-v2.0.0_minimax-2-5-high/sphinx-doc__sphinx-8593,0,reason_sent,pca1,200,0.013377820050973413,-0.2576136537550205
20260217_mini-v2.0.0_minimax-2-5-high/sphinx-doc__sphinx-8593,0,reason_sent,norm,200,0.07196308929755432,1.0
20260217_mini-v2.0.0_minimax-2-5-high/sympy__sympy-15976,0,reason_sent,cos_step,200,0.9308656067244782,
20260217_mini-v2.0.0_minimax-2-5-high/sympy__sympy-15976,0,reason_sent,cos_task,200,0.02812974513764596,0.21564127731138066
20260217_mini-v2.0.0_minimax-2-5-high/sympy__sympy-15976,0,reason_sent,pca1,200,0.8169290627753913,-0.1738343545115018
20260217_mini-v2.0.0_minimax-2-5-high/sympy__sympy-15976,0,reason_sent,norm,200,0.9599244289074312,0.9999999999999999
20260217_mini-v2.0.0_minimax-2-5-high/sympy__sympy-18189,0,reason_sent,cos_step,200,0.0024794160498784047,
20260217_mini-v2.0.0_minimax-2-5-high/sympy__sympy-18189,0,reason_sent,cos_task,200,4.4791064464850135e-06,0.43080836888009333
20260217_mini-v2.0.0_minimax-2-5-high/sympy__sympy-18189,0,reason_sent,pca1,200,0.21031080334174515,-0.14600487099186263
20260217_mini-v2.0.0_minimax-2-5-high/sympy__sympy-18189,0,reason_sent,norm,200,0.004810928529721501,0.999963452184798
20260217_mini-v2.0.0_minimax-2-5-high/sympy__sympy-20801,0,reason_sent,cos_step,200,4.577980540383154e-06,
20260217_mini-v2.0.0_minimax-2-5-high/sympy__sympy-20801,0,reason_sent,cos_task,200,0.0009908351752843864,0.5025219253142242
20260217_mini-v2.0.0_minimax-2-5-high/sympy__sympy-20801,0,reason_sent,pca1,200,0.12769812341014275,-0.2431837208192781
20260217_mini-v2.0.0_minimax-2-5-high/sympy__sympy-20801,0,reason_sent,norm,200,1.3478636496694347e-05,0.9999954316970181
20260217_mini-v2.0.0_claude-4-5-sonnet-high/django__django-11292,0,reason_sent,cos_step,200,0.3227092582991509,
20260217_mini-v2.0.0_claude-4-5-sonnet-high/django__django-11292,0,reason_sent,cos_task,200,0.17898028197336274,0.2241485776392024
20260217_mini-v2.0.0_claude-4-5-sonnet-high/django__django-11292,0,reason_sent,pca1,200,0.9594276231330856,-0.1526739411725421
20260217_mini-v2.0.0_claude-4-5-sonnet-high/django__django-11292,0,reason_sent,norm,200,0.659467179894723,0.9999999999999999
20260217_mini-v2.0.0_claude-4-5-sonnet-high/django__django-11734,1,reason_sent,cos_step,200,0.22152290924764367,
20260217_mini-v2.0.0_claude-4-5-sonnet-high/django__django-11734,1,reason_sent,cos_task,200,0.004650072785381544,0.35506367472458117
20260217_mini-v2.0.0_claude-4-5-sonnet-high/django__django-11734,1,reason_sent,pca1,200,0.9677725606770207,-0.2665045675562041
20260217_mini-v2.0.0_claude-4-5-sonnet-high/django__django-11734,1,reason_sent,norm,200,0.24837326629133188,1.0
20260217_mini-v2.0.0_claude-4-5-sonnet-high/django__django-11999,0,reason_sent,cos_step,200,0.2166021617918556,
20260217_mini-v2.0.0_claude-4-5-sonnet-high/django__django-11999,0,reason_sent,cos_task,200,0.00577288984370728,0.31569193567147835
20260217_mini-v2.0.0_claude-4-5-sonnet-high/django__django-11999,0,reason_sent,pca1,200,0.1350776888384443,-0.29019908816516565
20260217_mini-v2.0.0_claude-4-5-sonnet-high/django__django-11999,0,reason_sent,norm,200,0.2526261525884795,0.9999999999999999
20260217_mini-v2.0.0_claude-4-5-sonnet-high/django__django-13837,0,reason_sent,cos_step,200,0.009246275368664842,
20260217_mini-v2.0.0_claude-4-5-sonnet-high/django__django-13837,0,reason_sent,cos_task,200,0.037664207617118986,0.33722122776899943
20260217_mini-v2.0.0_claude-4-5-sonnet-high/django__django-13837,0,reason_sent,pca1,200,0.01718864875488564,-0.2806029878358348
20260217_mini-v2.0.0_claude-4-5-sonnet-high/django__django-13837,0,reason_sent,norm,200,0.012604143123167232,0.9999984772323394
20260217_mini-v2.0.0_claude-4-5-sonnet-high/django__django-14140,0,reason_sent,cos_step,200,0.17918159454661192,
20260217_mini-v2.0.0_claude-4-5-sonnet-high/django__django-14140,0,reason_sent,cos_task,200,0.3382685820499669,0.15157629449009505
20260217_mini-v2.0.0_claude-4-5-sonnet-high/django__django-14140,0,reason_sent,pca1,200,0.07252240525350034,-0.1692621624715891
20260217_mini-v2.0.0_claude-4-5-sonnet-high/django__django-14140,0,reason_sent,norm,200,0.08561670312579867,1.0
20260217_mini-v2.0.0_claude-4-5-sonnet-high/django__django-15128,0,reason_sent,cos_step,200,0.000643736519175984,
20260217_mini-v2.0.0_claude-4-5-sonnet-high/django__django-15128,0,reason_sent,cos_task,200,0.8042993455191096,0.2254962946856252
20260217_mini-v2.0.0_claude-4-5-sonnet-high/django__django-15128,0,reason_sent,pca1,200,0.4526477140457349,-0.09841379095157222
20260217_mini-v2.0.0_claude-4-5-sonnet-high/django__django-15128,0,reason_sent,norm,200,0.0018718979813562764,1.0
20260217_mini-v2.0.0_claude-4-5-sonnet-high/django__django-15572,0,reason_sent,cos_step,200,0.07058160790236859,
20260217_mini-v2.0.0_claude-4-5-sonnet-high/django__django-15572,0,reason_sent,cos_task,200,0.2693262648568364,0.24831712449982044
20260217_mini-v2.0.0_claude-4-5-sonnet-high/django__django-15572,0,reason_sent,pca1,200,0.043134315977753426,-0.10303363010776152
20260217_mini-v2.0.0_claude-4-5-sonnet-high/django__django-15572,0,reason_sent,norm,200,0.18024803704034612,1.0
20260217_mini-v2.0.0_claude-4-5-sonnet-high/django__django-15973,1,reason_sent,cos_step,200,0.1362494440415014,
20260217_mini-v2.0.0_claude-4-5-sonnet-high/django__django-15973,1,reason_sent,cos_task,200,0.00247542224166381,0.3199379014184732
20260217_mini-v2.0.0_claude-4-5-sonnet-high/django__django-15973,1,reason_sent,pca1,200,0.5784747036394573,-0.15103828207205244
20260217_mini-v2.0.0_claude-4-5-sonnet-high/django__django-15973,1,reason_sent,norm,200,0.4913465357369431,1.0
20260217_mini-v2.0.0_claude-4-5-sonnet-high/pydata__xarray-7229,1,reason_sent,cos_step,200,5.6038559243567695e-05,
20260217_mini-v2.0.0_claude-4-5-sonnet-high/pydata__xarray-7229,1,reason_sent,cos_task,200,0.07326378094805815,0.16035358678570769
20260217_mini-v2.0.0_claude-4-5-sonnet-high/pydata__xarray-7229,1,reason_sent,pca1,200,0.916817982687737,-0.40443658526909204
20260217_mini-v2.0.0_claude-4-5-sonnet-high/pydata__xarray-7229,1,reason_sent,norm,200,2.942572005337306e-05,1.0
20260217_mini-v2.0.0_claude-4-5-sonnet-high/pytest-dev__pytest-7982,0,reason_sent,cos_step,200,0.008773455944122488,
20260217_mini-v2.0.0_claude-4-5-sonnet-high/pytest-dev__pytest-7982,0,reason_sent,cos_task,200,0.26039426814401906,0.31055837276792697
20260217_mini-v2.0.0_claude-4-5-sonnet-high/pytest-dev__pytest-7982,0,reason_sent,pca1,200,0.2946411324327055,-0.30852532469387545
20260217_mini-v2.0.0_claude-4-5-sonnet-high/pytest-dev__pytest-7982,0,reason_sent,norm,200,0.020269431463663286,0.9999999999999999
20260217_mini-v2.0.0_claude-4-5-sonnet-high/sphinx-doc__sphinx-8269,0,reason_sent,cos_step,200,0.19081619501152652,
20260217_mini-v2.0.0_claude-4-5-sonnet-high/sphinx-doc__sphinx-8269,0,reason_sent,cos_task,200,0.34460173903513425,0.2728636310088582
20260217_mini-v2.0.0_claude-4-5-sonnet-high/sphinx-doc__sphinx-8269,0,reason_sent,pca1,200,0.36578290509529865,-0.23830712244389682
20260217_mini-v2.0.0_claude-4-5-sonnet-high/sphinx-doc__sphinx-8269,0,reason_sent,norm,200,0.16119597233733082,0.9999954316900613
20260217_mini-v2.0.0_claude-4-5-sonnet-high/sphinx-doc__sphinx-8551,0,reason_sent,cos_step,200,0.0011185102970809753,
20260217_mini-v2.0.0_claude-4-5-sonnet-high/sphinx-doc__sphinx-8551,0,reason_sent,cos_task,200,0.00011060572792720505,0.3425170426713489
20260217_mini-v2.0.0_claude-4-5-sonnet-high/sphinx-doc__sphinx-8551,0,reason_sent,pca1,200,0.9136653301840446,-0.22551640044216462
20260217_mini-v2.0.0_claude-4-5-sonnet-high/sphinx-doc__sphinx-8551,0,reason_sent,norm,200,0.0002629185586099273,0.99999847723118
20260217_mini-v2.0.0_claude-4-5-sonnet-high/sphinx-doc__sphinx-9230,0,reason_sent,cos_step,200,0.0013650345282737635,
20260217_mini-v2.0.0_claude-4-5-sonnet-high/sphinx-doc__sphinx-9230,0,reason_sent,cos_task,200,0.018319745021567465,0.1347128640427377
20260217_mini-v2.0.0_claude-4-5-sonnet-high/sphinx-doc__sphinx-9230,0,reason_sent,pca1,200,0.3408560278800087,-0.2400750422475866
20260217_mini-v2.0.0_claude-4-5-sonnet-high/sphinx-doc__sphinx-9230,0,reason_sent,norm,200,0.0022296246356457777,1.0
20260217_mini-v2.0.0_claude-4-5-sonnet-high/sympy__sympy-13091,0,reason_sent,cos_step,200,8.132695020159056e-06,
20260217_mini-v2.0.0_claude-4-5-sonnet-high/sympy__sympy-13091,0,reason_sent,cos_task,200,8.018796865548016e-06,0.27924963300981037
20260217_mini-v2.0.0_claude-4-5-sonnet-high/sympy__sympy-13091,0,reason_sent,pca1,200,0.9884848182034427,-0.28296979405944456
20260217_mini-v2.0.0_claude-4-5-sonnet-high/sympy__sympy-13091,0,reason_sent,norm,200,2.1024657795198142e-06,1.0
20260217_mini-v2.0.0_claude-4-5-sonnet-high/sympy__sympy-13974,1,reason_sent,cos_step,200,0.0027771755624244553,
20260217_mini-v2.0.0_claude-4-5-sonnet-high/sympy__sympy-13974,1,reason_sent,cos_task,200,0.0008482414188524175,0.247320948654231
20260217_mini-v2.0.0_claude-4-5-sonnet-high/sympy__sympy-13974,1,reason_sent,pca1,200,0.0054311567335615495,-0.1428375635493381
20260217_mini-v2.0.0_claude-4-5-sonnet-high/sympy__sympy-13974,1,reason_sent,norm,200,0.004192152669801188,0.9999451789450602
20260217_mini-v2.0.0_claude-4-5-sonnet-high/sympy__sympy-18199,1,reason_sent,cos_step,200,0.0022592190052307076,
20260217_mini-v2.0.0_claude-4-5-sonnet-high/sympy__sympy-18199,1,reason_sent,cos_task,200,0.0005263593755510801,0.3521499195221374
20260217_mini-v2.0.0_claude-4-5-sonnet-high/sympy__sympy-18199,1,reason_sent,pca1,200,0.04030524427938021,-0.2619594365153586
20260217_mini-v2.0.0_claude-4-5-sonnet-high/sympy__sympy-18199,1,reason_sent,norm,200,0.011304347474161293,1.0
20260217_mini-v2.0.0_claude-4-5-sonnet-high/sympy__sympy-20916,1,reason_sent,cos_step,200,2.3603322009797337e-05,
20260217_mini-v2.0.0_claude-4-5-sonnet-high/sympy__sympy-20916,1,reason_sent,cos_task,200,0.0006425552750709057,0.3964944365688114
20260217_mini-v2.0.0_claude-4-5-sonnet-high/sympy__sympy-20916,1,reason_sent,pca1,200,0.25687234147395843,-0.3101337142286437
20260217_mini-v2.0.0_claude-4-5-sonnet-high/sympy__sympy-20916,1,reason_sent,norm,200,1.0875719399436567e-05,1.0
20260217_mini-v2.0.0_claude-4-5-sonnet-high/sympy__sympy-22080,1,reason_sent,cos_step,200,0.0013014938026734263,
20260217_mini-v2.0.0_claude-4-5-sonnet-high/sympy__sympy-22080,1,reason_sent,cos_task,200,0.029484256817172236,0.2167147799084857
20260217_mini-v2.0.0_claude-4-5-sonnet-high/sympy__sympy-22080,1,reason_sent,pca1,200,0.11461778345358667,-0.3210109376891435
20260217_mini-v2.0.0_claude-4-5-sonnet-high/sympy__sympy-22080,1,reason_sent,norm,200,0.0014274097949168298,1.0
20260217_mini-v2.0.0_claude-4-5-haiku-high/astropy__astropy-8707,1,reason_sent,cos_step,200,0.011055702544265234,
20260217_mini-v2.0.0_claude-4-5-haiku-high/astropy__astropy-8707,1,reason_sent,cos_task,200,0.21940825756120616,0.24071634118190705
20260217_mini-v2.0.0_claude-4-5-haiku-high/astropy__astropy-8707,1,reason_sent,pca1,200,0.4650271834443074,-0.22379989591950616
20260217_mini-v2.0.0_claude-4-5-haiku-high/astropy__astropy-8707,1,reason_sent,norm,200,0.02719588998955484,1.0
20260217_mini-v2.0.0_claude-4-5-haiku-high/django__django-11133,0,reason_sent,cos_step,200,3.6774587245065385e-05,
20260217_mini-v2.0.0_claude-4-5-haiku-high/django__django-11133,0,reason_sent,cos_task,200,2.191157147102321e-09,0.20240240263282164
20260217_mini-v2.0.0_claude-4-5-haiku-high/django__django-11133,0,reason_sent,pca1,200,0.9111145938099167,-0.1347897640741729
20260217_mini-v2.0.0_claude-4-5-haiku-high/django__django-11133,0,reason_sent,norm,200,6.04369393183188e-05,0.9999999999999999
20260217_mini-v2.0.0_claude-4-5-haiku-high/django__django-12273,1,reason_sent,cos_step,200,0.001083404567480791,
20260217_mini-v2.0.0_claude-4-5-haiku-high/django__django-12273,1,reason_sent,cos_task,200,0.22207407005780816,0.15573546442638844
20260217_mini-v2.0.0_claude-4-5-haiku-high/django__django-12273,1,reason_sent,pca1,200,0.15214170675699165,-0.1528436912089668
20260217_mini-v2.0.0_claude-4-5-haiku-high/django__django-12273,1,reason_sent,norm,200,0.003867518359749366,1.0
20260217_mini-v2.0.0_claude-4-5-haiku-high/django__django-13344,1,reason_sent,cos_step,200,2.004576752195021e-08,
20260217_mini-v2.0.0_claude-4-5-haiku-high/django__django-13344,1,reason_sent,cos_task,200,0.21273349414380796,0.3271319960149453
20260217_mini-v2.0.0_claude-4-5-haiku-high/django__django-13344,1,reason_sent,pca1,200,0.6798938053795838,-0.21933387366145707
20260217_mini-v2.0.0_claude-4-5-haiku-high/django__django-13344,1,reason_sent,norm,200,8.257613437272232e-08,0.9999969544693162
20260217_mini-v2.0.0_claude-4-5-haiku-high/django__django-13590,0,reason_sent,cos_step,200,0.004415573321158649,
20260217_mini-v2.0.0_claude-4-5-haiku-high/django__django-13590,0,reason_sent,cos_task,200,0.2442686457392152,0.35204515354378674
20260217_mini-v2.0.0_claude-4-5-haiku-high/django__django-13590,0,reason_sent,pca1,200,0.8832523028137477,-0.26884947337045734
20260217_mini-v2.0.0_claude-4-5-haiku-high/django__django-13590,0,reason_sent,norm,200,0.0016764577117828543,0.9999984772277016
20260217_mini-v2.0.0_claude-4-5-haiku-high/django__django-16116,0,reason_sent,cos_step,200,0.01791325849020601,
20260217_mini-v2.0.0_claude-4-5-haiku-high/django__django-16116,0,reason_sent,cos_task,200,0.2766169017481056,0.31837420882887074
20260217_mini-v2.0.0_claude-4-5-haiku-high/django__django-16116,0,reason_sent,pca1,200,0.39460204403451726,-0.1666099427576759
20260217_mini-v2.0.0_claude-4-5-haiku-high/django__django-16116,0,reason_sent,norm,200,0.21032380331686545,0.9999999999999999
20260217_mini-v2.0.0_claude-4-5-haiku-high/matplotlib__matplotlib-20488,0,reason_sent,cos_step,200,0.0018245171011614847,
20260217_mini-v2.0.0_claude-4-5-haiku-high/matplotlib__matplotlib-20488,0,reason_sent,cos_task,200,0.5229722904038492,0.14569014547809928
20260217_mini-v2.0.0_claude-4-5-haiku-high/matplotlib__matplotlib-20488,0,reason_sent,pca1,200,0.7876645259374413,-0.056347776034354466
20260217_mini-v2.0.0_claude-4-5-haiku-high/matplotlib__matplotlib-20488,0,reason_sent,norm,200,0.0009911406853853693,1.0
20260217_mini-v2.0.0_claude-4-5-haiku-high/matplotlib__matplotlib-26291,0,reason_sent,cos_step,200,3.952107826354368e-05,
20260217_mini-v2.0.0_claude-4-5-haiku-high/matplotlib__matplotlib-26291,0,reason_sent,cos_task,200,0.07315625095674115,0.2986468923210228
20260217_mini-v2.0.0_claude-4-5-haiku-high/matplotlib__matplotlib-26291,0,reason_sent,pca1,200,0.3400935877768698,-0.21622084648195514
20260217_mini-v2.0.0_claude-4-5-haiku-high/matplotlib__matplotlib-26291,0,reason_sent,norm,200,2.113316068799773e-05,0.9999939088226896
20260217_mini-v2.0.0_claude-4-5-haiku-high/psf__requests-2317,0,reason_sent,cos_step,200,0.003976172824565674,
20260217_mini-v2.0.0_claude-4-5-haiku-high/psf__requests-2317,0,reason_sent,cos_task,200,0.7545819838217865,0.41072077789404104
20260217_mini-v2.0.0_claude-4-5-haiku-high/psf__requests-2317,0,reason_sent,pca1,200,0.775969897619279,-0.23986718375001148
20260217_mini-v2.0.0_claude-4-5-haiku-high/psf__requests-2317,0,reason_sent,norm,200,0.005513374737809776,0.9999984772300204
20260217_mini-v2.0.0_claude-4-5-haiku-high/pylint-dev__pylint-6386,1,reason_sent,cos_step,200,0.08796839258251864,
20260217_mini-v2.0.0_claude-4-5-haiku-high/pylint-dev__pylint-6386,1,reason_sent,cos_task,200,0.004423947021560491,0.1573298908671847
20260217_mini-v2.0.0_claude-4-5-haiku-high/pylint-dev__pylint-6386,1,reason_sent,pca1,200,0.3369606802750905,-0.20496657719149391
20260217_mini-v2.0.0_claude-4-5-haiku-high/pylint-dev__pylint-6386,1,reason_sent,norm,200,0.1254085542156328,1.0
20260217_mini-v2.0.0_claude-4-5-haiku-high/pytest-dev__pytest-7432,0,reason_sent,cos_step,200,1.4628653703233666e-05,
20260217_mini-v2.0.0_claude-4-5-haiku-high/pytest-dev__pytest-7432,0,reason_sent,cos_task,200,0.42815264133527553,0.289621389252852
20260217_mini-v2.0.0_claude-4-5-haiku-high/pytest-dev__pytest-7432,0,reason_sent,pca1,200,0.8117091388561132,-0.03536896944928538
20260217_mini-v2.0.0_claude-4-5-haiku-high/pytest-dev__pytest-7432,0,reason_sent,norm,200,6.9643411076316855e-06,1.0
20260217_mini-v2.0.0_claude-4-5-haiku-high/pytest-dev__pytest-7490,0,reason_sent,cos_step,200,0.09906639627268347,
20260217_mini-v2.0.0_claude-4-5-haiku-high/pytest-dev__pytest-7490,0,reason_sent,cos_task,200,0.505916846404721,0.20650548075943886
20260217_mini-v2.0.0_claude-4-5-haiku-high/pytest-dev__pytest-7490,0,reason_sent,pca1,200,0.9978862523813407,-0.13645360274326215
20260217_mini-v2.0.0_claude-4-5-haiku-high/pytest-dev__pytest-7490,0,reason_sent,norm,200,0.15611741031474838,0.9999999999999999
20260217_mini-v2.0.0_claude-4-5-haiku-high/scikit-learn__scikit-learn-12973,0,reason_sent,cos_step,200,0.05666878825665475,
20260217_mini-v2.0.0_claude-4-5-haiku-high/scikit-learn__scikit-learn-12973,0,reason_sent,cos_task,200,0.00010195193101302792,0.357245127424087
20260217_mini-v2.0.0_claude-4-5-haiku-high/scikit-learn__scikit-learn-12973,0,reason_sent,pca1,200,0.10939916546679404,-0.18522015248284937
20260217_mini-v2.0.0_claude-4-5-haiku-high/scikit-learn__scikit-learn-12973,0,reason_sent,norm,200,0.05626364315847666,0.9999999999999999
20260217_mini-v2.0.0_claude-4-5-haiku-high/scikit-learn__scikit-learn-25973,0,reason_sent,cos_step,200,0.015828342671304174,
20260217_mini-v2.0.0_claude-4-5-haiku-high/scikit-learn__scikit-learn-25973,0,reason_sent,cos_task,200,0.41374591138172556,0.20214200031458324
20260217_mini-v2.0.0_claude-4-5-haiku-high/scikit-learn__scikit-learn-25973,0,reason_sent,pca1,200,0.4470467415599373,-0.12828779688731937
20260217_mini-v2.0.0_claude-4-5-haiku-high/scikit-learn__scikit-learn-25973,0,reason_sent,norm,200,0.020223787893258984,1.0
20260217_mini-v2.0.0_claude-4-5-haiku-high/sphinx-doc__sphinx-8035,0,reason_sent,cos_step,200,7.7303427821106e-05,
20260217_mini-v2.0.0_claude-4-5-haiku-high/sphinx-doc__sphinx-8035,0,reason_sent,cos_task,200,0.03253972283928506,0.3330275110610917
20260217_mini-v2.0.0_claude-4-5-haiku-high/sphinx-doc__sphinx-8035,0,reason_sent,pca1,200,0.0010840390485237815,-0.159013369128544
20260217_mini-v2.0.0_claude-4-5-haiku-high/sphinx-doc__sphinx-8035,0,reason_sent,norm,200,0.00026447635906345375,1.0
20260217_mini-v2.0.0_claude-4-5-haiku-high/sphinx-doc__sphinx-8265,1,reason_sent,cos_step,200,0.029409470654777357,
20260217_mini-v2.0.0_claude-4-5-haiku-high/sphinx-doc__sphinx-8265,1,reason_sent,cos_task,200,0.015544485156463585,0.1739089716847332
20260217_mini-v2.0.0_claude-4-5-haiku-high/sphinx-doc__sphinx-8265,1,reason_sent,pca1,200,0.4278616189421177,-0.2781756266784101
20260217_mini-v2.0.0_claude-4-5-haiku-high/sphinx-doc__sphinx-8265,1,reason_sent,norm,200,0.04359077889785435,0.9999984772230641
20260217_mini-v2.0.0_claude-4-5-haiku-high/sphinx-doc__sphinx-9258,1,reason_sent,cos_step,200,0.023150298964027233,
20260217_mini-v2.0.0_claude-4-5-haiku-high/sphinx-doc__sphinx-9258,1,reason_sent,cos_task,200,0.014517713830317164,0.28172668739514384
20260217_mini-v2.0.0_claude-4-5-haiku-high/sphinx-doc__sphinx-9258,1,reason_sent,pca1,200,0.3004885486637922,-0.21222276492230982
20260217_mini-v2.0.0_claude-4-5-haiku-high/sphinx-doc__sphinx-9258,1,reason_sent,norm,200,0.04175356027741809,0.99999847723118
20260217_mini-v2.0.0_claude-4-5-haiku-high/sympy__sympy-12481,0,reason_sent,cos_step,200,0.002054682851580967,
20260217_mini-v2.0.0_claude-4-5-haiku-high/sympy__sympy-12481,0,reason_sent,cos_task,200,0.021881724986288504,0.2541897208226228
20260217_mini-v2.0.0_claude-4-5-haiku-high/sympy__sympy-12481,0,reason_sent,pca1,200,0.39124471214975554,-0.1876734534143899
20260217_mini-v2.0.0_claude-4-5-haiku-high/sympy__sympy-12481,0,reason_sent,norm,200,0.003750298477316625,1.0
20260217_mini-v2.0.0_claude-4-5-haiku-high/sympy__sympy-13798,1,reason_sent,cos_step,200,0.009394212037336536,
20260217_mini-v2.0.0_claude-4-5-haiku-high/sympy__sympy-13798,1,reason_sent,cos_task,200,0.01078857208992029,0.2847229070164465
20260217_mini-v2.0.0_claude-4-5-haiku-high/sympy__sympy-13798,1,reason_sent,pca1,200,0.7462113329848474,-0.25879325150185406
20260217_mini-v2.0.0_claude-4-5-haiku-high/sympy__sympy-13798,1,reason_sent,norm,200,0.025652704519625827,0.9999984771697287
20260217_mini-v2.0.0_claude-4-5-haiku-high/sympy__sympy-16766,0,reason_sent,cos_step,200,6.600566646414761e-05,
20260217_mini-v2.0.0_claude-4-5-haiku-high/sympy__sympy-16766,0,reason_sent,cos_task,200,0.9085679040514834,0.40170204150882494
20260217_mini-v2.0.0_claude-4-5-haiku-high/sympy__sympy-16766,0,reason_sent,pca1,200,0.7166496211373368,-0.399588385279301
20260217_mini-v2.0.0_claude-4-5-haiku-high/sympy__sympy-16766,0,reason_sent,norm,200,0.00017442833324968462,1.0
20260217_mini-v2.0.0_claude-4-5-haiku-high/sympy__sympy-18211,0,reason_sent,cos_step,200,0.02873542835755574,
20260217_mini-v2.0.0_claude-4-5-haiku-high/sympy__sympy-18211,0,reason_sent,cos_task,200,0.012799517900768267,0.26701980689740834
20260217_mini-v2.0.0_claude-4-5-haiku-high/sympy__sympy-18211,0,reason_sent,pca1,200,0.9671759258765004,-0.2823712776899977
20260217_mini-v2.0.0_claude-4-5-haiku-high/sympy__sympy-18211,0,reason_sent,norm,200,0.10630867875156878,0.9999984772195856
20250726_mini-v1.0.0_gemini-2.5-pro/django__django-11292,0,all_sent,cos_step,200,2.134992632755112e-08,
20250726_mini-v1.0.0_gemini-2.5-pro/django__django-11292,0,all_sent,cos_task,200,2.8025082172588565e-05,0.28287159722401933
20250726_mini-v1.0.0_gemini-2.5-pro/django__django-11292,0,all_sent,pca1,200,4.20536331433725e-05,-0.2991104348314662
20250726_mini-v1.0.0_gemini-2.5-pro/django__django-11292,0,all_sent,norm,200,4.790354858917433e-09,0.9999999999999999
20250726_mini-v1.0.0_gemini-2.5-pro/django__django-12419,0,all_sent,cos_step,200,3.6885544860800457e-09,
20250726_mini-v1.0.0_gemini-2.5-pro/django__django-12419,0,all_sent,cos_task,200,0.2318159720513708,0.2617638045308281
20250726_mini-v1.0.0_gemini-2.5-pro/django__django-12419,0,all_sent,pca1,200,0.32111300774310103,-0.32566598078262665
20250726_mini-v1.0.0_gemini-2.5-pro/django__django-12419,0,all_sent,norm,200,3.3059655299917737e-09,0.9999984772219047
20250726_mini-v1.0.0_gemini-2.5-pro/django__django-13658,0,all_sent,cos_step,200,7.89740413410052e-05,
20250726_mini-v1.0.0_gemini-2.5-pro/django__django-13658,0,all_sent,cos_task,200,0.01342037643485271,0.24222272320055857
20250726_mini-v1.0.0_gemini-2.5-pro/django__django-13658,0,all_sent,pca1,200,0.1381157890179833,-0.27908916688051555
20250726_mini-v1.0.0_gemini-2.5-pro/django__django-13658,0,all_sent,norm,200,1.946651074699102e-05,0.9999954314291785
20250726_mini-v1.0.0_gemini-2.5-pro/django__django-13925,1,all_sent,cos_step,200,0.007844726023131006,
20250726_mini-v1.0.0_gemini-2.5-pro/django__django-13925,1,all_sent,cos_task,200,0.07745791546538221,0.3733700119125854
20250726_mini-v1.0.0_gemini-2.5-pro/django__django-13925,1,all_sent,pca1,200,0.6718412997090941,-0.40731114827602366
20250726_mini-v1.0.0_gemini-2.5-pro/django__django-13925,1,all_sent,norm,200,0.01887457496607255,0.9999984772277016
20250726_mini-v1.0.0_gemini-2.5-pro/django__django-13964,1,all_sent,cos_step,200,0.0017647650035206627,
20250726_mini-v1.0.0_gemini-2.5-pro/django__django-13964,1,all_sent,cos_task,200,1.089172163149654e-08,0.22938487642815886
20250726_mini-v1.0.0_gemini-2.5-pro/django__django-13964,1,all_sent,pca1,200,0.0009292564350189643,-0.29960183084447395
20250726_mini-v1.0.0_gemini-2.5-pro/django__django-13964,1,all_sent,norm,200,0.0011730447182152306,0.9999893405939116
20250726_mini-v1.0.0_gemini-2.5-pro/django__django-14725,1,all_sent,cos_step,200,0.0013973350956063705,
20250726_mini-v1.0.0_gemini-2.5-pro/django__django-14725,1,all_sent,cos_task,200,3.2766599724613665e-06,0.25011573016598143
20250726_mini-v1.0.0_gemini-2.5-pro/django__django-14725,1,all_sent,pca1,200,0.001798627209143841,-0.22048271661336988
20250726_mini-v1.0.0_gemini-2.5-pro/django__django-14725,1,all_sent,norm,200,0.005565611331222763,1.0
20250726_mini-v1.0.0_gemini-2.5-pro/matplotlib__matplotlib-23412,0,all_sent,cos_step,200,5.024708366270566e-12,
20250726_mini-v1.0.0_gemini-2.5-pro/matplotlib__matplotlib-23412,0,all_sent,cos_task,200,8.164453334952402e-05,0.2912679979234248
20250726_mini-v1.0.0_gemini-2.5-pro/matplotlib__matplotlib-23412,0,all_sent,pca1,200,0.17201920711263763,-0.17695696186440063
20250726_mini-v1.0.0_gemini-2.5-pro/matplotlib__matplotlib-23412,0,all_sent,norm,200,4.1248798262305593e-11,1.0
20250726_mini-v1.0.0_gemini-2.5-pro/matplotlib__matplotlib-24026,0,all_sent,cos_step,200,0.0026035230095331242,
20250726_mini-v1.0.0_gemini-2.5-pro/matplotlib__matplotlib-24026,0,all_sent,cos_task,200,0.005867362837180392,0.40588664813033176
20250726_mini-v1.0.0_gemini-2.5-pro/matplotlib__matplotlib-24026,0,all_sent,pca1,200,0.0004402541978813972,-0.25319652592411485
20250726_mini-v1.0.0_gemini-2.5-pro/matplotlib__matplotlib-24026,0,all_sent,norm,200,0.0007386032403976548,0.9999908633662099
20250726_mini-v1.0.0_gemini-2.5-pro/matplotlib__matplotlib-25479,1,all_sent,cos_step,200,0.002802869771731988,
20250726_mini-v1.0.0_gemini-2.5-pro/matplotlib__matplotlib-25479,1,all_sent,cos_task,200,0.4778344982594387,0.33948063586499194
20250726_mini-v1.0.0_gemini-2.5-pro/matplotlib__matplotlib-25479,1,all_sent,pca1,200,0.4481413076912485,-0.18509137962802735
20250726_mini-v1.0.0_gemini-2.5-pro/matplotlib__matplotlib-25479,1,all_sent,norm,200,0.006416335972243048,1.0
20250726_mini-v1.0.0_gemini-2.5-pro/pydata__xarray-3677,0,all_sent,cos_step,200,1.4159207746153017e-06,
20250726_mini-v1.0.0_gemini-2.5-pro/pydata__xarray-3677,0,all_sent,cos_task,200,0.0009574605515741595,0.4315247366766016
20250726_mini-v1.0.0_gemini-2.5-pro/pydata__xarray-3677,0,all_sent,pca1,200,0.4180439410382023,-0.3637689832618512
20250726_mini-v1.0.0_gemini-2.5-pro/pydata__xarray-3677,0,all_sent,norm,200,3.5811944158800637e-06,1.0
20250726_mini-v1.0.0_gemini-2.5-pro/pydata__xarray-7229,1,all_sent,cos_step,200,8.000004734385367e-09,
20250726_mini-v1.0.0_gemini-2.5-pro/pydata__xarray-7229,1,all_sent,cos_task,200,0.02389555211820847,0.20609397318121406
20250726_mini-v1.0.0_gemini-2.5-pro/pydata__xarray-7229,1,all_sent,pca1,200,0.07527748917093349,-0.24496267690808637
20250726_mini-v1.0.0_gemini-2.5-pro/pydata__xarray-7229,1,all_sent,norm,200,7.354019016797002e-10,0.9999984772323394
20250726_mini-v1.0.0_gemini-2.5-pro/scikit-learn__scikit-learn-13124,0,all_sent,cos_step,200,0.00023310185019411814,
20250726_mini-v1.0.0_gemini-2.5-pro/scikit-learn__scikit-learn-13124,0,all_sent,cos_task,200,8.561089171859875e-06,0.331177330065816
20250726_mini-v1.0.0_gemini-2.5-pro/scikit-learn__scikit-learn-13124,0,all_sent,pca1,200,0.003363797988909565,-0.2218021040273057
20250726_mini-v1.0.0_gemini-2.5-pro/scikit-learn__scikit-learn-13124,0,all_sent,norm,200,0.0005461153702447618,0.9999954316761485
20250726_mini-v1.0.0_gemini-2.5-pro/sphinx-doc__sphinx-11445,0,all_sent,cos_step,200,4.674853842442981e-08,
20250726_mini-v1.0.0_gemini-2.5-pro/sphinx-doc__sphinx-11445,0,all_sent,cos_task,200,1.8443459939374644e-07,0.38244903402169156
20250726_mini-v1.0.0_gemini-2.5-pro/sphinx-doc__sphinx-11445,0,all_sent,pca1,200,1.1801129948876279e-08,-0.4175707623973256
20250726_mini-v1.0.0_gemini-2.5-pro/sphinx-doc__sphinx-11445,0,all_sent,norm,200,2.8465787654137244e-08,1.0
20250726_mini-v1.0.0_gemini-2.5-pro/sphinx-doc__sphinx-11510,1,all_sent,cos_step,200,0.14265436189889952,
20250726_mini-v1.0.0_gemini-2.5-pro/sphinx-doc__sphinx-11510,1,all_sent,cos_task,200,0.8332858515073628,0.10849680617424277
20250726_mini-v1.0.0_gemini-2.5-pro/sphinx-doc__sphinx-11510,1,all_sent,pca1,200,0.23431847351916452,-0.21989221052184357
20250726_mini-v1.0.0_gemini-2.5-pro/sphinx-doc__sphinx-11510,1,all_sent,norm,200,0.3042278277662871,0.9999999999999999
20250822_mini-v1.9.1_glm-4.5/astropy__astropy-14508,0,all_sent,cos_step,200,0.007324777327790041,
20250822_mini-v1.9.1_glm-4.5/astropy__astropy-14508,0,all_sent,cos_task,200,0.5768828172410199,0.0014074263276344018
20250822_mini-v1.9.1_glm-4.5/astropy__astropy-14508,0,all_sent,pca1,200,0.0026684180070580695,-0.14734413244305872
20250822_mini-v1.9.1_glm-4.5/astropy__astropy-14508,0,all_sent,norm,200,0.007121536108122391,1.0
20250822_mini-v1.9.1_glm-4.5/django__django-11095,0,all_sent,cos_step,200,0.30130226663133003,
20250822_mini-v1.9.1_glm-4.5/django__django-11095,0,all_sent,cos_task,200,2.6909410775294846e-08,0.03051906889489251
20250822_mini-v1.9.1_glm-4.5/django__django-11095,0,all_sent,pca1,200,0.060476551909065,-0.042546370692081226
20250822_mini-v1.9.1_glm-4.5/django__django-11095,0,all_sent,norm,200,0.1367737185124788,0.9998401045259556
20250822_mini-v1.9.1_glm-4.5/django__django-11133,0,all_sent,cos_step,200,0.0001569197930675677,
20250822_mini-v1.9.1_glm-4.5/django__django-11133,0,all_sent,cos_task,200,1.0513030125632086e-06,0.07085126148875649
20250822_mini-v1.9.1_glm-4.5/django__django-11133,0,all_sent,pca1,200,0.005407019653287512,-0.01610986374726345
20250822_mini-v1.9.1_glm-4.5/django__django-11133,0,all_sent,norm,200,5.05780323014507e-06,0.9999984770386933
20250822_mini-v1.9.1_glm-4.5/django__django-11265,1,all_sent,cos_step,200,0.07453796960040529,
20250822_mini-v1.9.1_glm-4.5/django__django-11265,1,all_sent,cos_task,200,0.005394953433142347,0.11595538222129428
20250822_mini-v1.9.1_glm-4.5/django__django-11265,1,all_sent,pca1,200,0.008309059308002437,-0.12078298576789208
20250822_mini-v1.9.1_glm-4.5/django__django-11265,1,all_sent,norm,200,0.0057451710112608,0.9997593968474895
20250822_mini-v1.9.1_glm-4.5/django__django-12193,1,all_sent,cos_step,200,0.26985220072160415,
20250822_mini-v1.9.1_glm-4.5/django__django-12193,1,all_sent,cos_task,200,0.0008115467018973282,0.2559639243101605
20250822_mini-v1.9.1_glm-4.5/django__django-12193,1,all_sent,pca1,200,2.4083088339218276e-07,-0.11105230107580129
20250822_mini-v1.9.1_glm-4.5/django__django-12193,1,all_sent,norm,200,0.13381164512285335,1.0
20250822_mini-v1.9.1_glm-4.5/django__django-12273,1,all_sent,cos_step,200,0.00021767095664893034,
20250822_mini-v1.9.1_glm-4.5/django__django-12273,1,all_sent,cos_task,200,1.2268125371840376e-05,-0.1626033225157119
20250822_mini-v1.9.1_glm-4.5/django__django-12273,1,all_sent,pca1,200,0.006347654612715551,-0.08493219229422676
20250822_mini-v1.9.1_glm-4.5/django__django-12273,1,all_sent,norm,200,0.00020812476839487606,0.999936043125207
20250822_mini-v1.9.1_glm-4.5/django__django-13401,0,all_sent,cos_step,200,0.008991799855928047,
20250822_mini-v1.9.1_glm-4.5/django__django-13401,0,all_sent,cos_task,200,1.3275267382838053e-08,-0.2700462718065184
20250822_mini-v1.9.1_glm-4.5/django__django-13401,0,all_sent,pca1,200,1.1277667787481237e-05,-0.01950155216051597
20250822_mini-v1.9.1_glm-4.5/django__django-13401,0,all_sent,norm,200,0.0064219279406783,0.9999345190960589
20250822_mini-v1.9.1_glm-4.5/django__django-13925,1,all_sent,cos_step,200,0.5646599301344408,
20250822_mini-v1.9.1_glm-4.5/django__django-13925,1,all_sent,cos_task,200,0.0001130353108119823,0.2733084699977357
20250822_mini-v1.9.1_glm-4.5/django__django-13925,1,all_sent,pca1,200,0.001635728754903898,-0.2093463841319407
20250822_mini-v1.9.1_glm-4.5/django__django-13925,1,all_sent,norm,200,0.37418216890740286,0.9999558387627544
20250822_mini-v1.9.1_glm-4.5/django__django-13933,0,all_sent,cos_step,200,0.12258418041410912,
20250822_mini-v1.9.1_glm-4.5/django__django-13933,0,all_sent,cos_task,200,2.7726956758930154e-05,-0.0015414722182190725
20250822_mini-v1.9.1_glm-4.5/django__django-13933,0,all_sent,pca1,200,0.5875163980513017,0.06278452901459679
20250822_mini-v1.9.1_glm-4.5/django__django-13933,0,all_sent,norm,200,0.08619280362324702,0.9992202746856542
20250822_mini-v1.9.1_glm-4.5/django__django-14311,0,all_sent,cos_step,200,2.2951076584880702e-07,
20250822_mini-v1.9.1_glm-4.5/django__django-14311,0,all_sent,cos_task,200,0.24987348407577148,0.03351647347712166
20250822_mini-v1.9.1_glm-4.5/django__django-14311,0,all_sent,pca1,200,0.7997959937998624,0.15613255529680878
20250822_mini-v1.9.1_glm-4.5/django__django-14311,0,all_sent,norm,200,1.8756594083528295e-06,0.9999999999999999
20250822_mini-v1.9.1_glm-4.5/django__django-15022,0,all_sent,cos_step,200,0.013915464362513133,
20250822_mini-v1.9.1_glm-4.5/django__django-15022,0,all_sent,cos_task,200,0.07815565355433957,-0.03661277407907596
20250822_mini-v1.9.1_glm-4.5/django__django-15022,0,all_sent,pca1,200,0.0018160589753171755,-0.0026240093897195575
20250822_mini-v1.9.1_glm-4.5/django__django-15022,0,all_sent,norm,200,0.0026820384729791336,0.9997746243803122
20250822_mini-v1.9.1_glm-4.5/django__django-15554,1,all_sent,cos_step,200,0.08910754321798621,
20250822_mini-v1.9.1_glm-4.5/django__django-15554,1,all_sent,cos_task,200,7.381924029326165e-10,-0.00761500719746482
20250822_mini-v1.9.1_glm-4.5/django__django-15554,1,all_sent,pca1,200,0.05550298526100339,0.0452794711252277
20250822_mini-v1.9.1_glm-4.5/django__django-15554,1,all_sent,norm,200,0.04471163479373782,0.9999999999999999
20250822_mini-v1.9.1_glm-4.5/django__django-15563,1,all_sent,cos_step,200,0.026504322157319113,
20250822_mini-v1.9.1_glm-4.5/django__django-15563,1,all_sent,cos_task,200,0.3035960457041675,-0.13073826074949915
20250822_mini-v1.9.1_glm-4.5/django__django-15563,1,all_sent,pca1,200,0.22542269076909915,0.09449138144834654
20250822_mini-v1.9.1_glm-4.5/django__django-15563,1,all_sent,norm,200,0.010364428519660069,0.999968020345152
20250822_mini-v1.9.1_glm-4.5/django__django-16032,1,all_sent,cos_step,200,0.22264771558698623,
20250822_mini-v1.9.1_glm-4.5/django__django-16032,1,all_sent,cos_task,200,0.0004935189381166425,-0.07153869983404619
20250822_mini-v1.9.1_glm-4.5/django__django-16032,1,all_sent,pca1,200,0.00034138472753664245,-0.02373098380328
20250822_mini-v1.9.1_glm-4.5/django__django-16032,1,all_sent,norm,200,0.13156772277319145,0.9998279205724001
20250822_mini-v1.9.1_glm-4.5/django__django-16145,0,all_sent,cos_step,200,0.0007331776734256308,
20250822_mini-v1.9.1_glm-4.5/django__django-16145,0,all_sent,cos_task,200,0.5819563481390522,0.16849379816301951
20250822_mini-v1.9.1_glm-4.5/django__django-16145,0,all_sent,pca1,200,0.02880430074097267,-0.02852494833238299
20250822_mini-v1.9.1_glm-4.5/django__django-16145,0,all_sent,norm,200,0.0011149066597259457,0.9999406112020978
20250822_mini-v1.9.1_glm-4.5/django__django-7530,0,all_sent,cos_step,200,1.998492010057426e-09,
20250822_mini-v1.9.1_glm-4.5/django__django-7530,0,all_sent,cos_task,200,8.275912893407986e-07,0.2816774648951072
20250822_mini-v1.9.1_glm-4.5/django__django-7530,0,all_sent,pca1,200,7.467897332015383e-07,-0.45234940739766055
20250822_mini-v1.9.1_glm-4.5/django__django-7530,0,all_sent,norm,200,4.475831545667121e-15,0.9999569806508828
20250822_mini-v1.9.1_glm-4.5/matplotlib__matplotlib-25775,0,all_sent,cos_step,200,4.535067764837139e-09,
20250822_mini-v1.9.1_glm-4.5/matplotlib__matplotlib-25775,0,all_sent,cos_task,200,4.4443503688920315e-10,0.14019387863094154
20250822_mini-v1.9.1_glm-4.5/matplotlib__matplotlib-25775,0,all_sent,pca1,200,3.5371863524705167e-09,-0.22338641951151172
20250822_mini-v1.9.1_glm-4.5/matplotlib__matplotlib-25775,0,all_sent,norm,200,2.450421302282035e-10,0.9999999999999999
20250929_mini-v1.13.3_sonnet-4-5-20250929/django__django-10914,0,all_sent,cos_step,200,3.458550099039399e-18,
20250929_mini-v1.13.3_sonnet-4-5-20250929/django__django-10914,0,all_sent,cos_task,200,7.75856937308516e-07,0.4598014063830837
20250929_mini-v1.13.3_sonnet-4-5-20250929/django__django-10914,0,all_sent,pca1,200,0.3638841173531079,-0.36563408079227966
20250929_mini-v1.13.3_sonnet-4-5-20250929/django__django-10914,0,all_sent,norm,200,1.128510732676316e-19,0.9999969544623599
20250929_mini-v1.13.3_sonnet-4-5-20250929/django__django-11555,0,all_sent,cos_step,200,1.2382970427625709e-09,
20250929_mini-v1.13.3_sonnet-4-5-20250929/django__django-11555,0,all_sent,cos_task,200,0.0004809687772223858,0.19569039227488083
20250929_mini-v1.13.3_sonnet-4-5-20250929/django__django-11555,0,all_sent,pca1,200,0.002517523123635339,-0.3110711128677398
20250929_mini-v1.13.3_sonnet-4-5-20250929/django__django-11555,0,all_sent,norm,200,4.9014699174278365e-09,1.0
20250929_mini-v1.13.3_sonnet-4-5-20250929/django__django-12039,0,all_sent,cos_step,200,6.323294781665798e-05,
20250929_mini-v1.13.3_sonnet-4-5-20250929/django__django-12039,0,all_sent,cos_task,200,0.0015094885323676621,0.23586312810287038
20250929_mini-v1.13.3_sonnet-4-5-20250929/django__django-12039,0,all_sent,pca1,200,1.73225280689736e-06,-0.35692536932632146
20250929_mini-v1.13.3_sonnet-4-5-20250929/django__django-12039,0,all_sent,norm,200,2.976802390562754e-05,0.9999984772161076
20250929_mini-v1.13.3_sonnet-4-5-20250929/django__django-12193,0,all_sent,cos_step,200,4.318041785427124e-10,
20250929_mini-v1.13.3_sonnet-4-5-20250929/django__django-12193,0,all_sent,cos_task,200,0.016675989173611162,0.146863111544482
20250929_mini-v1.13.3_sonnet-4-5-20250929/django__django-12193,0,all_sent,pca1,200,0.021301393763850356,-0.14178004149481063
20250929_mini-v1.13.3_sonnet-4-5-20250929/django__django-12193,0,all_sent,norm,200,1.649134366688652e-12,1.0
20250929_mini-v1.13.3_sonnet-4-5-20250929/django__django-13128,0,all_sent,cos_step,200,1.8991753744835283e-10,
20250929_mini-v1.13.3_sonnet-4-5-20250929/django__django-13128,0,all_sent,cos_task,200,0.0011462694478386807,0.10325540740751812
20250929_mini-v1.13.3_sonnet-4-5-20250929/django__django-13128,0,all_sent,pca1,200,0.31360044759586425,-0.08942243852687312
20250929_mini-v1.13.3_sonnet-4-5-20250929/django__django-13128,0,all_sent,norm,200,5.5058814752176045e-11,0.9999969544507656
20250929_mini-v1.13.3_sonnet-4-5-20250929/django__django-14122,0,all_sent,cos_step,200,4.003248247505318e-06,
20250929_mini-v1.13.3_sonnet-4-5-20250929/django__django-14122,0,all_sent,cos_task,200,1.057471211611782e-05,0.1592708240604393
20250929_mini-v1.13.3_sonnet-4-5-20250929/django__django-14122,0,all_sent,pca1,200,0.00010542461660670501,-0.24639002021018194
20250929_mini-v1.13.3_sonnet-4-5-20250929/django__django-14122,0,all_sent,norm,200,1.5885558927380305e-05,1.0
20250929_mini-v1.13.3_sonnet-4-5-20250929/django__django-15563,0,all_sent,cos_step,200,5.935485125670927e-08,
20250929_mini-v1.13.3_sonnet-4-5-20250929/django__django-15563,0,all_sent,cos_task,200,6.12803501552672e-06,0.0673125241742856
20250929_mini-v1.13.3_sonnet-4-5-20250929/django__django-15563,0,all_sent,pca1,200,0.7138075381519203,-0.09813186578960019
20250929_mini-v1.13.3_sonnet-4-5-20250929/django__django-15563,0,all_sent,norm,200,1.8160022511299608e-06,1.0
20250929_mini-v1.13.3_sonnet-4-5-20250929/django__django-15629,1,all_sent,cos_step,200,2.7243834485601073e-15,
20250929_mini-v1.13.3_sonnet-4-5-20250929/django__django-15629,1,all_sent,cos_task,200,0.085401682750231,0.19844350125835736
20250929_mini-v1.13.3_sonnet-4-5-20250929/django__django-15629,1,all_sent,pca1,200,1.4996596836277338e-08,-0.4658798770981257
20250929_mini-v1.13.3_sonnet-4-5-20250929/django__django-15629,1,all_sent,norm,200,1.5528373760710953e-17,0.9999988579244717
20250929_mini-v1.13.3_sonnet-4-5-20250929/django__django-16263,1,all_sent,cos_step,200,0.0001426810475669333,
20250929_mini-v1.13.3_sonnet-4-5-20250929/django__django-16263,1,all_sent,cos_task,200,0.01478355119360195,0.27606341568387094
20250929_mini-v1.13.3_sonnet-4-5-20250929/django__django-16263,1,all_sent,pca1,200,0.005305233515176782,-0.13384447587293144
20250929_mini-v1.13.3_sonnet-4-5-20250929/django__django-16263,1,all_sent,norm,200,0.0001462679842262819,1.0
20250929_mini-v1.13.3_sonnet-4-5-20250929/django__django-16560,1,all_sent,cos_step,200,4.597187910266322e-08,
20250929_mini-v1.13.3_sonnet-4-5-20250929/django__django-16560,1,all_sent,cos_task,200,0.00026407634774043375,0.15752922446567305
20250929_mini-v1.13.3_sonnet-4-5-20250929/django__django-16560,1,all_sent,pca1,200,0.003772531261122189,-0.3633434320565944
20250929_mini-v1.13.3_sonnet-4-5-20250929/django__django-16560,1,all_sent,norm,200,1.5221456781302117e-07,1.0
20250929_mini-v1.13.3_sonnet-4-5-20250929/matplotlib__matplotlib-24177,1,all_sent,cos_step,200,2.4338348899776024e-05,
20250929_mini-v1.13.3_sonnet-4-5-20250929/matplotlib__matplotlib-24177,1,all_sent,cos_task,200,0.0005175308264131332,0.062100891201971056
20250929_mini-v1.13.3_sonnet-4-5-20250929/matplotlib__matplotlib-24177,1,all_sent,pca1,200,0.0001789643670138383,-0.22649317227549673
20250929_mini-v1.13.3_sonnet-4-5-20250929/matplotlib__matplotlib-24177,1,all_sent,norm,200,5.1015226525521314e-05,1.0
20250929_mini-v1.13.3_sonnet-4-5-20250929/psf__requests-1724,1,all_sent,cos_step,200,2.816770292402216e-09,
20250929_mini-v1.13.3_sonnet-4-5-20250929/psf__requests-1724,1,all_sent,cos_task,200,0.15136647356824162,0.22894224707723135
20250929_mini-v1.13.3_sonnet-4-5-20250929/psf__requests-1724,1,all_sent,pca1,200,0.2388905378444498,-0.06552823689665382
20250929_mini-v1.13.3_sonnet-4-5-20250929/psf__requests-1724,1,all_sent,norm,200,6.074497072810553e-09,1.0
20250929_mini-v1.13.3_sonnet-4-5-20250929/scikit-learn__scikit-learn-10844,0,all_sent,cos_step,200,0.0007244838591172226,
20250929_mini-v1.13.3_sonnet-4-5-20250929/scikit-learn__scikit-learn-10844,0,all_sent,cos_task,200,0.20923161107910723,0.2356280990580636
20250929_mini-v1.13.3_sonnet-4-5-20250929/scikit-learn__scikit-learn-10844,0,all_sent,pca1,200,0.013857779000720247,-0.276656028350298
20250929_mini-v1.13.3_sonnet-4-5-20250929/scikit-learn__scikit-learn-10844,0,all_sent,norm,200,0.001307729074196531,0.9999999999999999
20250929_mini-v1.13.3_sonnet-4-5-20250929/sphinx-doc__sphinx-8056,1,all_sent,cos_step,200,7.343289790962203e-10,
20250929_mini-v1.13.3_sonnet-4-5-20250929/sphinx-doc__sphinx-8056,1,all_sent,cos_task,200,0.2148007562567917,0.15431985497280598
20250929_mini-v1.13.3_sonnet-4-5-20250929/sphinx-doc__sphinx-8056,1,all_sent,pca1,200,0.18142336924647828,-0.08675495226594582
20250929_mini-v1.13.3_sonnet-4-5-20250929/sphinx-doc__sphinx-8056,1,all_sent,norm,200,1.4004134861325117e-08,0.9999999999999999
20250929_mini-v1.13.3_sonnet-4-5-20250929/sphinx-doc__sphinx-8621,0,all_sent,cos_step,200,0.000747526308595698,
20250929_mini-v1.13.3_sonnet-4-5-20250929/sphinx-doc__sphinx-8621,0,all_sent,cos_task,200,8.188229456335077e-09,0.2004788939903627
20250929_mini-v1.13.3_sonnet-4-5-20250929/sphinx-doc__sphinx-8621,0,all_sent,pca1,200,3.642261603973668e-07,-0.350735723468653
20250929_mini-v1.13.3_sonnet-4-5-20250929/sphinx-doc__sphinx-8621,0,all_sent,norm,200,0.0008265350781429057,0.999876336916255
20250929_mini-v1.13.3_sonnet-4-5-20250929/sympy__sympy-20428,1,all_sent,cos_step,200,1.7297061220052047e-06,
20250929_mini-v1.13.3_sonnet-4-5-20250929/sympy__sympy-20428,1,all_sent,cos_task,200,0.004214061507950235,0.15060506306473243
20250929_mini-v1.13.3_sonnet-4-5-20250929/sympy__sympy-20428,1,all_sent,pca1,200,0.47274070653088696,-0.09195923024539404
20250929_mini-v1.13.3_sonnet-4-5-20250929/sympy__sympy-20428,1,all_sent,norm,200,2.0588695457350654e-07,0.9999984772172668
20250929_mini-v1.13.3_sonnet-4-5-20250929/sympy__sympy-24443,0,all_sent,cos_step,200,0.0006391610051604105,
20250929_mini-v1.13.3_sonnet-4-5-20250929/sympy__sympy-24443,0,all_sent,cos_task,200,0.6400619700961618,0.109828787988083
20250929_mini-v1.13.3_sonnet-4-5-20250929/sympy__sympy-24443,0,all_sent,pca1,200,0.107230816044117,-0.1680940998303529
20250929_mini-v1.13.3_sonnet-4-5-20250929/sympy__sympy-24443,0,all_sent,norm,200,0.00016404478420506424,1.0
20251118_mini-v1.15.0_gemini-3-pro-preview-20251118/astropy__astropy-12907,0,all_sent,cos_step,200,0.00902443499584036,
20251118_mini-v1.15.0_gemini-3-pro-preview-20251118/astropy__astropy-12907,0,all_sent,cos_task,200,8.604673751313564e-14,0.09518088205205712
20251118_mini-v1.15.0_gemini-3-pro-preview-20251118/astropy__astropy-12907,0,all_sent,pca1,200,0.0012556822953751576,-0.027601229953596325
20251118_mini-v1.15.0_gemini-3-pro-preview-20251118/astropy__astropy-12907,0,all_sent,norm,200,0.00041018793288774487,1.0
20251118_mini-v1.15.0_gemini-3-pro-preview-20251118/astropy__astropy-14182,1,all_sent,cos_step,200,0.00042068313407003864,
20251118_mini-v1.15.0_gemini-3-pro-preview-20251118/astropy__astropy-14182,1,all_sent,cos_task,200,0.0071833521975673805,0.194262132824429
20251118_mini-v1.15.0_gemini-3-pro-preview-20251118/astropy__astropy-14182,1,all_sent,pca1,200,0.0351747007817524,-0.02617978041481213
20251118_mini-v1.15.0_gemini-3-pro-preview-20251118/astropy__astropy-14182,1,all_sent,norm,200,0.0004907765571649229,0.9999954316726701
20251118_mini-v1.15.0_gemini-3-pro-preview-20251118/django__django-12304,0,all_sent,cos_step,200,0.0298805780556435,
20251118_mini-v1.15.0_gemini-3-pro-preview-20251118/django__django-12304,0,all_sent,cos_task,200,0.00019612438797301555,0.3179854609274094
20251118_mini-v1.15.0_gemini-3-pro-preview-20251118/django__django-12304,0,all_sent,pca1,200,0.002352222166400978,-0.2895209017123436
20251118_mini-v1.15.0_gemini-3-pro-preview-20251118/django__django-12304,0,all_sent,norm,200,0.07631151588307926,0.9999984772079914
20251118_mini-v1.15.0_gemini-3-pro-preview-20251118/django__django-13158,0,all_sent,cos_step,200,2.1483713860219734e-05,
20251118_mini-v1.15.0_gemini-3-pro-preview-20251118/django__django-13158,0,all_sent,cos_task,200,7.156455437016019e-09,0.25390040574893363
20251118_mini-v1.15.0_gemini-3-pro-preview-20251118/django__django-13158,0,all_sent,pca1,200,0.10221687306866584,-0.23337792535622437
20251118_mini-v1.15.0_gemini-3-pro-preview-20251118/django__django-13158,0,all_sent,norm,200,2.7697962605672352e-06,0.9999954316935398
20251118_mini-v1.15.0_gemini-3-pro-preview-20251118/django__django-13195,1,all_sent,cos_step,200,0.003569481998597468,
20251118_mini-v1.15.0_gemini-3-pro-preview-20251118/django__django-13195,1,all_sent,cos_task,200,0.00017482056073948442,0.22119711812279336
20251118_mini-v1.15.0_gemini-3-pro-preview-20251118/django__django-13195,1,all_sent,pca1,200,0.001994315355865556,-0.2646002151427847
20251118_mini-v1.15.0_gemini-3-pro-preview-20251118/django__django-13195,1,all_sent,norm,200,0.0011041946391493452,1.0
20251118_mini-v1.15.0_gemini-3-pro-preview-20251118/django__django-13343,0,all_sent,cos_step,200,4.671552702381403e-06,
20251118_mini-v1.15.0_gemini-3-pro-preview-20251118/django__django-13343,0,all_sent,cos_task,200,7.315240216540428e-16,0.2819901749125612
20251118_mini-v1.15.0_gemini-3-pro-preview-20251118/django__django-13343,0,all_sent,pca1,200,4.6863766021693173e-07,0.09703115339889236
20251118_mini-v1.15.0_gemini-3-pro-preview-20251118/django__django-13343,0,all_sent,norm,200,1.188781779103163e-05,0.9999954316309306
20251118_mini-v1.15.0_gemini-3-pro-preview-20251118/django__django-13516,0,all_sent,cos_step,200,1.17697081410008e-05,
20251118_mini-v1.15.0_gemini-3-pro-preview-20251118/django__django-13516,0,all_sent,cos_task,200,0.13019478115777944,0.03856012456637592
20251118_mini-v1.15.0_gemini-3-pro-preview-20251118/django__django-13516,0,all_sent,pca1,200,0.02291053122732708,-0.1303220132894328
20251118_mini-v1.15.0_gemini-3-pro-preview-20251118/django__django-13516,0,all_sent,norm,200,4.588746010368265e-06,0.9999954316726701
20251118_mini-v1.15.0_gemini-3-pro-preview-20251118/django__django-13807,0,all_sent,cos_step,200,0.012358417707622575,
20251118_mini-v1.15.0_gemini-3-pro-preview-20251118/django__django-13807,0,all_sent,cos_task,200,0.005519218362118985,0.2553392207368545
20251118_mini-v1.15.0_gemini-3-pro-preview-20251118/django__django-13807,0,all_sent,pca1,200,0.35193459604096855,-0.23375505998347867
20251118_mini-v1.15.0_gemini-3-pro-preview-20251118/django__django-13807,0,all_sent,norm,200,0.02373082552643057,1.0
20251118_mini-v1.15.0_gemini-3-pro-preview-20251118/django__django-14155,1,all_sent,cos_step,200,0.04337941468736141,
20251118_mini-v1.15.0_gemini-3-pro-preview-20251118/django__django-14155,1,all_sent,cos_task,200,0.02556059721050846,0.19181250840024675
20251118_mini-v1.15.0_gemini-3-pro-preview-20251118/django__django-14155,1,all_sent,pca1,200,0.08035970492805754,-0.18801924650335755
20251118_mini-v1.15.0_gemini-3-pro-preview-20251118/django__django-14155,1,all_sent,norm,200,0.04427203557689978,1.0
20251118_mini-v1.15.0_gemini-3-pro-preview-20251118/django__django-14311,0,all_sent,cos_step,200,0.00047823853821466405,
20251118_mini-v1.15.0_gemini-3-pro-preview-20251118/django__django-14311,0,all_sent,cos_task,200,0.6411994021549,0.24768903190586328
20251118_mini-v1.15.0_gemini-3-pro-preview-20251118/django__django-14311,0,all_sent,pca1,200,0.8649560096356087,-0.18648706579234087
20251118_mini-v1.15.0_gemini-3-pro-preview-20251118/django__django-14311,0,all_sent,norm,200,0.0008948949703606152,1.0
20251118_mini-v1.15.0_gemini-3-pro-preview-20251118/django__django-14349,0,all_sent,cos_step,200,2.649892998103192e-05,
20251118_mini-v1.15.0_gemini-3-pro-preview-20251118/django__django-14349,0,all_sent,cos_task,200,5.7146020297923484e-06,0.27198986435224837
20251118_mini-v1.15.0_gemini-3-pro-preview-20251118/django__django-14349,0,all_sent,pca1,200,0.17839132291741722,-0.3143567739419952
20251118_mini-v1.15.0_gemini-3-pro-preview-20251118/django__django-14349,0,all_sent,norm,200,1.6235737695710838e-08,1.0
20251118_mini-v1.15.0_gemini-3-pro-preview-20251118/django__django-14376,0,all_sent,cos_step,200,0.0017613816814488973,
20251118_mini-v1.15.0_gemini-3-pro-preview-20251118/django__django-14376,0,all_sent,cos_task,200,0.002098926143944523,0.30994133123664996
20251118_mini-v1.15.0_gemini-3-pro-preview-20251118/django__django-14376,0,all_sent,pca1,200,0.004043610837107397,-0.22556124778015185
20251118_mini-v1.15.0_gemini-3-pro-preview-20251118/django__django-14376,0,all_sent,norm,200,0.013145284185972583,0.9999999999999999
20251118_mini-v1.15.0_gemini-3-pro-preview-20251118/django__django-15103,0,all_sent,cos_step,200,4.1469319306394705e-05,
20251118_mini-v1.15.0_gemini-3-pro-preview-20251118/django__django-15103,0,all_sent,cos_task,200,0.006913818130722577,0.20379442999625813
20251118_mini-v1.15.0_gemini-3-pro-preview-20251118/django__django-15103,0,all_sent,pca1,200,0.00282535259485833,-0.3112681284370364
20251118_mini-v1.15.0_gemini-3-pro-preview-20251118/django__django-15103,0,all_sent,norm,200,3.566318696962997e-05,0.999996954432215
20251118_mini-v1.15.0_gemini-3-pro-preview-20251118/django__django-15916,1,all_sent,cos_step,200,9.387169937168138e-08,
20251118_mini-v1.15.0_gemini-3-pro-preview-20251118/django__django-15916,1,all_sent,cos_task,200,8.572319460532378e-08,0.33980840885006014
20251118_mini-v1.15.0_gemini-3-pro-preview-20251118/django__django-15916,1,all_sent,pca1,200,0.03530945705776798,-0.2353336209032086
20251118_mini-v1.15.0_gemini-3-pro-preview-20251118/django__django-15916,1,all_sent,norm,200,2.0117974664785856e-07,1.0
20251118_mini-v1.15.0_gemini-3-pro-preview-20251118/django__django-16454,0,all_sent,cos_step,200,0.00037800860467129024,
20251118_mini-v1.15.0_gemini-3-pro-preview-20251118/django__django-16454,0,all_sent,cos_task,200,0.002461000304999298,0.3527538755504496
20251118_mini-v1.15.0_gemini-3-pro-preview-20251118/django__django-16454,0,all_sent,pca1,200,0.0167527306417868,-0.22789877679635695
20251118_mini-v1.15.0_gemini-3-pro-preview-20251118/django__django-16454,0,all_sent,norm,200,0.0010871961565561195,0.9999984772323394
20251118_mini-v1.15.0_gemini-3-pro-preview-20251118/psf__requests-1766,0,all_sent,cos_step,200,0.0041348029757004865,
20251118_mini-v1.15.0_gemini-3-pro-preview-20251118/psf__requests-1766,0,all_sent,cos_task,200,3.061893299153403e-10,0.12368717193750145
20251118_mini-v1.15.0_gemini-3-pro-preview-20251118/psf__requests-1766,0,all_sent,pca1,200,0.8294266630776798,-0.1321599286138769
20251118_mini-v1.15.0_gemini-3-pro-preview-20251118/psf__requests-1766,0,all_sent,norm,200,0.008574819052902798,1.0
20251118_mini-v1.15.0_gemini-3-pro-preview-20251118/psf__requests-5414,0,all_sent,cos_step,200,0.0001179227024729488,
20251118_mini-v1.15.0_gemini-3-pro-preview-20251118/psf__requests-5414,0,all_sent,cos_task,200,0.5950642301317144,0.22155998421012166
20251118_mini-v1.15.0_gemini-3-pro-preview-20251118/psf__requests-5414,0,all_sent,pca1,200,0.7269062201321912,-0.19607329573970256
20251118_mini-v1.15.0_gemini-3-pro-preview-20251118/psf__requests-5414,0,all_sent,norm,200,0.00024416971120048585,0.9999999999999999
20251118_mini-v1.15.0_gemini-3-pro-preview-20251118/pydata__xarray-6461,0,all_sent,cos_step,200,6.123699471221291e-08,
20251118_mini-v1.15.0_gemini-3-pro-preview-20251118/pydata__xarray-6461,0,all_sent,cos_task,200,2.96065655049221e-07,0.1995743838484648
20251118_mini-v1.15.0_gemini-3-pro-preview-20251118/pydata__xarray-6461,0,all_sent,pca1,200,0.00943752416080826,-0.206608090516017
20251118_mini-v1.15.0_gemini-3-pro-preview-20251118/pydata__xarray-6461,0,all_sent,norm,200,2.1086717196470504e-08,0.9999999999999999
20251118_mini-v1.15.0_gemini-3-pro-preview-20251118/pytest-dev__pytest-6202,0,all_sent,cos_step,200,2.2777885608539916e-10,
20251118_mini-v1.15.0_gemini-3-pro-preview-20251118/pytest-dev__pytest-6202,0,all_sent,cos_task,200,0.05339378115901684,0.12108919056367005
20251118_mini-v1.15.0_gemini-3-pro-preview-20251118/pytest-dev__pytest-6202,0,all_sent,pca1,200,0.8596898800808247,-0.32238980525459127
20251118_mini-v1.15.0_gemini-3-pro-preview-20251118/pytest-dev__pytest-6202,0,all_sent,norm,200,8.195555920039542e-12,0.9999999999999999
20251118_mini-v1.15.0_gemini-3-pro-preview-20251118/pytest-dev__pytest-7324,0,all_sent,cos_step,200,0.00047213955216236845,
20251118_mini-v1.15.0_gemini-3-pro-preview-20251118/pytest-dev__pytest-7324,0,all_sent,cos_task,200,0.006195887881678914,0.23175751300178288
20251118_mini-v1.15.0_gemini-3-pro-preview-20251118/pytest-dev__pytest-7324,0,all_sent,pca1,200,0.3168834371229912,-0.17587007667263435
20251118_mini-v1.15.0_gemini-3-pro-preview-20251118/pytest-dev__pytest-7324,0,all_sent,norm,200,0.0005345379667861389,0.9999999999999999
20251118_mini-v1.15.0_gemini-3-pro-preview-20251118/scikit-learn__scikit-learn-13779,0,all_sent,cos_step,200,0.007267158490046714,
20251118_mini-v1.15.0_gemini-3-pro-preview-20251118/scikit-learn__scikit-learn-13779,0,all_sent,cos_task,200,0.005834568418282325,0.2953710344764975
20251118_mini-v1.15.0_gemini-3-pro-preview-20251118/scikit-learn__scikit-learn-13779,0,all_sent,pca1,200,0.15057665935305925,-0.1732405347428614
20251118_mini-v1.15.0_gemini-3-pro-preview-20251118/scikit-learn__scikit-learn-13779,0,all_sent,norm,200,0.01257433892858443,0.9999969544391714
20251118_mini-v1.15.0_gemini-3-pro-preview-20251118/sympy__sympy-13551,0,all_sent,cos_step,200,8.832810171954337e-10,
20251118_mini-v1.15.0_gemini-3-pro-preview-20251118/sympy__sympy-13551,0,all_sent,cos_task,200,9.104693337107072e-08,0.3944024114779221
20251118_mini-v1.15.0_gemini-3-pro-preview-20251118/sympy__sympy-13551,0,all_sent,pca1,200,1.8292529182461078e-10,0.02266734785726959
20251118_mini-v1.15.0_gemini-3-pro-preview-20251118/sympy__sympy-13551,0,all_sent,norm,200,1.2442582628827545e-09,1.0
20251118_mini-v1.15.0_gemini-3-pro-preview-20251118/sympy__sympy-13878,1,all_sent,cos_step,200,0.015078470648135856,
20251118_mini-v1.15.0_gemini-3-pro-preview-20251118/sympy__sympy-13878,1,all_sent,cos_task,200,0.8062614729050291,0.22485847745890616
20251118_mini-v1.15.0_gemini-3-pro-preview-20251118/sympy__sympy-13878,1,all_sent,pca1,200,2.5780681437328167e-09,-0.11643564959597696
20251118_mini-v1.15.0_gemini-3-pro-preview-20251118/sympy__sympy-13878,1,all_sent,norm,200,0.0036937235351508185,0.9999984772346582
20251118_mini-v1.15.0_gemini-3-pro-preview-20251118/sympy__sympy-13974,0,all_sent,cos_step,200,3.9821570701434415e-08,
20251118_mini-v1.15.0_gemini-3-pro-preview-20251118/sympy__sympy-13974,0,all_sent,cos_task,200,0.0004248085928582958,0.5311501396773556
20251118_mini-v1.15.0_gemini-3-pro-preview-20251118/sympy__sympy-13974,0,all_sent,pca1,200,1.22505018399857e-07,-0.15967829985948429
20251118_mini-v1.15.0_gemini-3-pro-preview-20251118/sympy__sympy-13974,0,all_sent,norm,200,6.065845014068923e-09,1.0
20251118_mini-v1.15.0_gemini-3-pro-preview-20251118/sympy__sympy-19495,0,all_sent,cos_step,200,3.7795351164957e-05,
20251118_mini-v1.15.0_gemini-3-pro-preview-20251118/sympy__sympy-19495,0,all_sent,cos_task,200,1.8480509557110776e-08,0.21352240009424625
20251118_mini-v1.15.0_gemini-3-pro-preview-20251118/sympy__sympy-19495,0,all_sent,pca1,200,0.001555347004257056,-0.2914698014351697
20251118_mini-v1.15.0_gemini-3-pro-preview-20251118/sympy__sympy-19495,0,all_sent,norm,200,3.446971078322436e-05,1.0
20251118_mini-v1.15.0_gemini-3-pro-preview-20251118/sympy__sympy-20438,1,all_sent,cos_step,200,0.002118379535743948,
20251118_mini-v1.15.0_gemini-3-pro-preview-20251118/sympy__sympy-20438,1,all_sent,cos_task,200,0.000599037031182828,0.48283495609980104
20251118_mini-v1.15.0_gemini-3-pro-preview-20251118/sympy__sympy-20438,1,all_sent,pca1,200,0.13267003382530015,-0.1374486445827998
20251118_mini-v1.15.0_gemini-3-pro-preview-20251118/sympy__sympy-20438,1,all_sent,norm,200,0.008946968589015834,0.9999999999999999
20251118_mini-v1.15.0_gemini-3-pro-preview-20251118/sympy__sympy-22080,1,all_sent,cos_step,200,3.999488361842928e-12,
20251118_mini-v1.15.0_gemini-3-pro-preview-20251118/sympy__sympy-22080,1,all_sent,cos_task,200,0.02306550697756503,0.25468074683150543
20251118_mini-v1.15.0_gemini-3-pro-preview-20251118/sympy__sympy-22080,1,all_sent,pca1,200,3.1692035634367507e-07,-0.3432031189805369
20251118_mini-v1.15.0_gemini-3-pro-preview-20251118/sympy__sympy-22080,1,all_sent,norm,200,1.2864487316513834e-08,0.9999996193083023
20251118_mini-v1.15.0_gemini-3-pro-preview-20251118/sympy__sympy-22714,0,all_sent,cos_step,200,0.0025876044812466878,
20251118_mini-v1.15.0_gemini-3-pro-preview-20251118/sympy__sympy-22714,0,all_sent,cos_task,200,2.413299224208108e-06,0.06500995330080335
20251118_mini-v1.15.0_gemini-3-pro-preview-20251118/sympy__sympy-22714,0,all_sent,pca1,200,0.028884963570457483,-0.05288858890099555
20251118_mini-v1.15.0_gemini-3-pro-preview-20251118/sympy__sympy-22714,0,all_sent,norm,200,0.002853264243532541,0.999995431669192
20251124_mini-v1.17.0_minimax-m2/astropy__astropy-14369,0,all_sent,cos_step,200,0.024751322905598606,
20251124_mini-v1.17.0_minimax-m2/astropy__astropy-14369,0,all_sent,cos_task,200,3.4167651384537975e-06,0.36126043916785217
20251124_mini-v1.17.0_minimax-m2/astropy__astropy-14369,0,all_sent,pca1,200,2.049437653514197e-06,-0.23062685042389333
20251124_mini-v1.17.0_minimax-m2/astropy__astropy-14369,0,all_sent,norm,200,0.0031922159041956628,1.0
20251124_mini-v1.17.0_minimax-m2/django__django-11119,0,all_sent,cos_step,200,0.07745441400077707,
20251124_mini-v1.17.0_minimax-m2/django__django-11119,0,all_sent,cos_task,200,0.13375184439392515,0.08388993460820446
20251124_mini-v1.17.0_minimax-m2/django__django-11119,0,all_sent,pca1,200,0.40461422067941455,-0.13299571779633537
20251124_mini-v1.17.0_minimax-m2/django__django-11119,0,all_sent,norm,200,0.13690153885289202,0.9999999999999999
20251124_mini-v1.17.0_minimax-m2/django__django-11728,1,all_sent,cos_step,200,0.00010953680053314707,
20251124_mini-v1.17.0_minimax-m2/django__django-11728,1,all_sent,cos_task,200,0.16980039309836076,0.1579812546170624
20251124_mini-v1.17.0_minimax-m2/django__django-11728,1,all_sent,pca1,200,7.297389228106926e-05,-0.24420088473516943
20251124_mini-v1.17.0_minimax-m2/django__django-11728,1,all_sent,norm,200,0.0018159541432904752,0.9999954316865833
20251124_mini-v1.17.0_minimax-m2/django__django-11964,1,all_sent,cos_step,200,0.00309807068077283,
20251124_mini-v1.17.0_minimax-m2/django__django-11964,1,all_sent,cos_task,200,0.0007535195401339338,0.2709812405818127
20251124_mini-v1.17.0_minimax-m2/django__django-11964,1,all_sent,pca1,200,5.969096086074326e-05,-0.27136041102844805
20251124_mini-v1.17.0_minimax-m2/django__django-11964,1,all_sent,norm,200,0.0033936782445735353,1.0
20251124_mini-v1.17.0_minimax-m2/django__django-12125,1,all_sent,cos_step,200,0.0002152663620900212,
20251124_mini-v1.17.0_minimax-m2/django__django-12125,1,all_sent,cos_task,200,0.008788146855025278,0.18064528901274735
20251124_mini-v1.17.0_minimax-m2/django__django-12125,1,all_sent,pca1,200,0.08036315239083082,-0.300167392473326
20251124_mini-v1.17.0_minimax-m2/django__django-12125,1,all_sent,norm,200,0.000148938829282026,0.9999984772230641
20251124_mini-v1.17.0_minimax-m2/django__django-13109,0,all_sent,cos_step,200,5.925530915095555e-05,
20251124_mini-v1.17.0_minimax-m2/django__django-13109,0,all_sent,cos_task,200,1.6535631237774582e-05,0.22971485135142053
20251124_mini-v1.17.0_minimax-m2/django__django-13109,0,all_sent,pca1,200,0.002058759243304987,-0.15231735639002927
20251124_mini-v1.17.0_minimax-m2/django__django-13109,0,all_sent,norm,200,0.0003488431936021843,0.9999999999999999
20251124_mini-v1.17.0_minimax-m2/django__django-13212,1,all_sent,cos_step,200,7.714736640010347e-06,
20251124_mini-v1.17.0_minimax-m2/django__django-13212,1,all_sent,cos_task,200,0.024052371104327376,0.21134256492198567
20251124_mini-v1.17.0_minimax-m2/django__django-13212,1,all_sent,pca1,200,0.023636950613614694,-0.32050900380655545
20251124_mini-v1.17.0_minimax-m2/django__django-13212,1,all_sent,norm,200,4.187421341230184e-07,0.9999999999999999
20251124_mini-v1.17.0_minimax-m2/django__django-13512,0,all_sent,cos_step,200,1.4427021874988386e-07,
20251124_mini-v1.17.0_minimax-m2/django__django-13512,0,all_sent,cos_task,200,0.006289620884605109,0.17897271608086326
20251124_mini-v1.17.0_minimax-m2/django__django-13512,0,all_sent,pca1,200,0.0002969814688346817,-0.2793155501852518
20251124_mini-v1.17.0_minimax-m2/django__django-13512,0,all_sent,norm,200,7.243239968629471e-08,0.999998477170888
20251124_mini-v1.17.0_minimax-m2/django__django-14017,0,all_sent,cos_step,200,0.1294702516117504,
20251124_mini-v1.17.0_minimax-m2/django__django-14017,0,all_sent,cos_task,200,7.137113425640004e-08,0.2692471683957997
20251124_mini-v1.17.0_minimax-m2/django__django-14017,0,all_sent,pca1,200,0.0001651223024816517,-0.21848684471312035
20251124_mini-v1.17.0_minimax-m2/django__django-14017,0,all_sent,norm,200,0.11559227022914527,0.9999984772288613
20251124_mini-v1.17.0_minimax-m2/django__django-14140,0,all_sent,cos_step,200,3.8389561595748185e-06,
20251124_mini-v1.17.0_minimax-m2/django__django-14140,0,all_sent,cos_task,200,0.0072625524290885635,0.26072724865618313
20251124_mini-v1.17.0_minimax-m2/django__django-14140,0,all_sent,pca1,200,1.2255706574569592e-10,-0.3704640232439772
20251124_mini-v1.17.0_minimax-m2/django__django-14140,0,all_sent,norm,200,1.7999484376227738e-07,0.9999984772068317
20251124_mini-v1.17.0_minimax-m2/django__django-15315,1,all_sent,cos_step,200,6.700218885825612e-05,
20251124_mini-v1.17.0_minimax-m2/django__django-15315,1,all_sent,cos_task,200,0.005362929449107573,0.2818339911829229
20251124_mini-v1.17.0_minimax-m2/django__django-15315,1,all_sent,pca1,200,1.6025298097566833e-06,-0.3100939867975735
20251124_mini-v1.17.0_minimax-m2/django__django-15315,1,all_sent,norm,200,7.740139797083444e-06,0.9999999999999999
20251124_mini-v1.17.0_minimax-m2/django__django-15375,0,all_sent,cos_step,200,0.0025819295190411206,
20251124_mini-v1.17.0_minimax-m2/django__django-15375,0,all_sent,cos_task,200,0.004844458654916796,0.310294458031746
20251124_mini-v1.17.0_minimax-m2/django__django-15375,0,all_sent,pca1,200,0.004180683879791977,-0.29419116549845437
20251124_mini-v1.17.0_minimax-m2/django__django-15375,0,all_sent,norm,200,0.0024643645639178414,0.9999984772334986
20251124_mini-v1.17.0_minimax-m2/django__django-15380,1,all_sent,cos_step,200,6.14797086781189e-08,
20251124_mini-v1.17.0_minimax-m2/django__django-15380,1,all_sent,cos_task,200,0.1202503028942996,0.39270921528628955
20251124_mini-v1.17.0_minimax-m2/django__django-15380,1,all_sent,pca1,200,0.7344188226627083,-0.19244485999881894
20251124_mini-v1.17.0_minimax-m2/django__django-15380,1,all_sent,norm,200,1.4859183285205094e-07,1.0
20251124_mini-v1.17.0_minimax-m2/matplotlib__matplotlib-24627,0,all_sent,cos_step,200,1.0630526026095332e-06,
20251124_mini-v1.17.0_minimax-m2/matplotlib__matplotlib-24627,0,all_sent,cos_task,200,0.0007032974474656878,0.19218948733338126
20251124_mini-v1.17.0_minimax-m2/matplotlib__matplotlib-24627,0,all_sent,pca1,200,9.580453878749719e-07,-0.2126022111376921
20251124_mini-v1.17.0_minimax-m2/matplotlib__matplotlib-24627,0,all_sent,norm,200,1.0771264332004855e-05,0.9999999999999999
20251124_mini-v1.17.0_minimax-m2/pylint-dev__pylint-4551,1,all_sent,cos_step,200,4.749154094318334e-06,
20251124_mini-v1.17.0_minimax-m2/pylint-dev__pylint-4551,1,all_sent,cos_task,200,0.000616125921463925,0.09664145311106365
20251124_mini-v1.17.0_minimax-m2/pylint-dev__pylint-4551,1,all_sent,pca1,200,0.10100394861343043,-0.052450146780920075
20251124_mini-v1.17.0_minimax-m2/pylint-dev__pylint-4551,1,all_sent,norm,200,5.149592905289295e-07,1.0
20251124_mini-v1.17.0_minimax-m2/pytest-dev__pytest-7236,0,all_sent,cos_step,200,2.5581121180024265e-07,
20251124_mini-v1.17.0_minimax-m2/pytest-dev__pytest-7236,0,all_sent,cos_task,200,0.03988424675893642,0.231120640296539
20251124_mini-v1.17.0_minimax-m2/pytest-dev__pytest-7236,0,all_sent,pca1,200,0.47516317341639913,-0.10771498532057758
20251124_mini-v1.17.0_minimax-m2/pytest-dev__pytest-7236,0,all_sent,norm,200,7.9437250946591e-07,0.9999984772277016
20251124_mini-v1.17.0_minimax-m2/pytest-dev__pytest-7521,0,all_sent,cos_step,200,2.5802586909681082e-06,
20251124_mini-v1.17.0_minimax-m2/pytest-dev__pytest-7521,0,all_sent,cos_task,200,0.06648078856107952,0.01775564666885109
20251124_mini-v1.17.0_minimax-m2/pytest-dev__pytest-7521,0,all_sent,pca1,200,0.7393871582721756,-0.1330820741833252
20251124_mini-v1.17.0_minimax-m2/pytest-dev__pytest-7521,0,all_sent,norm,200,8.84226977746939e-07,1.0
20251124_mini-v1.17.0_minimax-m2/scikit-learn__scikit-learn-10844,0,all_sent,cos_step,200,1.1392400595568687e-08,
20251124_mini-v1.17.0_minimax-m2/scikit-learn__scikit-learn-10844,0,all_sent,cos_task,200,0.15523385352498723,0.09161590705281215
20251124_mini-v1.17.0_minimax-m2/scikit-learn__scikit-learn-10844,0,all_sent,pca1,200,4.6307145652965724e-05,-0.19426327491712192
20251124_mini-v1.17.0_minimax-m2/scikit-learn__scikit-learn-10844,0,all_sent,norm,200,2.115631919221269e-08,1.0
20251124_mini-v1.17.0_minimax-m2/scikit-learn__scikit-learn-13439,0,all_sent,cos_step,200,0.019593789121050403,
20251124_mini-v1.17.0_minimax-m2/scikit-learn__scikit-learn-13439,0,all_sent,cos_task,200,0.00480908723171636,0.28194830801760157
20251124_mini-v1.17.0_minimax-m2/scikit-learn__scikit-learn-13439,0,all_sent,pca1,200,0.012145542762495421,-0.13556214502864092
20251124_mini-v1.17.0_minimax-m2/scikit-learn__scikit-learn-13439,0,all_sent,norm,200,0.024222337211771063,0.9999954316622353
20251124_mini-v1.17.0_minimax-m2/scikit-learn__scikit-learn-14087,1,all_sent,cos_step,200,7.379725729276647e-08,
20251124_mini-v1.17.0_minimax-m2/scikit-learn__scikit-learn-14087,1,all_sent,cos_task,200,8.089778757234315e-07,0.2991879761145634
20251124_mini-v1.17.0_minimax-m2/scikit-learn__scikit-learn-14087,1,all_sent,pca1,200,0.26284763124779503,-0.12188276857414879
20251124_mini-v1.17.0_minimax-m2/scikit-learn__scikit-learn-14087,1,all_sent,norm,200,2.7421478934298405e-07,0.9999999999999999
20251124_mini-v1.17.0_minimax-m2/scikit-learn__scikit-learn-26194,1,all_sent,cos_step,200,0.0004666679940122573,
20251124_mini-v1.17.0_minimax-m2/scikit-learn__scikit-learn-26194,1,all_sent,cos_task,200,0.01541508289677047,0.29321843872768827
20251124_mini-v1.17.0_minimax-m2/scikit-learn__scikit-learn-26194,1,all_sent,pca1,200,0.5635646251642908,0.010061463669314947
20251124_mini-v1.17.0_minimax-m2/scikit-learn__scikit-learn-26194,1,all_sent,norm,200,0.0034751396502039284,0.9999984772195856
20251124_mini-v1.17.0_minimax-m2/sphinx-doc__sphinx-7462,1,all_sent,cos_step,200,0.00010235052632792476,
20251124_mini-v1.17.0_minimax-m2/sphinx-doc__sphinx-7462,1,all_sent,cos_task,200,0.0004598404090674242,0.21963526225579494
20251124_mini-v1.17.0_minimax-m2/sphinx-doc__sphinx-7462,1,all_sent,pca1,200,0.8317275378886241,-0.024825222213614107
20251124_mini-v1.17.0_minimax-m2/sphinx-doc__sphinx-7462,1,all_sent,norm,200,0.0011780503421730344,0.9999969544554032
20251124_mini-v1.17.0_minimax-m2/sympy__sympy-13551,0,all_sent,cos_step,200,0.00013960369731721368,
20251124_mini-v1.17.0_minimax-m2/sympy__sympy-13551,0,all_sent,cos_task,200,0.9919457667028773,0.3256604569496839
20251124_mini-v1.17.0_minimax-m2/sympy__sympy-13551,0,all_sent,pca1,200,1.4770440130108819e-05,-0.25170420239479147
20251124_mini-v1.17.0_minimax-m2/sympy__sympy-13551,0,all_sent,norm,200,9.056286028033122e-05,0.9999939088319654
20251124_mini-v1.17.0_minimax-m2/sympy__sympy-14248,1,all_sent,cos_step,200,2.217455072018313e-10,
20251124_mini-v1.17.0_minimax-m2/sympy__sympy-14248,1,all_sent,cos_task,200,5.878678874991204e-06,0.22469850094791113
20251124_mini-v1.17.0_minimax-m2/sympy__sympy-14248,1,all_sent,pca1,200,5.214521041494454e-08,-0.25870653584696646
20251124_mini-v1.17.0_minimax-m2/sympy__sympy-14248,1,all_sent,norm,200,5.662747742908498e-09,0.9999984772346582
20251124_mini-v1.17.0_minimax-m2/sympy__sympy-24443,0,all_sent,cos_step,200,0.012963946105585168,
20251124_mini-v1.17.0_minimax-m2/sympy__sympy-24443,0,all_sent,cos_task,200,0.0783538710750754,0.31840899246691085
20251124_mini-v1.17.0_minimax-m2/sympy__sympy-24443,0,all_sent,pca1,200,0.030711636966493042,-0.3095105031613446
20251124_mini-v1.17.0_minimax-m2/sympy__sympy-24443,0,all_sent,norm,200,0.019320243213073504,1.0
20251124_mini-v1.17.0_minimax-m2/sympy__sympy-24539,0,all_sent,cos_step,200,3.7893158004474736e-05,
20251124_mini-v1.17.0_minimax-m2/sympy__sympy-24539,0,all_sent,cos_task,200,0.0027948615081516254,0.3508888575618703
20251124_mini-v1.17.0_minimax-m2/sympy__sympy-24539,0,all_sent,pca1,200,0.037103184899756746,-0.13419736433746704
20251124_mini-v1.17.0_minimax-m2/sympy__sympy-24539,0,all_sent,norm,200,9.193500604732819e-05,0.9999954311995767
20251201_mini-v1.17.1_glm-4.6/astropy__astropy-8707,1,all_sent,cos_step,200,6.19918666960904e-08,
20251201_mini-v1.17.1_glm-4.6/astropy__astropy-8707,1,all_sent,cos_task,200,0.11908778712468095,0.1521629639843243
20251201_mini-v1.17.1_glm-4.6/astropy__astropy-8707,1,all_sent,pca1,200,0.03843347247613374,-0.06737579607674177
20251201_mini-v1.17.1_glm-4.6/astropy__astropy-8707,1,all_sent,norm,200,2.265686740591914e-08,1.0
20251201_mini-v1.17.1_glm-4.6/django__django-11555,0,all_sent,cos_step,200,6.698128412516253e-07,
20251201_mini-v1.17.1_glm-4.6/django__django-11555,0,all_sent,cos_task,200,0.00020237170209748434,0.04738401541350277
20251201_mini-v1.17.1_glm-4.6/django__django-11555,0,all_sent,pca1,200,0.0013010977381088524,-0.0009623902606721005
20251201_mini-v1.17.1_glm-4.6/django__django-11555,0,all_sent,norm,200,1.3892602010719643e-06,1.0
20251201_mini-v1.17.1_glm-4.6/django__django-13028,0,all_sent,cos_step,200,1.2923497394943334e-07,
20251201_mini-v1.17.1_glm-4.6/django__django-13028,0,all_sent,cos_task,200,0.02229381436151264,0.03382309553333124
20251201_mini-v1.17.1_glm-4.6/django__django-13028,0,all_sent,pca1,200,0.031636253245892754,0.06285325978371624
20251201_mini-v1.17.1_glm-4.6/django__django-13028,0,all_sent,norm,200,1.1190913279820907e-06,0.99999847723118
20251201_mini-v1.17.1_glm-4.6/django__django-15037,0,all_sent,cos_step,200,0.1527055888507342,
20251201_mini-v1.17.1_glm-4.6/django__django-15037,0,all_sent,cos_task,200,0.0013713352662958272,0.15501227000153606
20251201_mini-v1.17.1_glm-4.6/django__django-15037,0,all_sent,pca1,200,0.10716841195790354,-0.15959590884768243
20251201_mini-v1.17.1_glm-4.6/django__django-15037,0,all_sent,norm,200,0.30955007131598034,0.9999908632896878
20251201_mini-v1.17.1_glm-4.6/django__django-15973,1,all_sent,cos_step,200,5.194772029772423e-16,
20251201_mini-v1.17.1_glm-4.6/django__django-15973,1,all_sent,cos_task,200,4.490593876450334e-08,0.33578105638300587
20251201_mini-v1.17.1_glm-4.6/django__django-15973,1,all_sent,pca1,200,5.664023319936465e-07,-0.3027141440430032
20251201_mini-v1.17.1_glm-4.6/django__django-15973,1,all_sent,norm,200,1.5039937104766477e-17,1.0
20251201_mini-v1.17.1_glm-4.6/django__django-16454,0,all_sent,cos_step,200,7.100119774655017e-09,
20251201_mini-v1.17.1_glm-4.6/django__django-16454,0,all_sent,cos_task,200,0.015103128787489347,0.4159728088815007
20251201_mini-v1.17.1_glm-4.6/django__django-16454,0,all_sent,pca1,200,0.3427774358473479,-0.22188729067305404
20251201_mini-v1.17.1_glm-4.6/django__django-16454,0,all_sent,norm,200,7.208142479210169e-09,0.9999893404721715
20251201_mini-v1.17.1_glm-4.6/django__django-16560,1,all_sent,cos_step,200,0.000953223056061389,
20251201_mini-v1.17.1_glm-4.6/django__django-16560,1,all_sent,cos_task,200,4.073505549116871e-05,0.17030973991639642
20251201_mini-v1.17.1_glm-4.6/django__django-16560,1,all_sent,pca1,200,0.004414103145869814,-0.15935310959335638
20251201_mini-v1.17.1_glm-4.6/django__django-16560,1,all_sent,norm,200,3.784582710954478e-06,0.9999999999999999
20251201_mini-v1.17.1_glm-4.6/matplotlib__matplotlib-13989,0,all_sent,cos_step,200,0.009329644285100974,
20251201_mini-v1.17.1_glm-4.6/matplotlib__matplotlib-13989,0,all_sent,cos_task,200,0.06380744197160605,0.1403351152239749
20251201_mini-v1.17.1_glm-4.6/matplotlib__matplotlib-13989,0,all_sent,pca1,200,0.05504886866293541,-0.2308894707549556
20251201_mini-v1.17.1_glm-4.6/matplotlib__matplotlib-13989,0,all_sent,norm,200,0.022576844561858732,1.0
20251201_mini-v1.17.1_glm-4.6/matplotlib__matplotlib-20488,1,all_sent,cos_step,200,0.01213741269846419,
20251201_mini-v1.17.1_glm-4.6/matplotlib__matplotlib-20488,1,all_sent,cos_task,200,0.24519836837026604,0.12791792835414081
20251201_mini-v1.17.1_glm-4.6/matplotlib__matplotlib-20488,1,all_sent,pca1,200,0.1015660570984693,-0.0877500877517156
20251201_mini-v1.17.1_glm-4.6/matplotlib__matplotlib-20488,1,all_sent,norm,200,0.00039285445265760133,1.0
20251201_mini-v1.17.1_glm-4.6/psf__requests-1766,1,all_sent,cos_step,200,7.157200137405799e-09,
20251201_mini-v1.17.1_glm-4.6/psf__requests-1766,1,all_sent,cos_task,200,0.16793027369782587,0.3724790990096955
20251201_mini-v1.17.1_glm-4.6/psf__requests-1766,1,all_sent,pca1,200,0.30754203223734794,-0.2407730502927892
20251201_mini-v1.17.1_glm-4.6/psf__requests-1766,1,all_sent,norm,200,2.9265521776559464e-08,0.9999984772346582
20251201_mini-v1.17.1_glm-4.6/pytest-dev__pytest-7490,1,all_sent,cos_step,200,3.343571490032405e-07,
20251201_mini-v1.17.1_glm-4.6/pytest-dev__pytest-7490,1,all_sent,cos_task,200,0.018081559093366284,0.17299986066514833
20251201_mini-v1.17.1_glm-4.6/pytest-dev__pytest-7490,1,all_sent,pca1,200,0.3747093992449978,-0.036669760486830454
20251201_mini-v1.17.1_glm-4.6/pytest-dev__pytest-7490,1,all_sent,norm,200,1.4864955630803616e-06,0.9999999999999999
20251201_mini-v1.17.1_glm-4.6/scikit-learn__scikit-learn-12682,1,all_sent,cos_step,200,0.00011693264698222808,
20251201_mini-v1.17.1_glm-4.6/scikit-learn__scikit-learn-12682,1,all_sent,cos_task,200,0.31013420790572943,0.28907707945633676
20251201_mini-v1.17.1_glm-4.6/scikit-learn__scikit-learn-12682,1,all_sent,pca1,200,0.07539285562102493,-0.2316803526775555
20251201_mini-v1.17.1_glm-4.6/scikit-learn__scikit-learn-12682,1,all_sent,norm,200,0.0003436349327780171,1.0
20251201_mini-v1.17.1_glm-4.6/sphinx-doc__sphinx-8035,0,all_sent,cos_step,200,1.5098122415189756e-05,
20251201_mini-v1.17.1_glm-4.6/sphinx-doc__sphinx-8035,0,all_sent,cos_task,200,0.030191711119209003,0.4600687993954709
20251201_mini-v1.17.1_glm-4.6/sphinx-doc__sphinx-8035,0,all_sent,pca1,200,0.20007748807136896,-0.3164870289400129
20251201_mini-v1.17.1_glm-4.6/sphinx-doc__sphinx-8035,0,all_sent,norm,200,1.960170146453505e-05,0.9999999999999999
20251201_mini-v1.17.1_glm-4.6/sphinx-doc__sphinx-8551,1,all_sent,cos_step,200,0.001448237458033734,
20251201_mini-v1.17.1_glm-4.6/sphinx-doc__sphinx-8551,1,all_sent,cos_task,200,0.37738698129444515,0.16961252079052572
20251201_mini-v1.17.1_glm-4.6/sphinx-doc__sphinx-8551,1,all_sent,pca1,200,0.9054861929435798,0.021908794696512433
20251201_mini-v1.17.1_glm-4.6/sphinx-doc__sphinx-8551,1,all_sent,norm,200,0.011471456433678978,0.9999984772346582
20251201_mini-v1.17.1_glm-4.6/sympy__sympy-12096,0,all_sent,cos_step,200,4.183792498536778e-11,
20251201_mini-v1.17.1_glm-4.6/sympy__sympy-12096,0,all_sent,cos_task,200,0.0017739889144271618,0.32754861619646647
20251201_mini-v1.17.1_glm-4.6/sympy__sympy-12096,0,all_sent,pca1,200,0.0001264527657576198,-0.21249080137823834
20251201_mini-v1.17.1_glm-4.6/sympy__sympy-12096,0,all_sent,norm,200,7.673807065352368e-11,0.9999999999999999
20251201_mini-v1.17.1_glm-4.6/sympy__sympy-15349,0,all_sent,cos_step,200,9.071650918769905e-06,
20251201_mini-v1.17.1_glm-4.6/sympy__sympy-15349,0,all_sent,cos_task,200,0.006128035416246022,0.20937017086248044
20251201_mini-v1.17.1_glm-4.6/sympy__sympy-15349,0,all_sent,pca1,200,2.9578547078612464e-11,0.09581199650756568
20251201_mini-v1.17.1_glm-4.6/sympy__sympy-15349,0,all_sent,norm,200,2.5395749429849847e-06,0.9999999999999999
20251201_mini-v1.17.1_glm-4.6/sympy__sympy-16450,0,all_sent,cos_step,200,3.8303166428474655e-05,
20251201_mini-v1.17.1_glm-4.6/sympy__sympy-16450,0,all_sent,cos_task,200,0.0005616174672560855,0.19257374103815497
20251201_mini-v1.17.1_glm-4.6/sympy__sympy-16450,0,all_sent,pca1,200,0.006398214220686728,-0.062280908801350295
20251201_mini-v1.17.1_glm-4.6/sympy__sympy-16450,0,all_sent,norm,200,0.000909440366015334,0.9999999999999999
20251201_mini-v1.17.1_glm-4.6/sympy__sympy-21612,1,all_sent,cos_step,200,4.190794842947904e-05,
20251201_mini-v1.17.1_glm-4.6/sympy__sympy-21612,1,all_sent,cos_task,200,6.363870857385452e-07,0.2690736159029922
20251201_mini-v1.17.1_glm-4.6/sympy__sympy-21612,1,all_sent,pca1,200,3.593498198814024e-06,-0.119777690049432
20251201_mini-v1.17.1_glm-4.6/sympy__sympy-21612,1,all_sent,norm,200,1.45551841168101e-05,0.9999984772288613
20251209_mini-v1.17.2_devstral-2512/django__django-11066,0,all_sent,cos_step,200,0.5581551952562083,
20251209_mini-v1.17.2_devstral-2512/django__django-11066,0,all_sent,cos_task,200,0.39364416772813726,0.03477427973458534
20251209_mini-v1.17.2_devstral-2512/django__django-11066,0,all_sent,pca1,200,1.0670158964039808e-09,-0.1821659993785795
20251209_mini-v1.17.2_devstral-2512/django__django-11066,0,all_sent,norm,200,0.7427592044815953,1.0
20251209_mini-v1.17.2_devstral-2512/django__django-11433,1,all_sent,cos_step,200,1.175595797588435e-07,
20251209_mini-v1.17.2_devstral-2512/django__django-11433,1,all_sent,cos_task,200,0.0009391986788312925,0.08100857368470783
20251209_mini-v1.17.2_devstral-2512/django__django-11433,1,all_sent,pca1,200,1.1110589957572847e-05,-0.18864539914323294
20251209_mini-v1.17.2_devstral-2512/django__django-11433,1,all_sent,norm,200,2.786801710113049e-09,1.0
20251209_mini-v1.17.2_devstral-2512/django__django-12155,0,all_sent,cos_step,200,0.00010797779403573922,
20251209_mini-v1.17.2_devstral-2512/django__django-12155,0,all_sent,cos_task,200,0.0022695336851113494,0.1965174356631643
20251209_mini-v1.17.2_devstral-2512/django__django-12155,0,all_sent,pca1,200,0.00019120751475573848,-0.38183645500228414
20251209_mini-v1.17.2_devstral-2512/django__django-12155,0,all_sent,norm,200,0.00022315505861292238,1.0
20251209_mini-v1.17.2_devstral-2512/django__django-13344,1,all_sent,cos_step,200,1.4776226086210699e-05,
20251209_mini-v1.17.2_devstral-2512/django__django-13344,1,all_sent,cos_task,200,2.620330067101492e-08,0.424359379471275
20251209_mini-v1.17.2_devstral-2512/django__django-13344,1,all_sent,pca1,200,8.130084112665219e-07,-0.24738174550880626
20251209_mini-v1.17.2_devstral-2512/django__django-13344,1,all_sent,norm,200,5.057231503104645e-06,1.0
20251209_mini-v1.17.2_devstral-2512/django__django-13346,0,all_sent,cos_step,200,3.9994541864616656e-09,
20251209_mini-v1.17.2_devstral-2512/django__django-13346,0,all_sent,cos_task,200,0.002154887207293982,-0.04516937086476125
20251209_mini-v1.17.2_devstral-2512/django__django-13346,0,all_sent,pca1,200,0.03752721326382794,-0.022007933667862183
20251209_mini-v1.17.2_devstral-2512/django__django-13346,0,all_sent,norm,200,1.6614834878376336e-09,1.0
20251209_mini-v1.17.2_devstral-2512/django__django-13821,0,all_sent,cos_step,200,3.5540050844226835e-08,
20251209_mini-v1.17.2_devstral-2512/django__django-13821,0,all_sent,cos_task,200,0.000989008348845077,0.3984971365771984
20251209_mini-v1.17.2_devstral-2512/django__django-13821,0,all_sent,pca1,200,1.1245151682457986e-05,-0.4255742620734215
20251209_mini-v1.17.2_devstral-2512/django__django-13821,0,all_sent,norm,200,1.297468865283655e-07,0.9999954316239741
20251209_mini-v1.17.2_devstral-2512/django__django-14539,0,all_sent,cos_step,200,0.01829103725517277,
20251209_mini-v1.17.2_devstral-2512/django__django-14539,0,all_sent,cos_task,200,1.354191861795455e-08,0.265438030123527
20251209_mini-v1.17.2_devstral-2512/django__django-14539,0,all_sent,pca1,200,2.109862804764535e-14,-0.35407498211092947
20251209_mini-v1.17.2_devstral-2512/django__django-14539,0,all_sent,norm,200,0.1768145508112552,1.0
20251209_mini-v1.17.2_devstral-2512/django__django-15128,1,all_sent,cos_step,200,9.457577062884045e-05,
20251209_mini-v1.17.2_devstral-2512/django__django-15128,1,all_sent,cos_task,200,1.7429508911219976e-08,0.18493114182008685
20251209_mini-v1.17.2_devstral-2512/django__django-15128,1,all_sent,pca1,200,0.5836993043919215,-0.029416736277240958
20251209_mini-v1.17.2_devstral-2512/django__django-15128,1,all_sent,norm,200,0.00019355129595159692,1.0
20251209_mini-v1.17.2_devstral-2512/django__django-15280,0,all_sent,cos_step,200,4.5460947588992644e-11,
20251209_mini-v1.17.2_devstral-2512/django__django-15280,0,all_sent,cos_task,200,8.994996188935526e-09,0.10932760975094734
20251209_mini-v1.17.2_devstral-2512/django__django-15280,0,all_sent,pca1,200,1.6699666482389203e-06,-0.11470298573223921
20251209_mini-v1.17.2_devstral-2512/django__django-15280,0,all_sent,norm,200,1.0219905054880626e-11,0.9999984772334986
20251209_mini-v1.17.2_devstral-2512/django__django-15731,0,all_sent,cos_step,200,0.3614211606987917,
20251209_mini-v1.17.2_devstral-2512/django__django-15731,0,all_sent,cos_task,200,0.5803711261282809,0.3853623121717917
20251209_mini-v1.17.2_devstral-2512/django__django-15731,0,all_sent,pca1,200,0.23998316064767786,-0.53907576069378
20251209_mini-v1.17.2_devstral-2512/django__django-15731,0,all_sent,norm,200,0.29242098613436357,0.999996954460041
20251209_mini-v1.17.2_devstral-2512/pytest-dev__pytest-7236,0,all_sent,cos_step,200,2.541259958621094e-10,
20251209_mini-v1.17.2_devstral-2512/pytest-dev__pytest-7236,0,all_sent,cos_task,200,0.0015170009327615413,0.20386023953334384
20251209_mini-v1.17.2_devstral-2512/pytest-dev__pytest-7236,0,all_sent,pca1,200,0.7895511439302374,-0.11652898225233879
20251209_mini-v1.17.2_devstral-2512/pytest-dev__pytest-7236,0,all_sent,norm,200,2.1831788594326118e-09,0.9999984772265422
20251209_mini-v1.17.2_devstral-2512/scikit-learn__scikit-learn-12682,1,all_sent,cos_step,200,5.9737483261126734e-06,
20251209_mini-v1.17.2_devstral-2512/scikit-learn__scikit-learn-12682,1,all_sent,cos_task,200,0.44990663315326807,0.26053691816225416
20251209_mini-v1.17.2_devstral-2512/scikit-learn__scikit-learn-12682,1,all_sent,pca1,200,0.008084535451796286,-0.3262540256359064
20251209_mini-v1.17.2_devstral-2512/scikit-learn__scikit-learn-12682,1,all_sent,norm,200,1.9354266999277666e-05,1.0
20251209_mini-v1.17.2_devstral-2512/scikit-learn__scikit-learn-14087,0,all_sent,cos_step,200,4.973268645264253e-07,
20251209_mini-v1.17.2_devstral-2512/scikit-learn__scikit-learn-14087,0,all_sent,cos_task,200,0.38238191724230497,0.3480869197149204
20251209_mini-v1.17.2_devstral-2512/scikit-learn__scikit-learn-14087,0,all_sent,pca1,200,0.00404222530153606,-0.013416804172483244
20251209_mini-v1.17.2_devstral-2512/scikit-learn__scikit-learn-14087,0,all_sent,norm,200,1.0543792773428223e-06,1.0
20251209_mini-v1.17.2_devstral-2512/scikit-learn__scikit-learn-14983,0,all_sent,cos_step,200,0.00142741949900815,
20251209_mini-v1.17.2_devstral-2512/scikit-learn__scikit-learn-14983,0,all_sent,cos_task,200,2.662101536639706e-08,0.38154338720961567
20251209_mini-v1.17.2_devstral-2512/scikit-learn__scikit-learn-14983,0,all_sent,pca1,200,0.14251273365626346,-0.06492078629787539
20251209_mini-v1.17.2_devstral-2512/scikit-learn__scikit-learn-14983,0,all_sent,norm,200,0.0022381151628458724,0.9999969544530845
20251209_mini-v1.17.2_devstral-2512/scikit-learn__scikit-learn-26194,1,all_sent,cos_step,200,0.0004823700987365766,
20251209_mini-v1.17.2_devstral-2512/scikit-learn__scikit-learn-26194,1,all_sent,cos_task,200,0.003055872577230405,0.4642834437305055
20251209_mini-v1.17.2_devstral-2512/scikit-learn__scikit-learn-26194,1,all_sent,pca1,200,0.5107078519266057,-0.1302850373065022
20251209_mini-v1.17.2_devstral-2512/scikit-learn__scikit-learn-26194,1,all_sent,norm,200,0.0018207638813504668,1.0
20251209_mini-v1.17.2_devstral-2512/sphinx-doc__sphinx-9281,0,all_sent,cos_step,200,3.2402630244682354e-07,
20251209_mini-v1.17.2_devstral-2512/sphinx-doc__sphinx-9281,0,all_sent,cos_task,200,4.4342392073007e-08,0.3665612262151921
20251209_mini-v1.17.2_devstral-2512/sphinx-doc__sphinx-9281,0,all_sent,pca1,200,0.0013604996252522923,-0.24397974843061296
20251209_mini-v1.17.2_devstral-2512/sphinx-doc__sphinx-9281,0,all_sent,norm,200,0.0002731498524438654,0.9999996193045341
20251209_mini-v1.17.2_devstral-2512/sphinx-doc__sphinx-9711,0,all_sent,cos_step,200,0.8304693090607137,
20251209_mini-v1.17.2_devstral-2512/sphinx-doc__sphinx-9711,0,all_sent,cos_task,200,0.0031908755254448453,0.15802495456059698
20251209_mini-v1.17.2_devstral-2512/sphinx-doc__sphinx-9711,0,all_sent,pca1,200,0.0009756495081453129,-0.2205731362686984
20251209_mini-v1.17.2_devstral-2512/sphinx-doc__sphinx-9711,0,all_sent,norm,200,0.8337342234423616,0.9999999999999999
20251209_mini-v1.17.2_devstral-2512/sympy__sympy-17318,1,all_sent,cos_step,200,1.8655096842569745e-07,
20251209_mini-v1.17.2_devstral-2512/sympy__sympy-17318,1,all_sent,cos_task,200,4.183921685752225e-05,0.44436373553628294
20251209_mini-v1.17.2_devstral-2512/sympy__sympy-17318,1,all_sent,pca1,200,0.21978584140594692,-0.15417847798394993
20251209_mini-v1.17.2_devstral-2512/sympy__sympy-17318,1,all_sent,norm,200,1.7534500029323168e-07,1.0
20251209_mini-v1.17.2_devstral-2512/sympy__sympy-17630,1,all_sent,cos_step,200,5.0891683128935684e-08,
20251209_mini-v1.17.2_devstral-2512/sympy__sympy-17630,1,all_sent,cos_task,200,0.45065692907678456,0.380054715101897
20251209_mini-v1.17.2_devstral-2512/sympy__sympy-17630,1,all_sent,pca1,200,0.000307057907926214,-0.09246562048373495
20251209_mini-v1.17.2_devstral-2512/sympy__sympy-17630,1,all_sent,norm,200,7.79141020957579e-07,0.9999999999999999
20251209_mini-v1.17.2_devstral-2512/sympy__sympy-24213,0,all_sent,cos_step,200,6.908112172278163e-07,
20251209_mini-v1.17.2_devstral-2512/sympy__sympy-24213,0,all_sent,cos_task,200,4.26511505159822e-09,0.36659847174509436
20251209_mini-v1.17.2_devstral-2512/sympy__sympy-24213,0,all_sent,pca1,200,0.004154056212216014,-0.2761913427230273
20251209_mini-v1.17.2_devstral-2512/sympy__sympy-24213,0,all_sent,norm,200,1.1707442385900377e-07,0.9999999999999999
20251209_mini-v1.17.2_devstral-small-2512/astropy__astropy-14309,0,all_sent,cos_step,200,0.1191371975116484,
20251209_mini-v1.17.2_devstral-small-2512/astropy__astropy-14309,0,all_sent,cos_task,200,0.08126381013821105,0.33466991619992825
20251209_mini-v1.17.2_devstral-small-2512/astropy__astropy-14309,0,all_sent,pca1,200,0.6912245540137288,-0.29379304423735647
20251209_mini-v1.17.2_devstral-small-2512/astropy__astropy-14309,0,all_sent,norm,200,0.4850374795107565,1.0
20251209_mini-v1.17.2_devstral-small-2512/django__django-10880,1,all_sent,cos_step,200,0.06462629055856588,
20251209_mini-v1.17.2_devstral-small-2512/django__django-10880,1,all_sent,cos_task,200,0.00014940377225780717,0.2978066918958244
20251209_mini-v1.17.2_devstral-small-2512/django__django-10880,1,all_sent,pca1,200,0.23501455359470633,-0.37778192781816505
20251209_mini-v1.17.2_devstral-small-2512/django__django-10880,1,all_sent,norm,200,0.19584052708470476,0.9999969544438091
20251209_mini-v1.17.2_devstral-small-2512/django__django-11490,0,all_sent,cos_step,200,3.221431826130409e-10,
20251209_mini-v1.17.2_devstral-small-2512/django__django-11490,0,all_sent,cos_task,200,4.765995133812774e-08,0.27090752868661105
20251209_mini-v1.17.2_devstral-small-2512/django__django-11490,0,all_sent,pca1,200,0.015200811146384333,-0.14860021326412362
20251209_mini-v1.17.2_devstral-small-2512/django__django-11490,0,all_sent,norm,200,8.083548163423667e-11,0.9999954317004961
20251209_mini-v1.17.2_devstral-small-2512/django__django-11555,0,all_sent,cos_step,200,1.1996311198218824e-08,
20251209_mini-v1.17.2_devstral-small-2512/django__django-11555,0,all_sent,cos_task,200,0.0027564459383903864,0.2397713559137694
20251209_mini-v1.17.2_devstral-small-2512/django__django-11555,0,all_sent,pca1,200,0.0692556665977296,-0.22951396952200176
20251209_mini-v1.17.2_devstral-small-2512/django__django-11555,0,all_sent,norm,200,1.3570872995212929e-09,1.0
20251209_mini-v1.17.2_devstral-small-2512/django__django-12125,1,all_sent,cos_step,200,7.227865077364519e-08,
20251209_mini-v1.17.2_devstral-small-2512/django__django-12125,1,all_sent,cos_task,200,1.7187556054211012e-11,0.2699574145491061
20251209_mini-v1.17.2_devstral-small-2512/django__django-12125,1,all_sent,pca1,200,2.152152786359249e-05,-0.3608662978056899
20251209_mini-v1.17.2_devstral-small-2512/django__django-12125,1,all_sent,norm,200,3.476093301876147e-10,0.9999954316031038
20251209_mini-v1.17.2_devstral-small-2512/django__django-12262,0,all_sent,cos_step,200,0.47270515188456674,
20251209_mini-v1.17.2_devstral-small-2512/django__django-12262,0,all_sent,cos_task,200,3.030121521205915e-12,0.24715433401912457
20251209_mini-v1.17.2_devstral-small-2512/django__django-12262,0,all_sent,pca1,200,0.0006983878971992048,-0.24997782366895793
20251209_mini-v1.17.2_devstral-small-2512/django__django-12262,0,all_sent,norm,200,0.8311815748589388,0.9999969544577222
20251209_mini-v1.17.2_devstral-small-2512/django__django-14238,0,all_sent,cos_step,200,7.528376509028976e-09,
20251209_mini-v1.17.2_devstral-small-2512/django__django-14238,0,all_sent,cos_task,200,8.594073316821631e-06,0.2959186121233485
20251209_mini-v1.17.2_devstral-small-2512/django__django-14238,0,all_sent,pca1,200,0.00029641141879965333,-0.16413950584844125
20251209_mini-v1.17.2_devstral-small-2512/django__django-14238,0,all_sent,norm,200,1.4808888751915074e-08,1.0
20251209_mini-v1.17.2_devstral-small-2512/django__django-14725,1,all_sent,cos_step,200,0.007928023983759507,
20251209_mini-v1.17.2_devstral-small-2512/django__django-14725,1,all_sent,cos_task,200,9.657672838865234e-12,0.1387228577980774
20251209_mini-v1.17.2_devstral-small-2512/django__django-14725,1,all_sent,pca1,200,3.855788278421954e-05,-0.32764021405553884
20251209_mini-v1.17.2_devstral-small-2512/django__django-14725,1,all_sent,norm,200,0.0344119652092501,1.0
20251209_mini-v1.17.2_devstral-small-2512/django__django-16032,1,all_sent,cos_step,200,2.5768968446750417e-05,
20251209_mini-v1.17.2_devstral-small-2512/django__django-16032,1,all_sent,cos_task,200,0.00027890100178997937,0.1607722256421149
20251209_mini-v1.17.2_devstral-small-2512/django__django-16032,1,all_sent,pca1,200,0.02227019458280098,-0.10814082702242335
20251209_mini-v1.17.2_devstral-small-2512/django__django-16032,1,all_sent,norm,200,6.844297893519959e-05,0.9999999999999999
20251209_mini-v1.17.2_devstral-small-2512/django__django-16429,0,all_sent,cos_step,200,9.495831878051137e-08,
20251209_mini-v1.17.2_devstral-small-2512/django__django-16429,0,all_sent,cos_task,200,0.008145568562751258,0.18315551592981597
20251209_mini-v1.17.2_devstral-small-2512/django__django-16429,0,all_sent,pca1,200,0.19439416466522602,0.016655346861483945
20251209_mini-v1.17.2_devstral-small-2512/django__django-16429,0,all_sent,norm,200,3.954966027397904e-08,0.9999984771859616
20251209_mini-v1.17.2_devstral-small-2512/django__django-16631,1,all_sent,cos_step,200,2.651929678271882e-06,
20251209_mini-v1.17.2_devstral-small-2512/django__django-16631,1,all_sent,cos_task,200,6.956377858988073e-10,0.2949147109448097
20251209_mini-v1.17.2_devstral-small-2512/django__django-16631,1,all_sent,pca1,200,1.073855311988616e-08,-0.3917833783188648
20251209_mini-v1.17.2_devstral-small-2512/django__django-16631,1,all_sent,norm,200,3.6918442089514073e-07,0.9999999999999999
20251209_mini-v1.17.2_devstral-small-2512/matplotlib__matplotlib-24149,0,all_sent,cos_step,200,1.942077366921879e-06,
20251209_mini-v1.17.2_devstral-small-2512/matplotlib__matplotlib-24149,0,all_sent,cos_task,200,1.0237788469550572e-07,0.19680704055557144
20251209_mini-v1.17.2_devstral-small-2512/matplotlib__matplotlib-24149,0,all_sent,pca1,200,0.20279985154504415,-0.1083492535244696
20251209_mini-v1.17.2_devstral-small-2512/matplotlib__matplotlib-24149,0,all_sent,norm,200,3.095900320573068e-06,0.9999984772021941
20251209_mini-v1.17.2_devstral-small-2512/matplotlib__matplotlib-24870,1,all_sent,cos_step,200,0.0015637169926262828,
20251209_mini-v1.17.2_devstral-small-2512/matplotlib__matplotlib-24870,1,all_sent,cos_task,200,0.8453038206434783,0.2944052161038997
20251209_mini-v1.17.2_devstral-small-2512/matplotlib__matplotlib-24870,1,all_sent,pca1,200,0.45033118494986046,-0.20125430639528222
20251209_mini-v1.17.2_devstral-small-2512/matplotlib__matplotlib-24870,1,all_sent,norm,200,0.005399362790560373,1.0
20251209_mini-v1.17.2_devstral-small-2512/matplotlib__matplotlib-25960,1,all_sent,cos_step,200,0.0001226093600344943,
20251209_mini-v1.17.2_devstral-small-2512/matplotlib__matplotlib-25960,1,all_sent,cos_task,200,0.001940646532729435,0.17729113544327924
20251209_mini-v1.17.2_devstral-small-2512/matplotlib__matplotlib-25960,1,all_sent,pca1,200,0.0005174843152011652,0.08645354534306249
20251209_mini-v1.17.2_devstral-small-2512/matplotlib__matplotlib-25960,1,all_sent,norm,200,0.00010808434340111301,0.9999984772346582
20251209_mini-v1.17.2_devstral-small-2512/pydata__xarray-3305,0,all_sent,cos_step,200,2.1040005386712006e-09,
20251209_mini-v1.17.2_devstral-small-2512/pydata__xarray-3305,0,all_sent,cos_task,200,1.6229030604522112e-12,0.3443313694562901
20251209_mini-v1.17.2_devstral-small-2512/pydata__xarray-3305,0,all_sent,pca1,200,0.0864180470440991,-0.07400413892108963
20251209_mini-v1.17.2_devstral-small-2512/pydata__xarray-3305,0,all_sent,norm,200,1.3141831550616256e-09,1.0
20251209_mini-v1.17.2_devstral-small-2512/pydata__xarray-6599,1,all_sent,cos_step,200,9.52082527362228e-12,
20251209_mini-v1.17.2_devstral-small-2512/pydata__xarray-6599,1,all_sent,cos_task,200,8.861316567149071e-11,0.3549418177619444
20251209_mini-v1.17.2_devstral-small-2512/pydata__xarray-6599,1,all_sent,pca1,200,1.2598263306993036e-06,0.08633571727508711
20251209_mini-v1.17.2_devstral-small-2512/pydata__xarray-6599,1,all_sent,norm,200,4.012743692098668e-15,1.0
20251209_mini-v1.17.2_devstral-small-2512/pydata__xarray-7229,1,all_sent,cos_step,200,6.87579973218482e-09,
20251209_mini-v1.17.2_devstral-small-2512/pydata__xarray-7229,1,all_sent,cos_task,200,2.978561744660972e-10,0.3080455376784768
20251209_mini-v1.17.2_devstral-small-2512/pydata__xarray-7229,1,all_sent,pca1,200,0.7686734529561137,-0.20450458133170474
20251209_mini-v1.17.2_devstral-small-2512/pydata__xarray-7229,1,all_sent,norm,200,2.7229587327705242e-08,1.0
20251209_mini-v1.17.2_devstral-small-2512/pytest-dev__pytest-7324,1,all_sent,cos_step,200,2.2559837242474387e-11,
20251209_mini-v1.17.2_devstral-small-2512/pytest-dev__pytest-7324,1,all_sent,cos_task,200,0.007303119352467874,0.21197698439023668
20251209_mini-v1.17.2_devstral-small-2512/pytest-dev__pytest-7324,1,all_sent,pca1,200,0.37177871210298685,-0.16386255500851862
20251209_mini-v1.17.2_devstral-small-2512/pytest-dev__pytest-7324,1,all_sent,norm,200,7.198017902560738e-12,1.0
20251209_mini-v1.17.2_devstral-small-2512/sympy__sympy-17318,1,all_sent,cos_step,200,0.008420433982415328,
20251209_mini-v1.17.2_devstral-small-2512/sympy__sympy-17318,1,all_sent,cos_task,200,0.0031143918846947382,0.4073179238664065
20251209_mini-v1.17.2_devstral-small-2512/sympy__sympy-17318,1,all_sent,pca1,200,0.30388219114219395,-0.19924217345986758
20251209_mini-v1.17.2_devstral-small-2512/sympy__sympy-17318,1,all_sent,norm,200,0.0751957882075204,0.9999999999999999
20251209_mini-v1.17.2_devstral-small-2512/sympy__sympy-21596,1,all_sent,cos_step,200,0.00011498971764638663,
20251209_mini-v1.17.2_devstral-small-2512/sympy__sympy-21596,1,all_sent,cos_task,200,8.048819935314561e-16,0.2423949867279916
20251209_mini-v1.17.2_devstral-small-2512/sympy__sympy-21596,1,all_sent,pca1,200,0.0017865384209305498,-0.04452587895418064
20251209_mini-v1.17.2_devstral-small-2512/sympy__sympy-21596,1,all_sent,norm,200,0.000610431881482818,1.0
20260217_mini-v2.0.0_gemini-3-flash-high/astropy__astropy-14369,1,all_sent,cos_step,200,9.365758583983626e-13,
20260217_mini-v2.0.0_gemini-3-flash-high/astropy__astropy-14369,1,all_sent,cos_task,200,3.2558021712138475e-11,0.35895409429824726
20260217_mini-v2.0.0_gemini-3-flash-high/astropy__astropy-14369,1,all_sent,pca1,200,0.0019240249096470722,-0.3707571563028278
20260217_mini-v2.0.0_gemini-3-flash-high/astropy__astropy-14369,1,all_sent,norm,200,5.007389349786357e-14,1.0
20260217_mini-v2.0.0_gemini-3-flash-high/django__django-11141,0,all_sent,cos_step,200,0.017688578833808748,
20260217_mini-v2.0.0_gemini-3-flash-high/django__django-11141,0,all_sent,cos_task,200,0.12496393328318303,0.3701358079305229
20260217_mini-v2.0.0_gemini-3-flash-high/django__django-11141,0,all_sent,pca1,200,0.040237019536605315,-0.39548377911065147
20260217_mini-v2.0.0_gemini-3-flash-high/django__django-11141,0,all_sent,norm,200,0.029928306806523475,1.0
20260217_mini-v2.0.0_gemini-3-flash-high/django__django-11149,0,all_sent,cos_step,200,6.080757659761065e-06,
20260217_mini-v2.0.0_gemini-3-flash-high/django__django-11149,0,all_sent,cos_task,200,0.06461932874328184,0.3167636034442851
20260217_mini-v2.0.0_gemini-3-flash-high/django__django-11149,0,all_sent,pca1,200,0.005750519642352156,-0.35804732606019674
20260217_mini-v2.0.0_gemini-3-flash-high/django__django-11149,0,all_sent,norm,200,1.1295868225283466e-05,1.0
20260217_mini-v2.0.0_gemini-3-flash-high/django__django-11163,0,all_sent,cos_step,200,0.003817667111695454,
20260217_mini-v2.0.0_gemini-3-flash-high/django__django-11163,0,all_sent,cos_task,200,1.1298852292125021e-05,0.21955356986526872
20260217_mini-v2.0.0_gemini-3-flash-high/django__django-11163,0,all_sent,pca1,200,0.009776792892420071,-0.2864107349114062
20260217_mini-v2.0.0_gemini-3-flash-high/django__django-11163,0,all_sent,norm,200,0.005872081745364276,0.9999999999999999
20260217_mini-v2.0.0_gemini-3-flash-high/django__django-11400,0,all_sent,cos_step,200,4.705508891037137e-06,
20260217_mini-v2.0.0_gemini-3-flash-high/django__django-11400,0,all_sent,cos_task,200,2.5582254041209916e-13,0.3529068693985178
20260217_mini-v2.0.0_gemini-3-flash-high/django__django-11400,0,all_sent,pca1,200,7.1552575362302e-06,-0.32906945536350035
20260217_mini-v2.0.0_gemini-3-flash-high/django__django-11400,0,all_sent,norm,200,2.331121440027276e-05,0.9999969544693162
20260217_mini-v2.0.0_gemini-3-flash-high/django__django-11880,0,all_sent,cos_step,200,1.0554732702513902e-06,
20260217_mini-v2.0.0_gemini-3-flash-high/django__django-11880,0,all_sent,cos_task,200,1.9241042597748406e-07,0.38341819001748506
20260217_mini-v2.0.0_gemini-3-flash-high/django__django-11880,0,all_sent,pca1,200,0.1234278885596138,-0.2373596286279204
20260217_mini-v2.0.0_gemini-3-flash-high/django__django-11880,0,all_sent,norm,200,5.1183925382036545e-06,1.0
20260217_mini-v2.0.0_gemini-3-flash-high/django__django-11999,0,all_sent,cos_step,200,3.0150878172087418e-05,
20260217_mini-v2.0.0_gemini-3-flash-high/django__django-11999,0,all_sent,cos_task,200,0.002383193623025298,0.34121707920352606
20260217_mini-v2.0.0_gemini-3-flash-high/django__django-11999,0,all_sent,pca1,200,0.032890305542797996,-0.2854107112199721
20260217_mini-v2.0.0_gemini-3-flash-high/django__django-11999,0,all_sent,norm,200,3.6389669411340954e-05,1.0
20260217_mini-v2.0.0_gemini-3-flash-high/django__django-13012,0,all_sent,cos_step,200,2.5595474479296273e-11,
20260217_mini-v2.0.0_gemini-3-flash-high/django__django-13012,0,all_sent,cos_task,200,0.3021271201644854,0.3440895418874686
20260217_mini-v2.0.0_gemini-3-flash-high/django__django-13012,0,all_sent,pca1,200,0.27027776722212704,-0.28755520515041805
20260217_mini-v2.0.0_gemini-3-flash-high/django__django-13012,0,all_sent,norm,200,6.746416541493903e-17,0.9999984772346582
20260217_mini-v2.0.0_gemini-3-flash-high/django__django-13028,0,all_sent,cos_step,200,9.096551612883044e-05,
20260217_mini-v2.0.0_gemini-3-flash-high/django__django-13028,0,all_sent,cos_task,200,0.00021862161975818445,0.36687024871284063
20260217_mini-v2.0.0_gemini-3-flash-high/django__django-13028,0,all_sent,pca1,200,0.0001876062462809922,-0.40622783651901095
20260217_mini-v2.0.0_gemini-3-flash-high/django__django-13028,0,all_sent,norm,200,0.00022179126520165503,1.0
20260217_mini-v2.0.0_gemini-3-flash-high/django__django-13449,0,all_sent,cos_step,200,0.0029825002497568284,
20260217_mini-v2.0.0_gemini-3-flash-high/django__django-13449,0,all_sent,cos_task,200,0.20353978156107788,0.360517524651462
20260217_mini-v2.0.0_gemini-3-flash-high/django__django-13449,0,all_sent,pca1,200,0.044825867795011416,-0.45151261933330716
20260217_mini-v2.0.0_gemini-3-flash-high/django__django-13449,0,all_sent,norm,200,0.0021754142404583074,0.9999984772207451
20260217_mini-v2.0.0_gemini-3-flash-high/django__django-14170,1,all_sent,cos_step,200,3.390257484993294e-09,
20260217_mini-v2.0.0_gemini-3-flash-high/django__django-14170,1,all_sent,cos_task,200,0.0013318891107748797,0.5085177944989506
20260217_mini-v2.0.0_gemini-3-flash-high/django__django-14170,1,all_sent,pca1,200,0.013019556244983091,-0.3972034361267934
20260217_mini-v2.0.0_gemini-3-flash-high/django__django-14170,1,all_sent,norm,200,1.3900510513258733e-12,0.9999999999999999
20260217_mini-v2.0.0_gemini-3-flash-high/django__django-15503,0,all_sent,cos_step,200,3.4638741695490406e-06,
20260217_mini-v2.0.0_gemini-3-flash-high/django__django-15503,0,all_sent,cos_task,200,3.4843664425637635e-07,0.44610418608140756
20260217_mini-v2.0.0_gemini-3-flash-high/django__django-15503,0,all_sent,pca1,200,0.0005433208872070185,-0.45207956050365894
20260217_mini-v2.0.0_gemini-3-flash-high/django__django-15503,0,all_sent,norm,200,9.032248136532991e-08,1.0
20260217_mini-v2.0.0_gemini-3-flash-high/pydata__xarray-3151,0,all_sent,cos_step,200,0.0023771987465601233,
20260217_mini-v2.0.0_gemini-3-flash-high/pydata__xarray-3151,0,all_sent,cos_task,200,0.42558769241870564,0.3074572148093078
20260217_mini-v2.0.0_gemini-3-flash-high/pydata__xarray-3151,0,all_sent,pca1,200,0.09426279326353439,-0.2656372714182842
20260217_mini-v2.0.0_gemini-3-flash-high/pydata__xarray-3151,0,all_sent,norm,200,0.006677038288496537,0.9999984772300204
20260217_mini-v2.0.0_gemini-3-flash-high/pylint-dev__pylint-6903,0,all_sent,cos_step,200,0.0006463839533839271,
20260217_mini-v2.0.0_gemini-3-flash-high/pylint-dev__pylint-6903,0,all_sent,cos_task,200,0.550877235998323,0.4253113399596568
20260217_mini-v2.0.0_gemini-3-flash-high/pylint-dev__pylint-6903,0,all_sent,pca1,200,0.6095673232280334,-0.30846001832763886
20260217_mini-v2.0.0_gemini-3-flash-high/pylint-dev__pylint-6903,0,all_sent,norm,200,0.002256545894164567,0.9999999999999999
20260217_mini-v2.0.0_gemini-3-flash-high/pylint-dev__pylint-8898,1,all_sent,cos_step,200,0.0001370991781993642,
20260217_mini-v2.0.0_gemini-3-flash-high/pylint-dev__pylint-8898,1,all_sent,cos_task,200,0.25267243592300137,0.2845654671581967
20260217_mini-v2.0.0_gemini-3-flash-high/pylint-dev__pylint-8898,1,all_sent,pca1,200,0.7295367519991982,-0.2987744013815404
20260217_mini-v2.0.0_gemini-3-flash-high/pylint-dev__pylint-8898,1,all_sent,norm,200,5.47469796486996e-05,1.0
20260217_mini-v2.0.0_gemini-3-flash-high/pytest-dev__pytest-7490,1,all_sent,cos_step,200,0.024898083211409402,
20260217_mini-v2.0.0_gemini-3-flash-high/pytest-dev__pytest-7490,1,all_sent,cos_task,200,0.2979845356077432,0.3367352066513285
20260217_mini-v2.0.0_gemini-3-flash-high/pytest-dev__pytest-7490,1,all_sent,pca1,200,0.29907479344356896,-0.3591778247844306
20260217_mini-v2.0.0_gemini-3-flash-high/pytest-dev__pytest-7490,1,all_sent,norm,200,0.02336122972994362,1.0
20260217_mini-v2.0.0_gemini-3-flash-high/scikit-learn__scikit-learn-11310,0,all_sent,cos_step,200,0.004363475273805573,
20260217_mini-v2.0.0_gemini-3-flash-high/scikit-learn__scikit-learn-11310,0,all_sent,cos_task,200,0.00016197531508131653,0.40278194953605234
20260217_mini-v2.0.0_gemini-3-flash-high/scikit-learn__scikit-learn-11310,0,all_sent,pca1,200,0.4455137942638351,-0.2850382843563338
20260217_mini-v2.0.0_gemini-3-flash-high/scikit-learn__scikit-learn-11310,0,all_sent,norm,200,0.010786398575444979,0.9999999999999999
20260217_mini-v2.0.0_gemini-3-flash-high/sphinx-doc__sphinx-10466,0,all_sent,cos_step,200,0.5426168305814233,
20260217_mini-v2.0.0_gemini-3-flash-high/sphinx-doc__sphinx-10466,0,all_sent,cos_task,200,0.4871743228365817,0.3152114615987428
20260217_mini-v2.0.0_gemini-3-flash-high/sphinx-doc__sphinx-10466,0,all_sent,pca1,200,0.28911980305867857,-0.27511079116035175
20260217_mini-v2.0.0_gemini-3-flash-high/sphinx-doc__sphinx-10466,0,all_sent,norm,200,0.6229988530461972,1.0
20260217_mini-v2.0.0_gemini-3-flash-high/sphinx-doc__sphinx-7889,0,all_sent,cos_step,200,0.0002043997940506561,
20260217_mini-v2.0.0_gemini-3-flash-high/sphinx-doc__sphinx-7889,0,all_sent,cos_task,200,0.042217788647111266,0.3931199048636827
20260217_mini-v2.0.0_gemini-3-flash-high/sphinx-doc__sphinx-7889,0,all_sent,pca1,200,0.8423314933380901,-0.45019541140015423
20260217_mini-v2.0.0_gemini-3-flash-high/sphinx-doc__sphinx-7889,0,all_sent,norm,200,1.6310309807664086e-05,0.9999999999999999
20260217_mini-v2.0.0_gemini-3-flash-high/sphinx-doc__sphinx-9698,0,all_sent,cos_step,200,0.0022664076319655934,
20260217_mini-v2.0.0_gemini-3-flash-high/sphinx-doc__sphinx-9698,0,all_sent,cos_task,200,0.6711450048708878,0.24477557052465682
20260217_mini-v2.0.0_gemini-3-flash-high/sphinx-doc__sphinx-9698,0,all_sent,pca1,200,0.0012309539624414689,-0.23585595216096822
20260217_mini-v2.0.0_gemini-3-flash-high/sphinx-doc__sphinx-9698,0,all_sent,norm,200,0.00011304493261008506,0.9999999999999999
20260217_mini-v2.0.0_gemini-3-flash-high/sphinx-doc__sphinx-9711,0,all_sent,cos_step,200,5.658398809508846e-06,
20260217_mini-v2.0.0_gemini-3-flash-high/sphinx-doc__sphinx-9711,0,all_sent,cos_task,200,0.02289384973384531,0.45043754808642306
20260217_mini-v2.0.0_gemini-3-flash-high/sphinx-doc__sphinx-9711,0,all_sent,pca1,200,0.049139630052646745,-0.4506446444094355
20260217_mini-v2.0.0_gemini-3-flash-high/sphinx-doc__sphinx-9711,0,all_sent,norm,200,7.386864238171406e-06,1.0
20260217_mini-v2.0.0_gemini-3-flash-high/sympy__sympy-14976,1,all_sent,cos_step,200,3.6774855623440308e-06,
20260217_mini-v2.0.0_gemini-3-flash-high/sympy__sympy-14976,1,all_sent,cos_task,200,5.289449760480825e-06,0.2299855603295222
20260217_mini-v2.0.0_gemini-3-flash-high/sympy__sympy-14976,1,all_sent,pca1,200,0.04612287102986413,-0.38797909693081095
20260217_mini-v2.0.0_gemini-3-flash-high/sympy__sympy-14976,1,all_sent,norm,200,1.5748489805682752e-10,1.0
20260217_mini-v2.0.0_gemini-3-flash-high/sympy__sympy-16886,0,all_sent,cos_step,200,2.1543562885487433e-16,
20260217_mini-v2.0.0_gemini-3-flash-high/sympy__sympy-16886,0,all_sent,cos_task,200,9.34301349015336e-07,0.3123549317614198
20260217_mini-v2.0.0_gemini-3-flash-high/sympy__sympy-16886,0,all_sent,pca1,200,0.5324787185997337,-0.06652705345498244
20260217_mini-v2.0.0_gemini-3-flash-high/sympy__sympy-16886,0,all_sent,norm,200,3.650427917078589e-18,0.9999999999999999
20260217_mini-v2.0.0_gemini-3-flash-high/sympy__sympy-19637,0,all_sent,cos_step,200,0.061353703542733194,
20260217_mini-v2.0.0_gemini-3-flash-high/sympy__sympy-19637,0,all_sent,cos_task,200,4.717485498673055e-07,0.3725283054495279
20260217_mini-v2.0.0_gemini-3-flash-high/sympy__sympy-19637,0,all_sent,pca1,200,0.14733074401840596,-0.22707021609257957
20260217_mini-v2.0.0_gemini-3-flash-high/sympy__sympy-19637,0,all_sent,norm,200,0.0808456690147648,0.9999984772300204
20260217_mini-v2.0.0_gemini-3-flash-high/sympy__sympy-20916,1,all_sent,cos_step,200,0.0017177605060667725,
20260217_mini-v2.0.0_gemini-3-flash-high/sympy__sympy-20916,1,all_sent,cos_task,200,0.0025952957614798823,0.43280069499075663
20260217_mini-v2.0.0_gemini-3-flash-high/sympy__sympy-20916,1,all_sent,pca1,200,0.0015491189416875566,-0.3507327171713497
20260217_mini-v2.0.0_gemini-3-flash-high/sympy__sympy-20916,1,all_sent,norm,200,0.007286304930053786,1.0
20260217_mini-v2.0.0_gemini-3-flash-high/sympy__sympy-21379,0,all_sent,cos_step,200,8.952311309108994e-13,
20260217_mini-v2.0.0_gemini-3-flash-high/sympy__sympy-21379,0,all_sent,cos_task,200,0.004163222422480598,0.2803606391303358
20260217_mini-v2.0.0_gemini-3-flash-high/sympy__sympy-21379,0,all_sent,pca1,200,0.6248081128088432,-0.11200248517335903
20260217_mini-v2.0.0_gemini-3-flash-high/sympy__sympy-21379,0,all_sent,norm,200,1.3403247614734596e-12,0.9999999999999999
20260217_mini-v2.0.0_gemini-3-flash-high/sympy__sympy-21930,1,all_sent,cos_step,200,0.0019450101238920998,
20260217_mini-v2.0.0_gemini-3-flash-high/sympy__sympy-21930,1,all_sent,cos_task,200,9.736051437637065e-10,0.2814141861021837
20260217_mini-v2.0.0_gemini-3-flash-high/sympy__sympy-21930,1,all_sent,pca1,200,0.03465150200845869,-0.1796318919407097
20260217_mini-v2.0.0_gemini-3-flash-high/sympy__sympy-21930,1,all_sent,norm,200,0.0013694768963179974,0.9999999999999999
20260217_mini-v2.0.0_gemini-3-flash-high/sympy__sympy-23534,0,all_sent,cos_step,200,3.6471156159449e-06,
20260217_mini-v2.0.0_gemini-3-flash-high/sympy__sympy-23534,0,all_sent,cos_task,200,8.278126751362314e-07,0.30525116799019875
20260217_mini-v2.0.0_gemini-3-flash-high/sympy__sympy-23534,0,all_sent,pca1,200,0.019407838147421218,-0.14431270672498275
20260217_mini-v2.0.0_gemini-3-flash-high/sympy__sympy-23534,0,all_sent,norm,200,7.774279759073094e-06,1.0
20260226_mini-v2.0.0_gemini-3-pro-high/astropy__astropy-13579,0,all_sent,cos_step,200,2.2535677500821203e-06,
20260226_mini-v2.0.0_gemini-3-pro-high/astropy__astropy-13579,0,all_sent,cos_task,200,0.7283896363122728,0.2876580024438177
20260226_mini-v2.0.0_gemini-3-pro-high/astropy__astropy-13579,0,all_sent,pca1,200,0.03841344117395918,-0.3030075998024356
20260226_mini-v2.0.0_gemini-3-pro-high/astropy__astropy-13579,0,all_sent,norm,200,2.8321262890690814e-06,1.0
20260226_mini-v2.0.0_gemini-3-pro-high/django__django-11815,1,all_sent,cos_step,200,1.6956560063317674e-07,
20260226_mini-v2.0.0_gemini-3-pro-high/django__django-11815,1,all_sent,cos_task,200,0.00014263975528066092,0.31008019308884893
20260226_mini-v2.0.0_gemini-3-pro-high/django__django-11815,1,all_sent,pca1,200,0.0019341157899150823,-0.3613428582862207
20260226_mini-v2.0.0_gemini-3-pro-high/django__django-11815,1,all_sent,norm,200,1.39028493424196e-07,0.9999999999999999
20260226_mini-v2.0.0_gemini-3-pro-high/django__django-13212,1,all_sent,cos_step,200,3.705431489738477e-05,
20260226_mini-v2.0.0_gemini-3-pro-high/django__django-13212,1,all_sent,cos_task,200,0.00326644829783889,0.42277540078250386
20260226_mini-v2.0.0_gemini-3-pro-high/django__django-13212,1,all_sent,pca1,200,0.1916916116189098,-0.3183852285614775
20260226_mini-v2.0.0_gemini-3-pro-high/django__django-13212,1,all_sent,norm,200,7.252220324582851e-05,1.0
20260226_mini-v2.0.0_gemini-3-pro-high/django__django-15973,1,all_sent,cos_step,200,0.001408391508464452,
20260226_mini-v2.0.0_gemini-3-pro-high/django__django-15973,1,all_sent,cos_task,200,0.00012070259931446685,0.3608072811197318
20260226_mini-v2.0.0_gemini-3-pro-high/django__django-15973,1,all_sent,pca1,200,0.01727786779882128,-0.163764783998186
20260226_mini-v2.0.0_gemini-3-pro-high/django__django-15973,1,all_sent,norm,200,0.0043653971063779,0.9999999999999999
20260226_mini-v2.0.0_gemini-3-pro-high/matplotlib__matplotlib-23412,0,all_sent,cos_step,200,1.709055740017431e-08,
20260226_mini-v2.0.0_gemini-3-pro-high/matplotlib__matplotlib-23412,0,all_sent,cos_task,200,0.860622557992341,0.22747817969947554
20260226_mini-v2.0.0_gemini-3-pro-high/matplotlib__matplotlib-23412,0,all_sent,pca1,200,0.8630524293552644,-0.14326992150517429
20260226_mini-v2.0.0_gemini-3-pro-high/matplotlib__matplotlib-23412,0,all_sent,norm,200,3.058325573479956e-08,0.9999999999999999
20260226_mini-v2.0.0_gemini-3-pro-high/matplotlib__matplotlib-23476,1,all_sent,cos_step,200,0.0015441536130112099,
20260226_mini-v2.0.0_gemini-3-pro-high/matplotlib__matplotlib-23476,1,all_sent,cos_task,200,5.072639360677109e-05,0.3729579202033805
20260226_mini-v2.0.0_gemini-3-pro-high/matplotlib__matplotlib-23476,1,all_sent,pca1,200,0.002822873232198188,-0.2873006839134733
20260226_mini-v2.0.0_gemini-3-pro-high/matplotlib__matplotlib-23476,1,all_sent,norm,200,0.0074556723380935375,0.9999999999999999
20260226_mini-v2.0.0_gemini-3-pro-high/pydata__xarray-4966,0,all_sent,cos_step,200,6.186770951669428e-09,
20260226_mini-v2.0.0_gemini-3-pro-high/pydata__xarray-4966,0,all_sent,cos_task,200,0.0022583985205923427,0.3190080303884328
20260226_mini-v2.0.0_gemini-3-pro-high/pydata__xarray-4966,0,all_sent,pca1,200,0.006673964924887089,-0.292018270324828
20260226_mini-v2.0.0_gemini-3-pro-high/pydata__xarray-4966,0,all_sent,norm,200,3.9286316692947404e-11,1.0
20260226_mini-v2.0.0_gemini-3-pro-high/pytest-dev__pytest-6197,1,all_sent,cos_step,200,0.016327321328608146,
20260226_mini-v2.0.0_gemini-3-pro-high/pytest-dev__pytest-6197,1,all_sent,cos_task,200,0.08322976197110109,0.25403286287398
20260226_mini-v2.0.0_gemini-3-pro-high/pytest-dev__pytest-6197,1,all_sent,pca1,200,0.25905489655996466,-0.3400571190585402
20260226_mini-v2.0.0_gemini-3-pro-high/pytest-dev__pytest-6197,1,all_sent,norm,200,0.021564227032767978,1.0
20260226_mini-v2.0.0_gemini-3-pro-high/pytest-dev__pytest-7324,0,all_sent,cos_step,200,0.00040256005666956216,
20260226_mini-v2.0.0_gemini-3-pro-high/pytest-dev__pytest-7324,0,all_sent,cos_task,200,0.1636697470783422,0.22913855097196106
20260226_mini-v2.0.0_gemini-3-pro-high/pytest-dev__pytest-7324,0,all_sent,pca1,200,0.1705765593833165,-0.3328603868975577
20260226_mini-v2.0.0_gemini-3-pro-high/pytest-dev__pytest-7324,0,all_sent,norm,200,0.000399759849977152,0.9999999999999999
20260226_mini-v2.0.0_gemini-3-pro-high/scikit-learn__scikit-learn-11578,0,all_sent,cos_step,200,0.01164415451121044,
20260226_mini-v2.0.0_gemini-3-pro-high/scikit-learn__scikit-learn-11578,0,all_sent,cos_task,200,0.33122539194168077,0.1954829398694817
20260226_mini-v2.0.0_gemini-3-pro-high/scikit-learn__scikit-learn-11578,0,all_sent,pca1,200,0.8579420288323946,-0.4168247489245321
20260226_mini-v2.0.0_gemini-3-pro-high/scikit-learn__scikit-learn-11578,0,all_sent,norm,200,0.06020466281681651,1.0
20260226_mini-v2.0.0_gemini-3-pro-high/sphinx-doc__sphinx-9258,0,all_sent,cos_step,200,2.4348807008129286e-05,
20260226_mini-v2.0.0_gemini-3-pro-high/sphinx-doc__sphinx-9258,0,all_sent,cos_task,200,0.09371000744106314,0.2754986239817844
20260226_mini-v2.0.0_gemini-3-pro-high/sphinx-doc__sphinx-9258,0,all_sent,pca1,200,0.04594097482938973,-0.39778984071599977
20260226_mini-v2.0.0_gemini-3-pro-high/sphinx-doc__sphinx-9258,0,all_sent,norm,200,4.000793202585976e-06,0.9999999999999999
20260226_mini-v2.0.0_gemini-3-pro-high/sympy__sympy-15976,0,all_sent,cos_step,200,6.34071425942048e-07,
20260226_mini-v2.0.0_gemini-3-pro-high/sympy__sympy-15976,0,all_sent,cos_task,200,0.09777795919776144,0.29408687806749856
20260226_mini-v2.0.0_gemini-3-pro-high/sympy__sympy-15976,0,all_sent,pca1,200,0.8639912148597239,-0.19916780398969489
20260226_mini-v2.0.0_gemini-3-pro-high/sympy__sympy-15976,0,all_sent,norm,200,6.496640932135621e-07,1.0
20260226_mini-v2.0.0_gemini-3-pro-high/sympy__sympy-20438,1,all_sent,cos_step,200,8.283993520693831e-05,
20260226_mini-v2.0.0_gemini-3-pro-high/sympy__sympy-20438,1,all_sent,cos_task,200,0.0002415688019750131,0.4756469385699359
20260226_mini-v2.0.0_gemini-3-pro-high/sympy__sympy-20438,1,all_sent,pca1,200,0.0488665815582325,-0.3020239493376976
20260226_mini-v2.0.0_gemini-3-pro-high/sympy__sympy-20438,1,all_sent,norm,200,0.0005135415950684953,0.9999999999999999
20260226_mini-v2.0.0_gemini-3-pro-high/sympy__sympy-24539,0,all_sent,cos_step,200,3.178829340271322e-07,
20260226_mini-v2.0.0_gemini-3-pro-high/sympy__sympy-24539,0,all_sent,cos_task,200,8.327717674051888e-13,0.33496449242188736
20260226_mini-v2.0.0_gemini-3-pro-high/sympy__sympy-24539,0,all_sent,pca1,200,0.11902174689938635,-0.22456240802512586
20260226_mini-v2.0.0_gemini-3-pro-high/sympy__sympy-24539,0,all_sent,norm,200,1.0953412644530953e-07,0.9999999999999999
20260217_mini-v2.0.0_deepseek-3-2-high/astropy__astropy-14369,1,all_sent,cos_step,200,5.3345410259317744e-11,
20260217_mini-v2.0.0_deepseek-3-2-high/astropy__astropy-14369,1,all_sent,cos_task,200,3.5443457032717255e-08,0.37138408475787216
20260217_mini-v2.0.0_deepseek-3-2-high/astropy__astropy-14369,1,all_sent,pca1,200,9.151481282250297e-05,-0.19251634123800773
20260217_mini-v2.0.0_deepseek-3-2-high/astropy__astropy-14369,1,all_sent,norm,200,1.7020738258828214e-10,1.0
20260217_mini-v2.0.0_deepseek-3-2-high/django__django-11179,0,all_sent,cos_step,200,0.0007984749485044771,
20260217_mini-v2.0.0_deepseek-3-2-high/django__django-11179,0,all_sent,cos_task,200,0.6848073552512822,0.0928633291268383
20260217_mini-v2.0.0_deepseek-3-2-high/django__django-11179,0,all_sent,pca1,200,0.000758800000589509,-0.24596759917586347
20260217_mini-v2.0.0_deepseek-3-2-high/django__django-11179,0,all_sent,norm,200,0.0003037952593375402,1.0
20260217_mini-v2.0.0_deepseek-3-2-high/django__django-14089,0,all_sent,cos_step,200,7.217458720896434e-07,
20260217_mini-v2.0.0_deepseek-3-2-high/django__django-14089,0,all_sent,cos_task,200,0.00034894057354797013,0.10526860794629124
20260217_mini-v2.0.0_deepseek-3-2-high/django__django-14089,0,all_sent,pca1,200,0.00043467600508559416,-0.2343051888243281
20260217_mini-v2.0.0_deepseek-3-2-high/django__django-14089,0,all_sent,norm,200,7.422634878768984e-11,0.9999847720799132
20260217_mini-v2.0.0_deepseek-3-2-high/django__django-15368,0,all_sent,cos_step,200,5.946601646766489e-10,
20260217_mini-v2.0.0_deepseek-3-2-high/django__django-15368,0,all_sent,cos_task,200,0.06503598040058846,0.13986020907873273
20260217_mini-v2.0.0_deepseek-3-2-high/django__django-15368,0,all_sent,pca1,200,0.003396730895060927,-0.16230594111590954
20260217_mini-v2.0.0_deepseek-3-2-high/django__django-15368,0,all_sent,norm,200,2.3187635274541093e-12,0.999998477228861
20260217_mini-v2.0.0_deepseek-3-2-high/django__django-15973,0,all_sent,cos_step,200,5.7163727777568296e-11,
20260217_mini-v2.0.0_deepseek-3-2-high/django__django-15973,0,all_sent,cos_task,200,0.10099873572940797,0.3485350997411299
20260217_mini-v2.0.0_deepseek-3-2-high/django__django-15973,0,all_sent,pca1,200,0.04453277323358906,-0.31841023298309734
20260217_mini-v2.0.0_deepseek-3-2-high/django__django-15973,0,all_sent,norm,200,1.606527601171206e-11,1.0
20260217_mini-v2.0.0_deepseek-3-2-high/matplotlib__matplotlib-24570,0,all_sent,cos_step,200,3.192941964219667e-05,
20260217_mini-v2.0.0_deepseek-3-2-high/matplotlib__matplotlib-24570,0,all_sent,cos_task,200,0.029508606593952443,0.11327546825034264
20260217_mini-v2.0.0_deepseek-3-2-high/matplotlib__matplotlib-24570,0,all_sent,pca1,200,3.028554972595367e-11,-0.18432769910156846
20260217_mini-v2.0.0_deepseek-3-2-high/matplotlib__matplotlib-24570,0,all_sent,norm,200,3.1165528726620334e-06,1.0
20260217_mini-v2.0.0_deepseek-3-2-high/pylint-dev__pylint-6386,0,all_sent,cos_step,200,1.4940130861718437e-09,
20260217_mini-v2.0.0_deepseek-3-2-high/pylint-dev__pylint-6386,0,all_sent,cos_task,200,2.072571603849473e-06,0.29543171210963365
20260217_mini-v2.0.0_deepseek-3-2-high/pylint-dev__pylint-6386,0,all_sent,pca1,200,1.9278141108872434e-06,-0.316997615689154
20260217_mini-v2.0.0_deepseek-3-2-high/pylint-dev__pylint-6386,0,all_sent,norm,200,6.283292928138728e-14,0.9999916246511987
20260217_mini-v2.0.0_deepseek-3-2-high/pytest-dev__pytest-7205,1,all_sent,cos_step,200,2.3987131606126333e-11,
20260217_mini-v2.0.0_deepseek-3-2-high/pytest-dev__pytest-7205,1,all_sent,cos_task,200,0.9923680277811617,0.4021805296427673
20260217_mini-v2.0.0_deepseek-3-2-high/pytest-dev__pytest-7205,1,all_sent,pca1,200,0.5076073746869726,-0.3059986074279382
20260217_mini-v2.0.0_deepseek-3-2-high/pytest-dev__pytest-7205,1,all_sent,norm,200,5.283442701916564e-12,0.9999999999999999
20260217_mini-v2.0.0_deepseek-3-2-high/scikit-learn__scikit-learn-14983,0,all_sent,cos_step,200,5.551674113117243e-05,
20260217_mini-v2.0.0_deepseek-3-2-high/scikit-learn__scikit-learn-14983,0,all_sent,cos_task,200,3.581109036057209e-10,0.25968772389965517
20260217_mini-v2.0.0_deepseek-3-2-high/scikit-learn__scikit-learn-14983,0,all_sent,pca1,200,0.40771377476902215,-0.1846132410149954
20260217_mini-v2.0.0_deepseek-3-2-high/scikit-learn__scikit-learn-14983,0,all_sent,norm,200,4.0801826220766694e-05,0.9999999999999999
20260217_mini-v2.0.0_deepseek-3-2-high/sphinx-doc__sphinx-10449,0,all_sent,cos_step,200,2.5930382981740585e-11,
20260217_mini-v2.0.0_deepseek-3-2-high/sphinx-doc__sphinx-10449,0,all_sent,cos_task,200,1.454624491437314e-10,0.42327502914206666
20260217_mini-v2.0.0_deepseek-3-2-high/sphinx-doc__sphinx-10449,0,all_sent,pca1,200,0.0006339025062953143,-0.36285317713820253
20260217_mini-v2.0.0_deepseek-3-2-high/sphinx-doc__sphinx-10449,0,all_sent,norm,200,1.0050430617388706e-11,1.0
20260217_mini-v2.0.0_deepseek-3-2-high/sympy__sympy-19637,0,all_sent,cos_step,200,3.0208500880150294e-07,
20260217_mini-v2.0.0_deepseek-3-2-high/sympy__sympy-19637,0,all_sent,cos_task,200,6.1344381382881685e-09,0.4026911862624672
20260217_mini-v2.0.0_deepseek-3-2-high/sympy__sympy-19637,0,all_sent,pca1,200,0.2492322898859303,-0.023977490457024686
20260217_mini-v2.0.0_deepseek-3-2-high/sympy__sympy-19637,0,all_sent,norm,200,1.7566680370676374e-07,1.0
20260217_mini-v2.0.0_glm-5-high/django__django-11299,0,all_sent,cos_step,200,2.1199083292188865e-05,
20260217_mini-v2.0.0_glm-5-high/django__django-11299,0,all_sent,cos_task,200,1.458966534716891e-11,0.13796856673361188
20260217_mini-v2.0.0_glm-5-high/django__django-11299,0,all_sent,pca1,200,9.957252910242642e-05,-0.21318517825915986
20260217_mini-v2.0.0_glm-5-high/django__django-11299,0,all_sent,norm,200,4.5704696290967193e-05,1.0
20260217_mini-v2.0.0_glm-5-high/django__django-11451,0,all_sent,cos_step,200,2.4112871703675705e-19,
20260217_mini-v2.0.0_glm-5-high/django__django-11451,0,all_sent,cos_task,200,1.5301501821201827e-18,0.6028026022169409
20260217_mini-v2.0.0_glm-5-high/django__django-11451,0,all_sent,pca1,200,0.027698375358528784,-0.12422338691535309
20260217_mini-v2.0.0_glm-5-high/django__django-11451,0,all_sent,norm,200,7.665670360949006e-19,1.0
20260217_mini-v2.0.0_glm-5-high/django__django-11551,0,all_sent,cos_step,200,1.6294795373093366e-16,
20260217_mini-v2.0.0_glm-5-high/django__django-11551,0,all_sent,cos_task,200,2.2888797350245352e-07,0.4900636801405085
20260217_mini-v2.0.0_glm-5-high/django__django-11551,0,all_sent,pca1,200,0.2755512211856819,-0.26391793340086
20260217_mini-v2.0.0_glm-5-high/django__django-11551,0,all_sent,norm,200,1.8009857308919363e-15,0.9999984770885589
20260217_mini-v2.0.0_glm-5-high/django__django-11820,1,all_sent,cos_step,200,2.2794477843953027e-05,
20260217_mini-v2.0.0_glm-5-high/django__django-11820,1,all_sent,cos_task,200,9.279795579427189e-06,0.3046206850643086
20260217_mini-v2.0.0_glm-5-high/django__django-11820,1,all_sent,pca1,200,0.4163943771148174,-0.22277279173403366
20260217_mini-v2.0.0_glm-5-high/django__django-11820,1,all_sent,norm,200,2.62183521837327e-05,0.9999999999999999
20260217_mini-v2.0.0_glm-5-high/django__django-12663,0,all_sent,cos_step,200,1.8143937595048715e-08,
20260217_mini-v2.0.0_glm-5-high/django__django-12663,0,all_sent,cos_task,200,0.0290464667620649,0.34001044623476084
20260217_mini-v2.0.0_glm-5-high/django__django-12663,0,all_sent,pca1,200,0.9443152829051592,-0.26976485314431964
20260217_mini-v2.0.0_glm-5-high/django__django-12663,0,all_sent,norm,200,5.353806336223419e-09,1.0
20260217_mini-v2.0.0_glm-5-high/django__django-14580,0,all_sent,cos_step,200,1.93462183620054e-07,
20260217_mini-v2.0.0_glm-5-high/django__django-14580,0,all_sent,cos_task,200,0.03767983198189463,0.19834431984667328
20260217_mini-v2.0.0_glm-5-high/django__django-14580,0,all_sent,pca1,200,0.1916754822458724,-0.2730596962921385
20260217_mini-v2.0.0_glm-5-high/django__django-14580,0,all_sent,norm,200,1.7005738056794372e-08,1.0
20260217_mini-v2.0.0_glm-5-high/django__django-15280,0,all_sent,cos_step,200,7.800271590821269e-14,
20260217_mini-v2.0.0_glm-5-high/django__django-15280,0,all_sent,cos_task,200,4.900429911242312e-10,0.36686528617731545
20260217_mini-v2.0.0_glm-5-high/django__django-15280,0,all_sent,pca1,200,1.6719897379901034e-08,-0.40939158625825045
20260217_mini-v2.0.0_glm-5-high/django__django-15280,0,all_sent,norm,200,1.4569408944197776e-15,0.9999999999999999
20260217_mini-v2.0.0_glm-5-high/django__django-15629,1,all_sent,cos_step,200,2.42175964336589e-09,
20260217_mini-v2.0.0_glm-5-high/django__django-15629,1,all_sent,cos_task,200,0.0007343721182568026,0.25976655219282074
20260217_mini-v2.0.0_glm-5-high/django__django-15629,1,all_sent,pca1,200,1.4205604824207823e-05,-0.245114487339684
20260217_mini-v2.0.0_glm-5-high/django__django-15629,1,all_sent,norm,200,5.134981312599242e-10,1.0
20260217_mini-v2.0.0_glm-5-high/django__django-15863,0,all_sent,cos_step,200,3.4888696483066975e-05,
20260217_mini-v2.0.0_glm-5-high/django__django-15863,0,all_sent,cos_task,200,0.007191187581158182,0.3366826863079411
20260217_mini-v2.0.0_glm-5-high/django__django-15863,0,all_sent,pca1,200,1.8329095641318124e-07,-0.028287908828455628
20260217_mini-v2.0.0_glm-5-high/django__django-15863,0,all_sent,norm,200,0.00013534474555096715,0.9999999999999999
20260217_mini-v2.0.0_glm-5-high/django__django-16454,1,all_sent,cos_step,200,2.765949201609603e-08,
20260217_mini-v2.0.0_glm-5-high/django__django-16454,1,all_sent,cos_task,200,0.0006175012812040604,0.3476694554060803
20260217_mini-v2.0.0_glm-5-high/django__django-16454,1,all_sent,pca1,200,0.0007328860769152955,-0.41828855842840373
20260217_mini-v2.0.0_glm-5-high/django__django-16454,1,all_sent,norm,200,2.697056298233673e-09,0.9999984772300204
20260217_mini-v2.0.0_glm-5-high/matplotlib__matplotlib-26342,0,all_sent,cos_step,200,2.2679233433246434e-05,
20260217_mini-v2.0.0_glm-5-high/matplotlib__matplotlib-26342,0,all_sent,cos_task,200,0.00013526221363207647,0.36187894730998993
20260217_mini-v2.0.0_glm-5-high/matplotlib__matplotlib-26342,0,all_sent,pca1,200,0.01376953625604437,-0.2903482958300957
20260217_mini-v2.0.0_glm-5-high/matplotlib__matplotlib-26342,0,all_sent,norm,200,5.050650293427426e-05,0.9999999999999999
20260217_mini-v2.0.0_glm-5-high/pydata__xarray-2905,0,all_sent,cos_step,200,1.7192353366425819e-26,
20260217_mini-v2.0.0_glm-5-high/pydata__xarray-2905,0,all_sent,cos_task,200,0.0035777610025800543,0.20561688880047016
20260217_mini-v2.0.0_glm-5-high/pydata__xarray-2905,0,all_sent,pca1,200,0.8110044954529156,0.1225891293255931
20260217_mini-v2.0.0_glm-5-high/pydata__xarray-2905,0,all_sent,norm,200,1.3338275659950752e-24,0.9999954308586103
20260217_mini-v2.0.0_glm-5-high/pytest-dev__pytest-8399,0,all_sent,cos_step,200,1.2407892878989335e-05,
20260217_mini-v2.0.0_glm-5-high/pytest-dev__pytest-8399,0,all_sent,cos_task,200,0.0008593893364722732,0.20753693413482216
20260217_mini-v2.0.0_glm-5-high/pytest-dev__pytest-8399,0,all_sent,pca1,200,0.3105763190035418,-0.17725336544836992
20260217_mini-v2.0.0_glm-5-high/pytest-dev__pytest-8399,0,all_sent,norm,200,0.00039483198980789185,0.9999984772288613
20260217_mini-v2.0.0_glm-5-high/sphinx-doc__sphinx-8721,0,all_sent,cos_step,200,1.0106625537040847e-11,
20260217_mini-v2.0.0_glm-5-high/sphinx-doc__sphinx-8721,0,all_sent,cos_task,200,6.908883318440686e-11,0.345260460983797
20260217_mini-v2.0.0_glm-5-high/sphinx-doc__sphinx-8721,0,all_sent,pca1,200,0.9645209408337951,-0.2819602670200824
20260217_mini-v2.0.0_glm-5-high/sphinx-doc__sphinx-8721,0,all_sent,norm,200,6.497200548082659e-13,1.0
20260217_mini-v2.0.0_glm-5-high/sympy__sympy-14248,1,all_sent,cos_step,200,8.760152893289393e-07,
20260217_mini-v2.0.0_glm-5-high/sympy__sympy-14248,1,all_sent,cos_task,200,8.357051627760285e-19,0.3470806044394432
20260217_mini-v2.0.0_glm-5-high/sympy__sympy-14248,1,all_sent,pca1,200,0.0023536500779969527,-0.1659579250009227
20260217_mini-v2.0.0_glm-5-high/sympy__sympy-14248,1,all_sent,norm,200,2.0921148543682595e-05,0.9999802027542537
20260217_mini-v2.0.0_glm-5-high/sympy__sympy-15599,0,all_sent,cos_step,200,1.3864398536293978e-06,
20260217_mini-v2.0.0_glm-5-high/sympy__sympy-15599,0,all_sent,cos_task,200,0.008602700033347049,0.39055281118667795
20260217_mini-v2.0.0_glm-5-high/sympy__sympy-15599,0,all_sent,pca1,200,0.2548788685814195,-0.2029079576918882
20260217_mini-v2.0.0_glm-5-high/sympy__sympy-15599,0,all_sent,norm,200,2.0518998979887173e-07,0.9999999999999999
20260217_mini-v2.0.0_glm-5-high/sympy__sympy-22714,0,all_sent,cos_step,200,1.4700886589251563e-07,
20260217_mini-v2.0.0_glm-5-high/sympy__sympy-22714,0,all_sent,cos_task,200,0.27534027392382365,0.1121755312824517
20260217_mini-v2.0.0_glm-5-high/sympy__sympy-22714,0,all_sent,pca1,200,0.03390343855697283,-0.08942131472753526
20260217_mini-v2.0.0_glm-5-high/sympy__sympy-22714,0,all_sent,norm,200,1.3177403906920196e-06,0.9999999999999999
20260217_mini-v2.0.0_kimi-k2-5-high/astropy__astropy-8872,1,all_sent,cos_step,200,1.809728587222897e-06,
20260217_mini-v2.0.0_kimi-k2-5-high/astropy__astropy-8872,1,all_sent,cos_task,200,4.1483718433190776e-05,0.38802121107921245
20260217_mini-v2.0.0_kimi-k2-5-high/astropy__astropy-8872,1,all_sent,pca1,200,0.1953641111460622,-0.052235030228403916
20260217_mini-v2.0.0_kimi-k2-5-high/astropy__astropy-8872,1,all_sent,norm,200,7.655709899321954e-05,0.9999984772172668
20260217_mini-v2.0.0_kimi-k2-5-high/django__django-12125,1,all_sent,cos_step,200,3.1642453336943857e-12,
20260217_mini-v2.0.0_kimi-k2-5-high/django__django-12125,1,all_sent,cos_task,200,1.199096418239177e-10,0.2957283805952061
20260217_mini-v2.0.0_kimi-k2-5-high/django__django-12125,1,all_sent,pca1,200,0.00028072394471741674,-0.4259458793626671
20260217_mini-v2.0.0_kimi-k2-5-high/django__django-12125,1,all_sent,norm,200,1.4641364311873363e-19,1.0
20260217_mini-v2.0.0_kimi-k2-5-high/django__django-12406,1,all_sent,cos_step,200,1.9967691334111006e-08,
20260217_mini-v2.0.0_kimi-k2-5-high/django__django-12406,1,all_sent,cos_task,200,0.0012266941775916564,0.2393170983151724
20260217_mini-v2.0.0_kimi-k2-5-high/django__django-12406,1,all_sent,pca1,200,4.128106120376664e-05,-0.24189514887191804
20260217_mini-v2.0.0_kimi-k2-5-high/django__django-12406,1,all_sent,norm,200,2.3017014762310235e-07,1.0
20260217_mini-v2.0.0_kimi-k2-5-high/django__django-13933,0,all_sent,cos_step,200,3.797355367192204e-05,
20260217_mini-v2.0.0_kimi-k2-5-high/django__django-13933,0,all_sent,cos_task,200,3.72733926662103e-09,0.08438260208031063
20260217_mini-v2.0.0_kimi-k2-5-high/django__django-13933,0,all_sent,pca1,200,0.12167649705591867,-0.24776472829254617
20260217_mini-v2.0.0_kimi-k2-5-high/django__django-13933,0,all_sent,norm,200,4.939281085289912e-05,0.9999969544461281
20260217_mini-v2.0.0_kimi-k2-5-high/django__django-16032,0,all_sent,cos_step,200,1.7086225598082404e-09,
20260217_mini-v2.0.0_kimi-k2-5-high/django__django-16032,0,all_sent,cos_task,200,3.79669445785274e-07,0.008302151409958783
20260217_mini-v2.0.0_kimi-k2-5-high/django__django-16032,0,all_sent,pca1,200,2.931928799385726e-11,-0.25527897368248353
20260217_mini-v2.0.0_kimi-k2-5-high/django__django-16032,0,all_sent,norm,200,6.619326308585627e-10,0.9999984772300204
20260217_mini-v2.0.0_kimi-k2-5-high/matplotlib__matplotlib-22719,0,all_sent,cos_step,200,0.004605009557705546,
20260217_mini-v2.0.0_kimi-k2-5-high/matplotlib__matplotlib-22719,0,all_sent,cos_task,200,0.00018400869038099206,0.3022592869380786
20260217_mini-v2.0.0_kimi-k2-5-high/matplotlib__matplotlib-22719,0,all_sent,pca1,200,0.14372296489929995,-0.16269865744044001
20260217_mini-v2.0.0_kimi-k2-5-high/matplotlib__matplotlib-22719,0,all_sent,norm,200,0.0036043039768526757,1.0
20260217_mini-v2.0.0_kimi-k2-5-high/matplotlib__matplotlib-24870,1,all_sent,cos_step,200,5.0117922126008955e-05,
20260217_mini-v2.0.0_kimi-k2-5-high/matplotlib__matplotlib-24870,1,all_sent,cos_task,200,0.0006553332051644372,0.31733829045644624
20260217_mini-v2.0.0_kimi-k2-5-high/matplotlib__matplotlib-24870,1,all_sent,pca1,200,0.001563904286764629,-0.14038944066064948
20260217_mini-v2.0.0_kimi-k2-5-high/matplotlib__matplotlib-24870,1,all_sent,norm,200,0.00012136131427928588,1.0
20260217_mini-v2.0.0_kimi-k2-5-high/psf__requests-2931,1,all_sent,cos_step,200,6.417119196772803e-08,
20260217_mini-v2.0.0_kimi-k2-5-high/psf__requests-2931,1,all_sent,cos_task,200,0.007336495351055066,0.22185624844622856
20260217_mini-v2.0.0_kimi-k2-5-high/psf__requests-2931,1,all_sent,pca1,200,0.0030426166948411687,-0.25767041193637796
20260217_mini-v2.0.0_kimi-k2-5-high/psf__requests-2931,1,all_sent,norm,200,1.4775992431796787e-08,1.0
20260217_mini-v2.0.0_kimi-k2-5-high/pylint-dev__pylint-6528,1,all_sent,cos_step,200,2.100907100171538e-08,
20260217_mini-v2.0.0_kimi-k2-5-high/pylint-dev__pylint-6528,1,all_sent,cos_task,200,0.03481967345405576,0.27936064517430104
20260217_mini-v2.0.0_kimi-k2-5-high/pylint-dev__pylint-6528,1,all_sent,pca1,200,0.018474115310930028,-0.05355201991235384
20260217_mini-v2.0.0_kimi-k2-5-high/pylint-dev__pylint-6528,1,all_sent,norm,200,2.4330144103640225e-07,1.0
20260217_mini-v2.0.0_kimi-k2-5-high/pylint-dev__pylint-8898,1,all_sent,cos_step,200,0.0005186869706916856,
20260217_mini-v2.0.0_kimi-k2-5-high/pylint-dev__pylint-8898,1,all_sent,cos_task,200,9.066285003760844e-06,0.2578060133498453
20260217_mini-v2.0.0_kimi-k2-5-high/pylint-dev__pylint-8898,1,all_sent,pca1,200,0.16409735327305902,-0.2561477149482577
20260217_mini-v2.0.0_kimi-k2-5-high/pylint-dev__pylint-8898,1,all_sent,norm,200,7.467881167200731e-05,0.99999847723118
20260217_mini-v2.0.0_kimi-k2-5-high/pytest-dev__pytest-10081,0,all_sent,cos_step,200,3.8118657490390353e-07,
20260217_mini-v2.0.0_kimi-k2-5-high/pytest-dev__pytest-10081,0,all_sent,cos_task,200,0.006767721463449111,0.16166487487417822
20260217_mini-v2.0.0_kimi-k2-5-high/pytest-dev__pytest-10081,0,all_sent,pca1,200,0.2993598760008156,-0.1006261630156885
20260217_mini-v2.0.0_kimi-k2-5-high/pytest-dev__pytest-10081,0,all_sent,norm,200,9.520525049527502e-07,0.9999984772323394
20260217_mini-v2.0.0_kimi-k2-5-high/sphinx-doc__sphinx-10449,0,all_sent,cos_step,200,0.0006773142344406351,
20260217_mini-v2.0.0_kimi-k2-5-high/sphinx-doc__sphinx-10449,0,all_sent,cos_task,200,8.378862020276377e-05,0.2927018314330049
20260217_mini-v2.0.0_kimi-k2-5-high/sphinx-doc__sphinx-10449,0,all_sent,pca1,200,0.13557041519275287,-0.3085157735891708
20260217_mini-v2.0.0_kimi-k2-5-high/sphinx-doc__sphinx-10449,0,all_sent,norm,200,0.002923930694821941,1.0
20260217_mini-v2.0.0_kimi-k2-5-high/sphinx-doc__sphinx-9230,0,all_sent,cos_step,200,4.107587232658531e-09,
20260217_mini-v2.0.0_kimi-k2-5-high/sphinx-doc__sphinx-9230,0,all_sent,cos_task,200,0.0003755764221334323,0.32988666382355564
20260217_mini-v2.0.0_kimi-k2-5-high/sphinx-doc__sphinx-9230,0,all_sent,pca1,200,0.0049907486683842955,-0.2018671479655992
20260217_mini-v2.0.0_kimi-k2-5-high/sphinx-doc__sphinx-9230,0,all_sent,norm,200,5.0488727121891183e-11,1.0
20260217_mini-v2.0.0_minimax-2-5-high/django__django-11087,1,all_sent,cos_step,200,3.8612215577264495e-08,
20260217_mini-v2.0.0_minimax-2-5-high/django__django-11087,1,all_sent,cos_task,200,0.00283288935848333,0.30774783005938783
20260217_mini-v2.0.0_minimax-2-5-high/django__django-11087,1,all_sent,pca1,200,0.0752673995727178,-0.164081011116187
20260217_mini-v2.0.0_minimax-2-5-high/django__django-11087,1,all_sent,norm,200,2.813650994199814e-07,1.0
20260217_mini-v2.0.0_minimax-2-5-high/django__django-11815,0,all_sent,cos_step,200,2.4457580602590592e-05,
20260217_mini-v2.0.0_minimax-2-5-high/django__django-11815,0,all_sent,cos_task,200,0.19397951996171792,0.09176393911460522
20260217_mini-v2.0.0_minimax-2-5-high/django__django-11815,0,all_sent,pca1,200,0.0021783856673749727,-0.1515059224015361
20260217_mini-v2.0.0_minimax-2-5-high/django__django-11815,0,all_sent,norm,200,1.8705887358095743e-05,1.0
20260217_mini-v2.0.0_minimax-2-5-high/django__django-13212,1,all_sent,cos_step,200,6.024277761482793e-11,
20260217_mini-v2.0.0_minimax-2-5-high/django__django-13212,1,all_sent,cos_task,200,2.8740130592023084e-09,0.2450785940256916
20260217_mini-v2.0.0_minimax-2-5-high/django__django-13212,1,all_sent,pca1,200,2.9798867334239723e-05,-0.18467026294472055
20260217_mini-v2.0.0_minimax-2-5-high/django__django-13212,1,all_sent,norm,200,1.9449422210530343e-12,1.0
20260217_mini-v2.0.0_minimax-2-5-high/django__django-13417,0,all_sent,cos_step,200,2.070651327059019e-08,
20260217_mini-v2.0.0_minimax-2-5-high/django__django-13417,0,all_sent,cos_task,200,2.0505268513630383e-11,0.3318124627663255
20260217_mini-v2.0.0_minimax-2-5-high/django__django-13417,0,all_sent,pca1,200,0.011082433058095035,-0.18114843811129278
20260217_mini-v2.0.0_minimax-2-5-high/django__django-13417,0,all_sent,norm,200,2.84030456498504e-09,1.0
20260217_mini-v2.0.0_minimax-2-5-high/django__django-13809,0,all_sent,cos_step,200,1.886529934909243e-06,
20260217_mini-v2.0.0_minimax-2-5-high/django__django-13809,0,all_sent,cos_task,200,2.7137402703722122e-06,0.10289124419052421
20260217_mini-v2.0.0_minimax-2-5-high/django__django-13809,0,all_sent,pca1,200,0.014388570115584885,-0.14639219763466912
20260217_mini-v2.0.0_minimax-2-5-high/django__django-13809,0,all_sent,norm,200,3.643333229129932e-06,1.0
20260217_mini-v2.0.0_minimax-2-5-high/django__django-14011,1,all_sent,cos_step,200,7.484331862021821e-06,
20260217_mini-v2.0.0_minimax-2-5-high/django__django-14011,1,all_sent,cos_task,200,1.1037400793069505e-06,0.16784435010825044
20260217_mini-v2.0.0_minimax-2-5-high/django__django-14011,1,all_sent,pca1,200,0.00031956178810051264,-0.20808545257382563
20260217_mini-v2.0.0_minimax-2-5-high/django__django-14011,1,all_sent,norm,200,5.421770741679762e-06,1.0
20260217_mini-v2.0.0_minimax-2-5-high/django__django-14170,1,all_sent,cos_step,200,8.408916951066248e-13,
20260217_mini-v2.0.0_minimax-2-5-high/django__django-14170,1,all_sent,cos_task,200,0.0001373273261039849,0.40842669340097637
20260217_mini-v2.0.0_minimax-2-5-high/django__django-14170,1,all_sent,pca1,200,0.00012734205261825046,-0.04034875062385782
20260217_mini-v2.0.0_minimax-2-5-high/django__django-14170,1,all_sent,norm,200,7.031029481485609e-13,1.0
20260217_mini-v2.0.0_minimax-2-5-high/django__django-14999,0,all_sent,cos_step,200,1.657602420648204e-05,
20260217_mini-v2.0.0_minimax-2-5-high/django__django-14999,0,all_sent,cos_task,200,1.877923343105749e-05,0.22430430983021757
20260217_mini-v2.0.0_minimax-2-5-high/django__django-14999,0,all_sent,pca1,200,0.03718866687055434,-0.24457427142596785
20260217_mini-v2.0.0_minimax-2-5-high/django__django-14999,0,all_sent,norm,200,9.86816373218562e-05,0.999995431644844
20260217_mini-v2.0.0_minimax-2-5-high/django__django-15916,0,all_sent,cos_step,200,0.055220874497137036,
20260217_mini-v2.0.0_minimax-2-5-high/django__django-15916,0,all_sent,cos_task,200,3.003804068699049e-08,0.28443838025600476
20260217_mini-v2.0.0_minimax-2-5-high/django__django-15916,0,all_sent,pca1,200,0.0002812771826752412,-0.26304733001906744
20260217_mini-v2.0.0_minimax-2-5-high/django__django-15916,0,all_sent,norm,200,0.06849752955180174,0.9999954315926686
20260217_mini-v2.0.0_minimax-2-5-high/matplotlib__matplotlib-22865,0,all_sent,cos_step,200,2.5865718970371483e-06,
20260217_mini-v2.0.0_minimax-2-5-high/matplotlib__matplotlib-22865,0,all_sent,cos_task,200,1.8979973778702197e-05,0.3089004697540307
20260217_mini-v2.0.0_minimax-2-5-high/matplotlib__matplotlib-22865,0,all_sent,pca1,200,3.804518622821369e-08,-0.12107133190501385
20260217_mini-v2.0.0_minimax-2-5-high/matplotlib__matplotlib-22865,0,all_sent,norm,200,3.474612992238404e-06,0.9999878177381347
20260217_mini-v2.0.0_minimax-2-5-high/matplotlib__matplotlib-24870,1,all_sent,cos_step,200,0.00041102755770986587,
20260217_mini-v2.0.0_minimax-2-5-high/matplotlib__matplotlib-24870,1,all_sent,cos_task,200,5.418510630348807e-05,0.34244814766069376
20260217_mini-v2.0.0_minimax-2-5-high/matplotlib__matplotlib-24870,1,all_sent,pca1,200,0.08644819254610196,-0.27965353858321607
20260217_mini-v2.0.0_minimax-2-5-high/matplotlib__matplotlib-24870,1,all_sent,norm,200,0.0005447643840791079,1.0
20260217_mini-v2.0.0_minimax-2-5-high/pydata__xarray-7233,0,all_sent,cos_step,200,2.219943650585224e-07,
20260217_mini-v2.0.0_minimax-2-5-high/pydata__xarray-7233,0,all_sent,cos_task,200,2.1760796285291672e-10,0.16291510092532702
20260217_mini-v2.0.0_minimax-2-5-high/pydata__xarray-7233,0,all_sent,pca1,200,0.0007396097876418679,-0.16467549741135196
20260217_mini-v2.0.0_minimax-2-5-high/pydata__xarray-7233,0,all_sent,norm,200,8.14819086579271e-07,0.9999984772137884
20260217_mini-v2.0.0_minimax-2-5-high/scikit-learn__scikit-learn-25931,0,all_sent,cos_step,200,0.0023456756676234853,
20260217_mini-v2.0.0_minimax-2-5-high/scikit-learn__scikit-learn-25931,0,all_sent,cos_task,200,0.00019833229726947294,0.25330336017892735
20260217_mini-v2.0.0_minimax-2-5-high/scikit-learn__scikit-learn-25931,0,all_sent,pca1,200,0.8809373188728583,-0.18151701979060558
20260217_mini-v2.0.0_minimax-2-5-high/scikit-learn__scikit-learn-25931,0,all_sent,norm,200,0.005756509536517561,1.0
20260217_mini-v2.0.0_minimax-2-5-high/sphinx-doc__sphinx-10449,0,all_sent,cos_step,200,5.196160523560724e-07,
20260217_mini-v2.0.0_minimax-2-5-high/sphinx-doc__sphinx-10449,0,all_sent,cos_task,200,5.986423082751405e-08,0.2420914459432521
20260217_mini-v2.0.0_minimax-2-5-high/sphinx-doc__sphinx-10449,0,all_sent,pca1,200,0.021458096526226624,-0.33218972611764136
20260217_mini-v2.0.0_minimax-2-5-high/sphinx-doc__sphinx-10449,0,all_sent,norm,200,2.278856454947164e-07,1.0
20260217_mini-v2.0.0_minimax-2-5-high/sphinx-doc__sphinx-8593,0,all_sent,cos_step,200,1.0755402969912934e-05,
20260217_mini-v2.0.0_minimax-2-5-high/sphinx-doc__sphinx-8593,0,all_sent,cos_task,200,0.00011309235280682594,0.16331478083451884
20260217_mini-v2.0.0_minimax-2-5-high/sphinx-doc__sphinx-8593,0,all_sent,pca1,200,0.31987880656116485,-0.10172454488016117
20260217_mini-v2.0.0_minimax-2-5-high/sphinx-doc__sphinx-8593,0,all_sent,norm,200,6.356696384626735e-05,1.0
20260217_mini-v2.0.0_minimax-2-5-high/sympy__sympy-15976,0,all_sent,cos_step,200,0.008427176659208379,
20260217_mini-v2.0.0_minimax-2-5-high/sympy__sympy-15976,0,all_sent,cos_task,200,2.2131283904071275e-08,0.15706603176981157
20260217_mini-v2.0.0_minimax-2-5-high/sympy__sympy-15976,0,all_sent,pca1,200,0.026595169346526976,-0.1085997983880393
20260217_mini-v2.0.0_minimax-2-5-high/sympy__sympy-15976,0,all_sent,norm,200,0.006340391922605745,1.0
20260217_mini-v2.0.0_minimax-2-5-high/sympy__sympy-18189,0,all_sent,cos_step,200,3.5735954892884565e-09,
20260217_mini-v2.0.0_minimax-2-5-high/sympy__sympy-18189,0,all_sent,cos_task,200,6.920756037762713e-08,0.4464556018108527
20260217_mini-v2.0.0_minimax-2-5-high/sympy__sympy-18189,0,all_sent,pca1,200,0.001037656792020182,-0.11454002773166545
20260217_mini-v2.0.0_minimax-2-5-high/sympy__sympy-18189,0,all_sent,norm,200,2.4019477385136816e-09,0.9999954315717982
20260217_mini-v2.0.0_minimax-2-5-high/sympy__sympy-20801,0,all_sent,cos_step,200,6.100911906800385e-07,
20260217_mini-v2.0.0_minimax-2-5-high/sympy__sympy-20801,0,all_sent,cos_task,200,1.2056465072718157e-07,0.19671618144525377
20260217_mini-v2.0.0_minimax-2-5-high/sympy__sympy-20801,0,all_sent,pca1,200,0.004394036573114465,-0.13737765818629483
20260217_mini-v2.0.0_minimax-2-5-high/sympy__sympy-20801,0,all_sent,norm,200,2.154032054920478e-05,0.9999984772334986
20260217_mini-v2.0.0_claude-4-5-sonnet-high/django__django-11292,0,all_sent,cos_step,200,0.006752102412764043,
20260217_mini-v2.0.0_claude-4-5-sonnet-high/django__django-11292,0,all_sent,cos_task,200,0.00021847250808172732,0.0012402947317951734
20260217_mini-v2.0.0_claude-4-5-sonnet-high/django__django-11292,0,all_sent,pca1,200,0.0005391118554680473,-0.24472027699198629
20260217_mini-v2.0.0_claude-4-5-sonnet-high/django__django-11292,0,all_sent,norm,200,0.008573600456675129,1.0
20260217_mini-v2.0.0_claude-4-5-sonnet-high/django__django-11734,1,all_sent,cos_step,200,2.30269739213324e-11,
20260217_mini-v2.0.0_claude-4-5-sonnet-high/django__django-11734,1,all_sent,cos_task,200,9.77932311324155e-05,0.27990510039975697
20260217_mini-v2.0.0_claude-4-5-sonnet-high/django__django-11734,1,all_sent,pca1,200,0.00010466106749554132,-0.24312236749790003
20260217_mini-v2.0.0_claude-4-5-sonnet-high/django__django-11734,1,all_sent,norm,200,1.2376739949268744e-12,0.9999999999999999
20260217_mini-v2.0.0_claude-4-5-sonnet-high/django__django-11999,0,all_sent,cos_step,200,7.750265165911952e-12,
20260217_mini-v2.0.0_claude-4-5-sonnet-high/django__django-11999,0,all_sent,cos_task,200,0.008426832758447975,0.2506194811549547
20260217_mini-v2.0.0_claude-4-5-sonnet-high/django__django-11999,0,all_sent,pca1,200,0.0005970132328525989,-0.3203516071869136
20260217_mini-v2.0.0_claude-4-5-sonnet-high/django__django-11999,0,all_sent,norm,200,1.4988088246010493e-11,0.9999999999999999
20260217_mini-v2.0.0_claude-4-5-sonnet-high/django__django-13837,0,all_sent,cos_step,200,9.315127220754096e-05,
20260217_mini-v2.0.0_claude-4-5-sonnet-high/django__django-13837,0,all_sent,cos_task,200,0.022036213821992213,0.29175565511734614
20260217_mini-v2.0.0_claude-4-5-sonnet-high/django__django-13837,0,all_sent,pca1,200,0.006838058543634167,-0.26457906476361676
20260217_mini-v2.0.0_claude-4-5-sonnet-high/django__django-13837,0,all_sent,norm,200,9.34977181546921e-07,1.0
20260217_mini-v2.0.0_claude-4-5-sonnet-high/django__django-14140,0,all_sent,cos_step,200,0.0007721321282151415,
20260217_mini-v2.0.0_claude-4-5-sonnet-high/django__django-14140,0,all_sent,cos_task,200,0.0475999533126087,0.20340614464065196
20260217_mini-v2.0.0_claude-4-5-sonnet-high/django__django-14140,0,all_sent,pca1,200,5.715739963152345e-07,-0.3528439748300083
20260217_mini-v2.0.0_claude-4-5-sonnet-high/django__django-14140,0,all_sent,norm,200,0.0002871542481475918,0.9999558354336885
20260217_mini-v2.0.0_claude-4-5-sonnet-high/django__django-15128,0,all_sent,cos_step,200,1.001570092565074e-05,
20260217_mini-v2.0.0_claude-4-5-sonnet-high/django__django-15128,0,all_sent,cos_task,200,0.08482863759088094,0.33633321875454997
20260217_mini-v2.0.0_claude-4-5-sonnet-high/django__django-15128,0,all_sent,pca1,200,0.11839316131887559,-0.15810271714745605
20260217_mini-v2.0.0_claude-4-5-sonnet-high/django__django-15128,0,all_sent,norm,200,4.703266427394294e-05,0.9999999999999999
20260217_mini-v2.0.0_claude-4-5-sonnet-high/django__django-15572,0,all_sent,cos_step,200,0.06374591134908836,
20260217_mini-v2.0.0_claude-4-5-sonnet-high/django__django-15572,0,all_sent,cos_task,200,0.014654790227659734,0.36519272216180354
20260217_mini-v2.0.0_claude-4-5-sonnet-high/django__django-15572,0,all_sent,pca1,200,0.0007571291280018711,-0.25015979757581536
20260217_mini-v2.0.0_claude-4-5-sonnet-high/django__django-15572,0,all_sent,norm,200,0.2447670119172402,1.0
20260217_mini-v2.0.0_claude-4-5-sonnet-high/django__django-15973,1,all_sent,cos_step,200,0.0018891649148502889,
20260217_mini-v2.0.0_claude-4-5-sonnet-high/django__django-15973,1,all_sent,cos_task,200,2.089708590960249e-06,0.38798427701649707
20260217_mini-v2.0.0_claude-4-5-sonnet-high/django__django-15973,1,all_sent,pca1,200,0.03638859533686219,-0.1909967735574614
20260217_mini-v2.0.0_claude-4-5-sonnet-high/django__django-15973,1,all_sent,norm,200,0.02131223054432779,1.0
20260217_mini-v2.0.0_claude-4-5-sonnet-high/pydata__xarray-7229,1,all_sent,cos_step,200,4.802154192498029e-13,
20260217_mini-v2.0.0_claude-4-5-sonnet-high/pydata__xarray-7229,1,all_sent,cos_task,200,9.27514210128241e-05,0.44344439882332837
20260217_mini-v2.0.0_claude-4-5-sonnet-high/pydata__xarray-7229,1,all_sent,pca1,200,0.2059103314614665,-0.3446523086122162
20260217_mini-v2.0.0_claude-4-5-sonnet-high/pydata__xarray-7229,1,all_sent,norm,200,4.003448441792961e-13,0.99999847723118
20260217_mini-v2.0.0_claude-4-5-sonnet-high/pytest-dev__pytest-7982,0,all_sent,cos_step,200,3.593972648616736e-05,
20260217_mini-v2.0.0_claude-4-5-sonnet-high/pytest-dev__pytest-7982,0,all_sent,cos_task,200,0.12574884747430415,0.22317675320293562
20260217_mini-v2.0.0_claude-4-5-sonnet-high/pytest-dev__pytest-7982,0,all_sent,pca1,200,0.40817610443187446,-0.25732058764663024
20260217_mini-v2.0.0_claude-4-5-sonnet-high/pytest-dev__pytest-7982,0,all_sent,norm,200,8.073274132416098e-05,0.9999969544530845
20260217_mini-v2.0.0_claude-4-5-sonnet-high/sphinx-doc__sphinx-8269,0,all_sent,cos_step,200,0.06128880637034155,
20260217_mini-v2.0.0_claude-4-5-sonnet-high/sphinx-doc__sphinx-8269,0,all_sent,cos_task,200,0.06686333762120523,0.30221936614304096
20260217_mini-v2.0.0_claude-4-5-sonnet-high/sphinx-doc__sphinx-8269,0,all_sent,pca1,200,0.002843979606533636,-0.2111346341452386
20260217_mini-v2.0.0_claude-4-5-sonnet-high/sphinx-doc__sphinx-8269,0,all_sent,norm,200,0.04399877212460747,0.9999984772161076
20260217_mini-v2.0.0_claude-4-5-sonnet-high/sphinx-doc__sphinx-8551,0,all_sent,cos_step,200,9.923438562312564e-07,
20260217_mini-v2.0.0_claude-4-5-sonnet-high/sphinx-doc__sphinx-8551,0,all_sent,cos_task,200,7.364396949808947e-15,0.37262480742008475
20260217_mini-v2.0.0_claude-4-5-sonnet-high/sphinx-doc__sphinx-8551,0,all_sent,pca1,200,0.0011806479282069255,-0.11881054687827235
20260217_mini-v2.0.0_claude-4-5-sonnet-high/sphinx-doc__sphinx-8551,0,all_sent,norm,200,3.302151039315182e-06,0.9999984772323394
20260217_mini-v2.0.0_claude-4-5-sonnet-high/sphinx-doc__sphinx-9230,0,all_sent,cos_step,200,5.923436638259846e-09,
20260217_mini-v2.0.0_claude-4-5-sonnet-high/sphinx-doc__sphinx-9230,0,all_sent,cos_task,200,2.1257791353994246e-07,0.43069682910648355
20260217_mini-v2.0.0_claude-4-5-sonnet-high/sphinx-doc__sphinx-9230,0,all_sent,pca1,200,0.00020780871484198945,-0.23940545127360166
20260217_mini-v2.0.0_claude-4-5-sonnet-high/sphinx-doc__sphinx-9230,0,all_sent,norm,200,8.66778779095662e-09,1.0
20260217_mini-v2.0.0_claude-4-5-sonnet-high/sympy__sympy-13091,0,all_sent,cos_step,200,4.52085521368577e-05,
20260217_mini-v2.0.0_claude-4-5-sonnet-high/sympy__sympy-13091,0,all_sent,cos_task,200,1.1220074845715928e-12,0.2504577844713966
20260217_mini-v2.0.0_claude-4-5-sonnet-high/sympy__sympy-13091,0,all_sent,pca1,200,0.006684962192007856,-0.12791392662382042
20260217_mini-v2.0.0_claude-4-5-sonnet-high/sympy__sympy-13091,0,all_sent,norm,200,1.9878521320936556e-06,0.9999954316970181
20260217_mini-v2.0.0_claude-4-5-sonnet-high/sympy__sympy-13974,1,all_sent,cos_step,200,6.869936025899811e-07,
20260217_mini-v2.0.0_claude-4-5-sonnet-high/sympy__sympy-13974,1,all_sent,cos_task,200,5.973117527866169e-09,0.26308724528083366
20260217_mini-v2.0.0_claude-4-5-sonnet-high/sympy__sympy-13974,1,all_sent,pca1,200,1.8226911118025902e-06,-0.04617330273972557
20260217_mini-v2.0.0_claude-4-5-sonnet-high/sympy__sympy-13974,1,all_sent,norm,200,1.2279338275889855e-06,0.9999999999999999
20260217_mini-v2.0.0_claude-4-5-sonnet-high/sympy__sympy-18199,1,all_sent,cos_step,200,1.9843913366928002e-05,
20260217_mini-v2.0.0_claude-4-5-sonnet-high/sympy__sympy-18199,1,all_sent,cos_task,200,2.1625221519163122e-06,0.2796171147176504
20260217_mini-v2.0.0_claude-4-5-sonnet-high/sympy__sympy-18199,1,all_sent,pca1,200,7.165526264906639e-08,-0.1997843757718288
20260217_mini-v2.0.0_claude-4-5-sonnet-high/sympy__sympy-18199,1,all_sent,norm,200,1.7027267063621283e-05,1.0
20260217_mini-v2.0.0_claude-4-5-sonnet-high/sympy__sympy-20916,1,all_sent,cos_step,200,1.8608572290120694e-05,
20260217_mini-v2.0.0_claude-4-5-sonnet-high/sympy__sympy-20916,1,all_sent,cos_task,200,7.504291091310183e-06,0.2024225747613309
20260217_mini-v2.0.0_claude-4-5-sonnet-high/sympy__sympy-20916,1,all_sent,pca1,200,5.076471935217266e-05,-0.1711144239825934
20260217_mini-v2.0.0_claude-4-5-sonnet-high/sympy__sympy-20916,1,all_sent,norm,200,1.3544168589652863e-05,0.9999984772346582
20260217_mini-v2.0.0_claude-4-5-sonnet-high/sympy__sympy-22080,1,all_sent,cos_step,200,0.00013363942449931709,
20260217_mini-v2.0.0_claude-4-5-sonnet-high/sympy__sympy-22080,1,all_sent,cos_task,200,0.0028489031614442697,0.13831480111304895
20260217_mini-v2.0.0_claude-4-5-sonnet-high/sympy__sympy-22080,1,all_sent,pca1,200,0.6179711138688979,-0.1329805053831013
20260217_mini-v2.0.0_claude-4-5-sonnet-high/sympy__sympy-22080,1,all_sent,norm,200,0.00013529500243088897,1.0
20260217_mini-v2.0.0_claude-4-5-haiku-high/astropy__astropy-8707,1,all_sent,cos_step,200,3.037033850819992e-11,
20260217_mini-v2.0.0_claude-4-5-haiku-high/astropy__astropy-8707,1,all_sent,cos_task,200,8.00287582673068e-09,0.09085125992883769
20260217_mini-v2.0.0_claude-4-5-haiku-high/astropy__astropy-8707,1,all_sent,pca1,200,0.01907840644445451,-0.04932965379289379
20260217_mini-v2.0.0_claude-4-5-haiku-high/astropy__astropy-8707,1,all_sent,norm,200,4.1875920144011336e-11,0.9999999999999999
20260217_mini-v2.0.0_claude-4-5-haiku-high/django__django-11133,0,all_sent,cos_step,200,3.5912000646876156e-09,
20260217_mini-v2.0.0_claude-4-5-haiku-high/django__django-11133,0,all_sent,cos_task,200,3.8244847187982005e-11,0.21784613932940627
20260217_mini-v2.0.0_claude-4-5-haiku-high/django__django-11133,0,all_sent,pca1,200,0.3837962773122817,-0.07798677683354806
20260217_mini-v2.0.0_claude-4-5-haiku-high/django__django-11133,0,all_sent,norm,200,2.2852188516852813e-08,0.9999999999999999
20260217_mini-v2.0.0_claude-4-5-haiku-high/django__django-12273,1,all_sent,cos_step,200,1.6180452781445027e-08,
20260217_mini-v2.0.0_claude-4-5-haiku-high/django__django-12273,1,all_sent,cos_task,200,1.4188691667659728e-06,-0.0359817647117963
20260217_mini-v2.0.0_claude-4-5-haiku-high/django__django-12273,1,all_sent,pca1,200,1.5710784451792277e-07,-0.24259405545034782
20260217_mini-v2.0.0_claude-4-5-haiku-high/django__django-12273,1,all_sent,norm,200,1.6221350157172568e-08,1.0
20260217_mini-v2.0.0_claude-4-5-haiku-high/django__django-13344,1,all_sent,cos_step,200,2.6120497959549248e-08,
20260217_mini-v2.0.0_claude-4-5-haiku-high/django__django-13344,1,all_sent,cos_task,200,3.632670736193018e-05,0.4507586053581243
20260217_mini-v2.0.0_claude-4-5-haiku-high/django__django-13344,1,all_sent,pca1,200,1.1885761947879066e-06,-0.4015868773884636
20260217_mini-v2.0.0_claude-4-5-haiku-high/django__django-13344,1,all_sent,norm,200,7.288619772774032e-08,1.0
20260217_mini-v2.0.0_claude-4-5-haiku-high/django__django-13590,0,all_sent,cos_step,200,1.600042303169812e-05,
20260217_mini-v2.0.0_claude-4-5-haiku-high/django__django-13590,0,all_sent,cos_task,200,0.8110955057232525,0.3505593861239888
20260217_mini-v2.0.0_claude-4-5-haiku-high/django__django-13590,0,all_sent,pca1,200,0.0002485312199896525,-0.3232782037773166
20260217_mini-v2.0.0_claude-4-5-haiku-high/django__django-13590,0,all_sent,norm,200,6.081675607714573e-06,1.0
20260217_mini-v2.0.0_claude-4-5-haiku-high/django__django-16116,0,all_sent,cos_step,200,6.179534779712121e-07,
20260217_mini-v2.0.0_claude-4-5-haiku-high/django__django-16116,0,all_sent,cos_task,200,7.3705293789727695e-06,0.4260650980381194
20260217_mini-v2.0.0_claude-4-5-haiku-high/django__django-16116,0,all_sent,pca1,200,0.2038895131790082,-0.23039489077901615
20260217_mini-v2.0.0_claude-4-5-haiku-high/django__django-16116,0,all_sent,norm,200,3.0513848177803947e-06,0.9999954316970181
20260217_mini-v2.0.0_claude-4-5-haiku-high/matplotlib__matplotlib-20488,0,all_sent,cos_step,200,3.40251982735963e-05,
20260217_mini-v2.0.0_claude-4-5-haiku-high/matplotlib__matplotlib-20488,0,all_sent,cos_task,200,0.0015758112098953122,0.15032627237905768
20260217_mini-v2.0.0_claude-4-5-haiku-high/matplotlib__matplotlib-20488,0,all_sent,pca1,200,1.62518526152569e-05,-0.16539712112889848
20260217_mini-v2.0.0_claude-4-5-haiku-high/matplotlib__matplotlib-20488,0,all_sent,norm,200,2.435842503268353e-06,1.0
20260217_mini-v2.0.0_claude-4-5-haiku-high/matplotlib__matplotlib-26291,0,all_sent,cos_step,200,5.119302834226908e-07,
20260217_mini-v2.0.0_claude-4-5-haiku-high/matplotlib__matplotlib-26291,0,all_sent,cos_task,200,0.09876322008784062,0.34174548234538676
20260217_mini-v2.0.0_claude-4-5-haiku-high/matplotlib__matplotlib-26291,0,all_sent,pca1,200,0.013516261207570988,-0.10488396021555245
20260217_mini-v2.0.0_claude-4-5-haiku-high/matplotlib__matplotlib-26291,0,all_sent,norm,200,4.6034412290217863e-07,0.9999999999999999
20260217_mini-v2.0.0_claude-4-5-haiku-high/psf__requests-2317,0,all_sent,cos_step,200,3.901084513795382e-12,
20260217_mini-v2.0.0_claude-4-5-haiku-high/psf__requests-2317,0,all_sent,cos_task,200,0.0071612625228744285,0.24982459533419926
20260217_mini-v2.0.0_claude-4-5-haiku-high/psf__requests-2317,0,all_sent,pca1,200,0.9360415208537224,-0.22074415739902542
20260217_mini-v2.0.0_claude-4-5-haiku-high/psf__requests-2317,0,all_sent,norm,200,1.0995153680074021e-14,1.0
20260217_mini-v2.0.0_claude-4-5-haiku-high/pylint-dev__pylint-6386,1,all_sent,cos_step,200,2.473217215693393e-13,
20260217_mini-v2.0.0_claude-4-5-haiku-high/pylint-dev__pylint-6386,1,all_sent,cos_task,200,3.0918628686451556e-05,0.486755863446975
20260217_mini-v2.0.0_claude-4-5-haiku-high/pylint-dev__pylint-6386,1,all_sent,pca1,200,1.9883979357952302e-05,-0.44062573427926377
20260217_mini-v2.0.0_claude-4-5-haiku-high/pylint-dev__pylint-6386,1,all_sent,norm,200,2.8693156935440007e-19,1.0
20260217_mini-v2.0.0_claude-4-5-haiku-high/pytest-dev__pytest-7432,0,all_sent,cos_step,200,2.241955948328731e-12,
20260217_mini-v2.0.0_claude-4-5-haiku-high/pytest-dev__pytest-7432,0,all_sent,cos_task,200,4.2954307085098766e-05,0.296419585636345
20260217_mini-v2.0.0_claude-4-5-haiku-high/pytest-dev__pytest-7432,0,all_sent,pca1,200,0.4021085967039647,-0.17167289169765632
20260217_mini-v2.0.0_claude-4-5-haiku-high/pytest-dev__pytest-7432,0,all_sent,norm,200,7.828022834937066e-15,0.9999954316761485
20260217_mini-v2.0.0_claude-4-5-haiku-high/pytest-dev__pytest-7490,0,all_sent,cos_step,200,0.0007184633702564737,
20260217_mini-v2.0.0_claude-4-5-haiku-high/pytest-dev__pytest-7490,0,all_sent,cos_task,200,0.0070333593841747305,0.2352123802029357
20260217_mini-v2.0.0_claude-4-5-haiku-high/pytest-dev__pytest-7490,0,all_sent,pca1,200,0.39815297852736653,-0.15715925422050067
20260217_mini-v2.0.0_claude-4-5-haiku-high/pytest-dev__pytest-7490,0,all_sent,norm,200,0.006409724572604898,0.9999984772277016
20260217_mini-v2.0.0_claude-4-5-haiku-high/scikit-learn__scikit-learn-12973,0,all_sent,cos_step,200,0.1798700217942329,
20260217_mini-v2.0.0_claude-4-5-haiku-high/scikit-learn__scikit-learn-12973,0,all_sent,cos_task,200,1.628495041676295e-10,0.25510637998842295
20260217_mini-v2.0.0_claude-4-5-haiku-high/scikit-learn__scikit-learn-12973,0,all_sent,pca1,200,0.38418936552546723,-0.21309878356541614
20260217_mini-v2.0.0_claude-4-5-haiku-high/scikit-learn__scikit-learn-12973,0,all_sent,norm,200,0.22776035129652827,0.9999999999999999
20260217_mini-v2.0.0_claude-4-5-haiku-high/scikit-learn__scikit-learn-25973,0,all_sent,cos_step,200,7.152137339409629e-08,
20260217_mini-v2.0.0_claude-4-5-haiku-high/scikit-learn__scikit-learn-25973,0,all_sent,cos_task,200,0.004328890323122453,0.30198111965727986
20260217_mini-v2.0.0_claude-4-5-haiku-high/scikit-learn__scikit-learn-25973,0,all_sent,pca1,200,0.08326054627205004,-0.20407294652993285
20260217_mini-v2.0.0_claude-4-5-haiku-high/scikit-learn__scikit-learn-25973,0,all_sent,norm,200,5.768015839507589e-08,0.9999984772300204
20260217_mini-v2.0.0_claude-4-5-haiku-high/sphinx-doc__sphinx-8035,0,all_sent,cos_step,200,3.612113802489949e-08,
20260217_mini-v2.0.0_claude-4-5-haiku-high/sphinx-doc__sphinx-8035,0,all_sent,cos_task,200,2.7231040345107666e-07,0.2837359809361486
20260217_mini-v2.0.0_claude-4-5-haiku-high/sphinx-doc__sphinx-8035,0,all_sent,pca1,200,0.009685520656960152,-0.16136562635697158
20260217_mini-v2.0.0_claude-4-5-haiku-high/sphinx-doc__sphinx-8035,0,all_sent,norm,200,1.415184344988805e-07,0.9999984772277016
20260217_mini-v2.0.0_claude-4-5-haiku-high/sphinx-doc__sphinx-8265,1,all_sent,cos_step,200,4.538394661366766e-09,
20260217_mini-v2.0.0_claude-4-5-haiku-high/sphinx-doc__sphinx-8265,1,all_sent,cos_task,200,0.00011570892680709152,0.4585870483429022
20260217_mini-v2.0.0_claude-4-5-haiku-high/sphinx-doc__sphinx-8265,1,all_sent,pca1,200,0.031412079735860625,-0.19057415508382494
20260217_mini-v2.0.0_claude-4-5-haiku-high/sphinx-doc__sphinx-8265,1,all_sent,norm,200,6.747834404446273e-09,1.0
20260217_mini-v2.0.0_claude-4-5-haiku-high/sphinx-doc__sphinx-9258,1,all_sent,cos_step,200,6.717884611379098e-12,
20260217_mini-v2.0.0_claude-4-5-haiku-high/sphinx-doc__sphinx-9258,1,all_sent,cos_task,200,0.08935505356702451,-0.04731242724025717
20260217_mini-v2.0.0_claude-4-5-haiku-high/sphinx-doc__sphinx-9258,1,all_sent,pca1,200,0.00010335084893958328,-0.29930021158907455
20260217_mini-v2.0.0_claude-4-5-haiku-high/sphinx-doc__sphinx-9258,1,all_sent,norm,200,2.3208349906604188e-09,0.9999999999999999
20260217_mini-v2.0.0_claude-4-5-haiku-high/sympy__sympy-12481,0,all_sent,cos_step,200,5.29940434241805e-07,
20260217_mini-v2.0.0_claude-4-5-haiku-high/sympy__sympy-12481,0,all_sent,cos_task,200,7.609943779322019e-06,0.31920337538537497
20260217_mini-v2.0.0_claude-4-5-haiku-high/sympy__sympy-12481,0,all_sent,pca1,200,0.002417576700857484,-0.11202371874712422
20260217_mini-v2.0.0_claude-4-5-haiku-high/sympy__sympy-12481,0,all_sent,norm,200,1.6196482333774375e-06,0.9999999999999999
20260217_mini-v2.0.0_claude-4-5-haiku-high/sympy__sympy-13798,1,all_sent,cos_step,200,4.925253713726985e-11,
20260217_mini-v2.0.0_claude-4-5-haiku-high/sympy__sympy-13798,1,all_sent,cos_task,200,1.8566618936401065e-12,0.3971000169831453
20260217_mini-v2.0.0_claude-4-5-haiku-high/sympy__sympy-13798,1,all_sent,pca1,200,1.3289898564996906e-05,-0.07599131101574894
20260217_mini-v2.0.0_claude-4-5-haiku-high/sympy__sympy-13798,1,all_sent,norm,200,1.662613440549367e-13,1.0
20260217_mini-v2.0.0_claude-4-5-haiku-high/sympy__sympy-16766,0,all_sent,cos_step,200,9.426131034574925e-14,
20260217_mini-v2.0.0_claude-4-5-haiku-high/sympy__sympy-16766,0,all_sent,cos_task,200,0.08640375700305297,0.3056055222772931
20260217_mini-v2.0.0_claude-4-5-haiku-high/sympy__sympy-16766,0,all_sent,pca1,200,0.45701407991128684,-0.2446267230059297
20260217_mini-v2.0.0_claude-4-5-haiku-high/sympy__sympy-16766,0,all_sent,norm,200,1.0523489569777937e-14,0.9999961930417178
20260217_mini-v2.0.0_claude-4-5-haiku-high/sympy__sympy-18211,0,all_sent,cos_step,200,7.697381108292425e-12,
20260217_mini-v2.0.0_claude-4-5-haiku-high/sympy__sympy-18211,0,all_sent,cos_task,200,5.020129337086011e-07,0.446410522414124
20260217_mini-v2.0.0_claude-4-5-haiku-high/sympy__sympy-18211,0,all_sent,pca1,200,0.00523095110330848,-0.2721603487199151
20260217_mini-v2.0.0_claude-4-5-haiku-high/sympy__sympy-18211,0,all_sent,norm,200,5.626845451277628e-12,0.9999999999999999
20251124_mini-v1.17.0_minimax-m2/django__django-11964,1,step,cos_step,200,2.182602518716243e-05,
20251124_mini-v1.17.0_minimax-m2/django__django-11964,1,step,cos_task,200,1.975280988985566e-05,-0.22512351539789943
20251124_mini-v1.17.0_minimax-m2/django__django-11964,1,step,pca1,200,0.9671566284186384,-0.3272295776075089
20251124_mini-v1.17.0_minimax-m2/django__django-11964,1,step,norm,200,1.532879031100117e-05,1.0
20251209_mini-v1.17.2_devstral-small-2512/django__django-16032,1,step,cos_step,200,1.4645010474829423e-16,
20251209_mini-v1.17.2_devstral-small-2512/django__django-16032,1,step,cos_task,200,4.483257538123739e-20,-0.34621525232353006
20251209_mini-v1.17.2_devstral-small-2512/django__django-16032,1,step,pca1,200,0.0038866015479592756,0.07431604858078608
20251209_mini-v1.17.2_devstral-small-2512/django__django-16032,1,step,norm,200,2.028570288197281e-30,1.0
20251209_mini-v1.17.2_devstral-small-2512/pydata__xarray-7229,1,step,cos_step,200,4.1402973297777654e-29,
20251209_mini-v1.17.2_devstral-small-2512/pydata__xarray-7229,1,step,cos_task,200,0.0039002062720276897,0.13013874327544742
20251209_mini-v1.17.2_devstral-small-2512/pydata__xarray-7229,1,step,pca1,200,5.927658272649601e-10,0.551306039843518
20251209_mini-v1.17.2_devstral-small-2512/pydata__xarray-7229,1,step,norm,200,1.6184645659754302e-39,0.9860223878644712
20260217_mini-v2.0.0_glm-5-high/pydata__xarray-2905,0,step,cos_step,200,5.890454850240683e-16,
20260217_mini-v2.0.0_glm-5-high/pydata__xarray-2905,0,step,cos_task,200,0.07612297438167961,-0.03340956237952769
20260217_mini-v2.0.0_glm-5-high/pydata__xarray-2905,0,step,pca1,200,0.0037558888868959362,0.4473107850090491
20260217_mini-v2.0.0_glm-5-high/pydata__xarray-2905,0,step,norm,200,1.1448697589702198e-15,1.0
